{"type":"FeatureCollection", "features": [
{"type":"Feature","geometry":{"type":"Polygon","coordinates":[[[-71.03108872694085,42.37315416267021],[-71.0328183536807,42.37410548669749],[-71.035834355433,42.37603049044008],[-71.03878036507797,42.3749264936743],[-71.03909236610224,42.37492249409148],[-71.03913267880682,42.37574584590839],[-71.04066099451698,42.37566799153908],[-71.0406937354815,42.37556725493243],[-71.04242282789174,42.37595765252485],[-71.04252101359498,42.37570793146124],[-71.04292455985671,42.375435604566064],[-71.04212367530921,42.37512275641645],[-71.04209310225328,42.374908252672505],[-71.04356637473485,42.37553343389126],[-71.04368216480886,42.37506940062233],[-71.04268930699456,42.374648603455086],[-71.04288343386816,42.374458813971735],[-71.04157038298858,42.37389381302781],[-71.04194222825699,42.373561811738284],[-71.04363982384162,42.37425934692202],[-71.0437374864234,42.374081083056254],[-71.04260042911056,42.373612072185594],[-71.04276183796705,42.37344652354055],[-71.04210891364744,42.37306775264093],[-71.04245494108496,42.372613714471704],[-71.04420128053316,42.37338279508788],[-71.0443025991817,42.37324991524226],[-71.04270531104906,42.37258029865065],[-71.04278454305492,42.37247638639098],[-71.04381760467601,42.37290947216114],[-71.04389766999589,42.37280446590265],[-71.04445385630422,42.373037626943244],[-71.0446323035539,42.37280358710937],[-71.04390199992348,42.372497433377454],[-71.0442323624618,42.37230881203653],[-71.04485742075948,42.37257084447528],[-71.04500385676677,42.37237878474127],[-71.04389418656426,42.371862275782796],[-71.04400732194999,42.37171389414171],[-71.04512304170773,42.37215987035073],[-71.04535258599776,42.371858804236126],[-71.04439176257361,42.371456013276664],[-71.0444670469795,42.37107706399349],[-71.04558807406549,42.37131374690053],[-71.04562857301144,42.37104235644918],[-71.0451177154236,42.371054628820374],[-71.04451149415907,42.370927173618625],[-71.04492444469203,42.37048649669214],[-71.04511532847943,42.37018652215013],[-71.04484776034394,42.36998299198336],[-71.0442860715586,42.37047503588563],[-71.04392907860529,42.3704081407301],[-71.04401751749549,42.37012692967864],[-71.04469042767069,42.36930206117487],[-71.04435229015553,42.36908717678621],[-71.04392293769632,42.36960356406108],[-71.04363094023066,42.36944757381766],[-71.04404818465115,42.36893995343052],[-71.04389455004628,42.36886311933934],[-71.04414097584788,42.368544906170186],[-71.04401422838637,42.36830334303591],[-71.04291293726222,42.36956620517542],[-71.04271661738017,42.369478450384506],[-71.04361960455451,42.36836763632357],[-71.04340946126038,42.368273702245],[-71.04268148525267,42.36916922515812],[-71.04249824527409,42.36908731626169],[-71.04361908318744,42.36770850532533],[-71.0435252621617,42.36766656743971],[-71.04235672779436,42.36910404947842],[-71.04218985598162,42.36902945616045],[-71.04340341260111,42.36748150448036],[-71.04333972064975,42.36740502672644],[-71.04249712849241,42.368430710061716],[-71.0422921708366,42.36834414183209],[-71.0434111064908,42.36700614248808],[-71.04308042363574,42.36653795304287],[-71.04261499215418,42.366936282282886],[-71.04235533650005,42.36730684461225],[-71.04220108708587,42.367315758353925],[-71.04166932981325,42.36799966251093],[-71.04125787183857,42.36826969220042],[-71.04105107873207,42.36820681364762],[-71.0427758544718,42.36601269711073],[-71.04266104843715,42.36589790370614],[-71.04210882901177,42.365882783172744],[-71.04189154276816,42.36570427874535],[-71.04132687092732,42.366165596838805],[-71.04048227461071,42.36708827631925],[-71.0401352949469,42.36692257993795],[-71.04194924276581,42.364833640872604],[-71.0414907253306,42.3642791845472],[-71.04035021727174,42.36563714813306],[-71.03987374977395,42.36548785141401],[-71.03994559186968,42.365244720215266],[-71.04103872026296,42.36391810947346],[-71.04039139241674,42.363624762271826],[-71.0392396554977,42.36502248104683],[-71.0386458516466,42.364753381737025],[-71.03978326667537,42.363373059097576],[-71.03900399753108,42.36301990516773],[-71.03752404443233,42.364815876465585],[-71.03674751679002,42.36446395180819],[-71.03815516535772,42.362755752836094],[-71.03738655077512,42.362407409372295],[-71.03597674684687,42.364118199468656],[-71.03532898790601,42.36382461849511],[-71.03674380874584,42.36210776142438],[-71.03610476377868,42.36181812699108],[-71.03456806823355,42.36368284831067],[-71.0339360606029,42.36340080909093],[-71.0344420974067,42.36272636433144],[-71.03417173983179,42.36280149423959],[-71.03361973451688,42.36276486354378],[-71.03322994873389,42.363354659599864],[-71.03244403975398,42.3631285165102],[-71.03251230065273,42.36243599029841],[-71.0323530721111,42.36242735808917],[-71.03228709076022,42.36303335570329],[-71.0318596765336,42.36324503836238],[-71.0314423992649,42.36323594273833],[-71.03153062143298,42.36234105171912],[-71.03133370403872,42.362330374816125],[-71.03123321078375,42.36334970883046],[-71.03108302304935,42.363341565479416],[-71.03113394398194,42.36282508251415],[-71.03078373099856,42.36280609276155],[-71.0307233235609,42.3634187725918],[-71.03054644740718,42.36340918087728],[-71.03048755356805,42.363052416077004],[-71.03055808996164,42.36233701931105],[-71.03045860111185,42.362331623644984],[-71.03038843254744,42.36304327394531],[-71.0301596781498,42.363353627697606],[-71.03025863430923,42.36235005507355],[-71.03018192958854,42.36234589562179],[-71.03008762649708,42.363302271430015],[-71.0297519079828,42.36315879059218],[-71.02945134155753,42.363407673527554],[-71.02905917463272,42.363356364634484],[-71.0291321729695,42.362859853148066],[-71.02849052458015,42.362987954919205],[-71.02866057585476,42.363490187342244],[-71.0283425233172,42.36386130746796],[-71.027977582992,42.36394514846767],[-71.02850496019185,42.364174693426875],[-71.0277998841574,42.36506557205749],[-71.02715570497101,42.364785186776665],[-71.0270212565932,42.364955059799506],[-71.02812379054521,42.36543494614349],[-71.02783053571179,42.36580547148498],[-71.02843272798708,42.366067573129726],[-71.02817399604577,42.36655128677794],[-71.0283662841095,42.36663497801646],[-71.0288688821843,42.36599994503281],[-71.0295462167528,42.36629474293047],[-71.02915897702393,42.366784030550576],[-71.02951500104284,42.366938981087316],[-71.02926594437207,42.3672536666193],[-71.0296310170863,42.36741255387009],[-71.02996497216319,42.36699059301903],[-71.0301721413575,42.36708075661434],[-71.03019808065964,42.36753960827448],[-71.03075550277151,42.36774197482203],[-71.03077169983332,42.36815651293777],[-71.0310026566299,42.36820033149233],[-71.03181391498299,42.367960670802134],[-71.03262242060983,42.368092589768764],[-71.03319765108864,42.36849510533938],[-71.03331767391397,42.368771907710844],[-71.0331609575838,42.36911428201608],[-71.03263773067052,42.369498044230944],[-71.03251871017017,42.36995490852825],[-71.03234408728,42.37011141247708],[-71.03193839258171,42.37023839073288],[-71.03170426123523,42.37051375169121],[-71.03179793902255,42.37087739190856],[-71.03226195776584,42.37111748247699],[-71.03249966551992,42.37155316738331],[-71.03326945178189,42.371805215336984],[-71.03349317257606,42.37196095489525],[-71.03321960028542,42.372206016235396],[-71.03210138655011,42.37224434807499],[-71.03153168851746,42.37239209605836],[-71.03127201743894,42.37231957744908],[-71.0300364032593,42.372593230628524],[-71.02974610050452,42.372752115296194],[-71.0296964792582,42.3729448560699],[-71.0301594343591,42.3728967266293],[-71.03108872694085,42.37315416267021]]]},"properties":{"Ward_Num":2,"Shape_Leng":48517.4070712,"Shape_Area":14225420.9972}},
{"type":"Feature","geometry":{"type":"Polygon","coordinates":[[[-71.05060728650986,42.35934679164219],[-71.05063029644828,42.359693857253234],[-71.04861012435835,42.36006162313492],[-71.04853120792401,42.36001858186824],[-71.0476013948131,42.36012175450654],[-71.04758254555365,42.36074306553301],[-71.04843256683841,42.36058616451112],[-71.04964957327024,42.36027223334971],[-71.05055362364385,42.36014579697798],[-71.0505498686231,42.36033629280305],[-71.0491802594658,42.36063895234908],[-71.04867232050053,42.360832810555934],[-71.04766983836527,42.36102472282982],[-71.04773287426848,42.36127423697852],[-71.0504029175675,42.3607452262221],[-71.05042568048079,42.361258090995605],[-71.05011545860074,42.361331657450776],[-71.05055973515783,42.36165031885918],[-71.05059805547303,42.36200122086153],[-71.04945039316036,42.36167624476176],[-71.04938455689161,42.36148191563838],[-71.04788926714414,42.36176341364268],[-71.04795990136778,42.36195776249109],[-71.04867870712332,42.36182170935142],[-71.04875173104664,42.36201784785594],[-71.04796312426159,42.36217855338428],[-71.04800514119843,42.36234608255458],[-71.04917139863811,42.362151248986436],[-71.05076950568683,42.36260475852921],[-71.05079510221877,42.36305709766873],[-71.04897161509336,42.36256032980446],[-71.04810088113354,42.36279015257213],[-71.04815700826184,42.36299904423489],[-71.04910356692389,42.3629101752678],[-71.04913931250668,42.36328421404802],[-71.04820326768994,42.363244930521184],[-71.04828461076015,42.36362092949723],[-71.05056221885275,42.36373312193264],[-71.05052384056488,42.36391543726915],[-71.04937346867072,42.363864507369115],[-71.04899793333685,42.364010268362],[-71.04894074816139,42.36429229754234],[-71.04874408841923,42.364492824402646],[-71.04966749675219,42.36466429121936],[-71.04964967033877,42.36476878195552],[-71.05076858922081,42.36504599008238],[-71.05070679223742,42.365135552515554],[-71.04946491281468,42.36490022879229],[-71.04878489082611,42.364850800233874],[-71.04875305980069,42.36534496861011],[-71.04926644951686,42.365302822180915],[-71.04978221515192,42.36539765373585],[-71.04968001155322,42.36584195155578],[-71.05053566088634,42.36585775769961],[-71.05018389344444,42.36603863670416],[-71.04894795597941,42.36601580630243],[-71.04911195442921,42.36646185605759],[-71.05001751610415,42.366382832583845],[-71.05006980569328,42.36670771037496],[-71.05038778958249,42.366803214506845],[-71.04928783690997,42.36705014561045],[-71.04974180411388,42.36778593989754],[-71.05100151115356,42.36707122141598],[-71.05134852365379,42.36743999746138],[-71.05003581412616,42.36828711767602],[-71.05068111501723,42.36864271639778],[-71.05162233093307,42.367699719452574],[-71.05182316939586,42.36809658819767],[-71.05157122773969,42.3686444733903],[-71.05171858939822,42.368718227064086],[-71.05237173591983,42.368049175826705],[-71.05246870810643,42.368494509383765],[-71.05164062878607,42.36949412599263],[-71.05207736580329,42.369678507456584],[-71.05302511728222,42.36860074969942],[-71.05354254833401,42.36831574512062],[-71.05357819917121,42.3685835421036],[-71.05390203904683,42.368550616758846],[-71.05462102217255,42.36869549013465],[-71.05497222745602,42.36889663568968],[-71.05489185249633,42.369176574534976],[-71.05347361228084,42.369344990030925],[-71.05357937999713,42.369480202721455],[-71.05506583246077,42.36930255453423],[-71.05699936246319,42.36890648631128],[-71.05824718527174,42.368184317459956],[-71.0584062114517,42.368223947709815],[-71.0588190443872,42.367998213163354],[-71.05806428315499,42.367250845305364],[-71.058527252457,42.36691293851418],[-71.05837207579759,42.36527409297288],[-71.06100581516709,42.363646331278126],[-71.06054891835159,42.36322742506115],[-71.06148603766066,42.36195751824259],[-71.06231609991036,42.36133510945147],[-71.06298143128755,42.361313698960814],[-71.06287940601096,42.35936750095881],[-71.06290245150026,42.35884208739592],[-71.06266714388082,42.357921756611184],[-71.0616423470997,42.35826140991466],[-71.0604471297469,42.35800001874295],[-71.05834194407119,42.35742034434634],[-71.05876016863758,42.35696328542099],[-71.05808318496759,42.35674406881927],[-71.05730723382239,42.35675634789635],[-71.05733222269153,42.3575888440668],[-71.05631774052068,42.3575710896027],[-71.05525075948343,42.357804601361345],[-71.05503879857609,42.35797345000397],[-71.05421811153359,42.35835955017699],[-71.05356276735017,42.35886799607984],[-71.05060728650986,42.35934679164219]]]},"properties":{"Ward_Num":6,"Shape_Leng":32455.5217516,"Shape_Area":11440333.2745}},
{"type":"Feature","geometry":{"type":"Polygon","coordinates":[[[-71.06266714388082,42.357921756611184],[-71.06290245150026,42.35884208739592],[-71.06287940601096,42.35936750095881],[-71.06298143128755,42.361313698960814],[-71.06231609991036,42.36133510945147],[-71.06148603766066,42.36195751824259],[-71.06054891835159,42.36322742506115],[-71.06100581516709,42.363646331278126],[-71.05837207579759,42.36527409297288],[-71.058527252457,42.36691293851418],[-71.05806428315499,42.367250845305364],[-71.0588190443872,42.367998213163354],[-71.05942229562815,42.367697132517804],[-71.05900041420884,42.36723396873103],[-71.05899744398504,42.36696616733972],[-71.05960946966583,42.36755664737847],[-71.06003432321764,42.36732177426528],[-71.05941041333483,42.36674446176342],[-71.05967780400408,42.366762022547505],[-71.06027794588003,42.36731079897432],[-71.06083649456035,42.36704519318858],[-71.06190728433606,42.3669842582229],[-71.06199558263353,42.366800132668374],[-71.06242340605041,42.367042472664906],[-71.06283221578788,42.367379639969464],[-71.06448647110528,42.367189986008526],[-71.06453460119155,42.36697135408248],[-71.06652220227514,42.36733135253905],[-71.06760661769889,42.367781345662685],[-71.06790371813932,42.36760134974797],[-71.06772843000765,42.36717550276379],[-71.06783241552127,42.36698672416797],[-71.06825726942057,42.36685501903785],[-71.0682899484804,42.36726550214128],[-71.0688633534174,42.36695818942482],[-71.06865538343186,42.366855019642955],[-71.07000232034184,42.365736121311656],[-71.0720076080537,42.36147733090827],[-71.07214332338138,42.361272905007766],[-71.07156270468104,42.36123424957878],[-71.07149217261929,42.361329014954165],[-71.06964592359853,42.36115522333758],[-71.06801750356416,42.36109554914431],[-71.06514527874799,42.3611454360319],[-71.06504657188512,42.35938679660527],[-71.06510107596385,42.35714526030925],[-71.0633360158951,42.35765888536412],[-71.06266714388082,42.357921756611184]]]},"properties":{"Ward_Num":8,"Shape_Leng":16488.4971273,"Shape_Area":7191509.23899}},
{"type":"Feature","geometry":{"type":"Polygon","coordinates":[[[-71.06510107596385,42.35714526030925],[-71.06504657188512,42.35938679660527],[-71.06514527874799,42.3611454360319],[-71.06801750356416,42.36109554914431],[-71.06964592359853,42.36115522333758],[-71.07149217261929,42.361329014954165],[-71.07156270468104,42.36123424957878],[-71.07143509388409,42.36122575329028],[-71.07220801843769,42.35864966972233],[-71.07253602041467,42.35734998348866],[-71.0730065216958,42.35587771394825],[-71.0735861772299,42.355723684925586],[-71.09165457080339,42.350836002429936],[-71.09318154150449,42.35052156608027],[-71.09393154359067,42.3504235673449],[-71.0949125453747,42.350401568460136],[-71.09574654681768,42.35043356950028],[-71.09691354925783,42.35053857134842],[-71.09947255558811,42.350714574293924],[-71.10025555629183,42.35078457589046],[-71.102110560256,42.350887577876755],[-71.1039105648388,42.351027580185594],[-71.10455356611006,42.350963581344786],[-71.10633884606146,42.35115928859844],[-71.10659820094777,42.34991488333555],[-71.10719844317418,42.34703487830034],[-71.10566588907747,42.343964509259756],[-71.10513878768518,42.344276552725624],[-71.10466769527186,42.34410823544826],[-71.10379557122046,42.34364147534435],[-71.10323325843656,42.34320140345038],[-71.10235311705608,42.34227236433984],[-71.10078841978259,42.3408543572543],[-71.09963934520985,42.34029204322937],[-71.09932151638645,42.3402920429728],[-71.09897923904279,42.33980307454053],[-71.09888144615029,42.33950969447998],[-71.09846582293574,42.33933855604732],[-71.09817244153525,42.33938745095376],[-71.09792795800215,42.33909407022539],[-71.09758567972102,42.33904517296248],[-71.09731674632303,42.33928965696397],[-71.09692557157612,42.33994976281118],[-71.09670553421698,42.340047554876286],[-71.09675442999591,42.340316487056626],[-71.09592318444476,42.34038983124717],[-71.09567869963102,42.34058541785265],[-71.09393425768508,42.341126788456315],[-71.09365680600672,42.34132429524485],[-71.09285241267226,42.34189691065083],[-71.09276073005702,42.34264869781249],[-71.09323747308032,42.342868734719566],[-71.09391591736848,42.3427770533071],[-71.0942826415535,42.34378554972303],[-71.09404426914173,42.343932239710405],[-71.09351251598241,42.34395057456647],[-71.09290741715331,42.3438955651337],[-71.0923940010084,42.34373053794447],[-71.09193559216526,42.344042253348725],[-71.09162387220624,42.34490405856569],[-71.09184390744582,42.345839209342735],[-71.09200893250309,42.346224270908095],[-71.09072440580711,42.34653562629224],[-71.0903995437876,42.34657556287706],[-71.08941354073636,42.34685056176361],[-71.08772431856754,42.34726155266573],[-71.07947408954385,42.349495639418144],[-71.0790773746976,42.34869582616618],[-71.07535522970201,42.34968196710235],[-71.07266659666017,42.350431422537575],[-71.07280257779621,42.350709964951285],[-71.07034546964098,42.35139862667922],[-71.06776924375731,42.351861032922706],[-71.06766242041452,42.35194600674218],[-71.06743667768886,42.35254081634608],[-71.06940894022257,42.356174884713305],[-71.06829518517901,42.35644284301541],[-71.0656063045046,42.35701937241344],[-71.06510107596385,42.35714526030925]]]},"properties":{"Ward_Num":11,"Shape_Leng":35062.024616,"Shape_Area":27757155.6466}},
{"type":"Feature","geometry":{"type":"Polygon","coordinates":[[[-71.0354460675962,42.34722891754487],[-71.0389202794786,42.34864848235934],[-71.03861991009853,42.34891338953378],[-71.04088599717663,42.34983273130512],[-71.0386903138209,42.35270849173486],[-71.04000397637436,42.35325627668258],[-71.04220401849109,42.3503748326948],[-71.04276450523908,42.350605359761424],[-71.04255351385747,42.35089830664684],[-71.04304194609935,42.351096135911256],[-71.04103591867195,42.35365007040712],[-71.0414141696952,42.35380298930887],[-71.04231107596185,42.352671791762546],[-71.04246319088685,42.352727999363246],[-71.04339488454603,42.351558791682336],[-71.04397484008318,42.351821651147254],[-71.04430759115478,42.35246101616977],[-71.04494457283546,42.35274908069808],[-71.04362663130964,42.35470042455194],[-71.04415428136585,42.35487255438639],[-71.04549599124171,42.353054708413964],[-71.04603790083503,42.35330764049904],[-71.04473897505248,42.35504117148369],[-71.04558511654652,42.35515358326498],[-71.04639612310832,42.355106933353774],[-71.04747229813563,42.35480581449041],[-71.04837940082051,42.35430859692911],[-71.05266442913803,42.34867556219207],[-71.05231813771807,42.34820705025018],[-71.05138111349808,42.347575575877805],[-71.05152370336246,42.347351503753885],[-71.05309220415079,42.34820705088409],[-71.05380601066632,42.34729421695021],[-71.05367997029934,42.34721400847121],[-71.05436824930062,42.346531392908226],[-71.0548773666363,42.34525860885007],[-71.0547430163714,42.345227085085426],[-71.0550143176086,42.34459545179595],[-71.05551448209475,42.34397819577078],[-71.0560206928025,42.34409697342743],[-71.05572627028482,42.34478244012016],[-71.05589129481213,42.34482116117134],[-71.0558551444539,42.34520835380996],[-71.0556174621684,42.345761708815644],[-71.0569841248167,42.34550699229434],[-71.05769716527168,42.345322541249615],[-71.05921832051632,42.34476040050405],[-71.05964614672057,42.344198254204294],[-71.05978875496922,42.34423338794151],[-71.06006208773857,42.343820558809306],[-71.06013101698878,42.34309678232034],[-71.06014528196832,42.34090432096754],[-71.06014009493326,42.338424384041424],[-71.06010808658137,42.33759735992427],[-71.05961638378537,42.337654120237524],[-71.05934679295257,42.33740581196197],[-71.06012881677282,42.33652926211182],[-71.05994835073074,42.33629723418353],[-71.05944991712896,42.3368042576529],[-71.05835972076976,42.33779363867854],[-71.05777486883571,42.33775785736663],[-71.05710033626242,42.33776278634915],[-71.05702138551992,42.333616873216535],[-71.05526720449014,42.335087709839186],[-71.05439444248239,42.333668512601804],[-71.05311479472049,42.33454216827797],[-71.04928540669688,42.33780925336831],[-71.04775723200692,42.33682324897853],[-71.04435227783087,42.33970154679407],[-71.04473836161802,42.33958977913463],[-71.0450073234209,42.33975692884248],[-71.04476426255376,42.33997061560127],[-71.04497171519668,42.340099540081695],[-71.04519292652962,42.33990506155349],[-71.04549395204377,42.340246056085704],[-71.04523758047226,42.340471443634684],[-71.04558765036656,42.340688995326445],[-71.04376357564954,42.34221969940755],[-71.04378620101367,42.34236548839273],[-71.04270237778708,42.343286027835084],[-71.04167559854207,42.34353197059957],[-71.03979346522041,42.343555212329214],[-71.0354460675962,42.34722891754487]]]},"properties":{"Ward_Num":13,"Shape_Leng":34999.1714917,"Shape_Area":25187529.7372}},
{"type":"Feature","geometry":{"type":"Polygon","coordinates":[[[-71.05979957085975,42.34521237850246],[-71.05876238556756,42.34573898129123],[-71.05859838606317,42.345902351705675],[-71.05763176382621,42.346570785422976],[-71.05656702931748,42.34660830606404],[-71.05589000786293,42.346782609744196],[-71.05547703728506,42.347037322341436],[-71.05503732796423,42.34767410070265],[-71.05212272452441,42.35237412405308],[-71.0527179229123,42.3529188872214],[-71.05260502458485,42.35300451490675],[-71.05324973107378,42.353709295778984],[-71.05301799263181,42.35382126994926],[-71.05237031495625,42.35316040146532],[-71.05197814319382,42.35310111999451],[-71.05131560835001,42.353535843823906],[-71.05097215949455,42.35404187673525],[-71.05089800253513,42.3543664663688],[-71.05022298819472,42.35518285069807],[-71.04990924968882,42.35568869495781],[-71.04911670086446,42.35727549146181],[-71.05045662427166,42.35703618989772],[-71.05056001366523,42.357316767474735],[-71.04886772996875,42.35771018731631],[-71.04840662762874,42.358697242432726],[-71.05055913455324,42.35820208424432],[-71.05042941619034,42.358571375203304],[-71.04816102617276,42.35900938067574],[-71.04777915297592,42.35970404364714],[-71.05004942564875,42.35934261286739],[-71.05060728650986,42.35934679164219],[-71.05356276735017,42.35886799607984],[-71.05421811153359,42.35835955017699],[-71.05503879857609,42.35797345000397],[-71.05525075948343,42.357804601361345],[-71.05631774052068,42.3575710896027],[-71.05733222269153,42.3575888440668],[-71.05730723382239,42.35675634789635],[-71.05808318496759,42.35674406881927],[-71.05876016863758,42.35696328542099],[-71.05834194407119,42.35742034434634],[-71.0604471297469,42.35800001874295],[-71.0616423470997,42.35826140991466],[-71.06266714388082,42.357921756611184],[-71.0633360158951,42.35765888536412],[-71.06510107596385,42.35714526030925],[-71.0656063045046,42.35701937241344],[-71.06829518517901,42.35644284301541],[-71.06940894022257,42.356174884713305],[-71.06743667768886,42.35254081634608],[-71.06766242041452,42.35194600674218],[-71.06752260031224,42.35033519236971],[-71.06728341845019,42.349948280464126],[-71.06700906304948,42.34968095994215],[-71.06648145733605,42.34938549959642],[-71.06613529647875,42.34907484243568],[-71.06825427336453,42.347829804322956],[-71.06862808157713,42.347450921661554],[-71.06327119651775,42.34628137522403],[-71.06321644804898,42.34640662028169],[-71.06039587308304,42.345739015632645],[-71.05979957085975,42.34521237850246]]]},"properties":{"Ward_Num":7,"Shape_Leng":23923.0882891,"Shape_Area":17728444.5084}},
{"type":"Feature","geometry":{"type":"Polygon","coordinates":[[[-71.05979957085975,42.34521237850246],[-71.06039587308304,42.345739015632645],[-71.06321644804898,42.34640662028169],[-71.06327119651775,42.34628137522403],[-71.06862808157713,42.347450921661554],[-71.06975227649366,42.34538099120232],[-71.06991822193918,42.34514777026176],[-71.07056107520178,42.34452659790788],[-71.0737539118848,42.342821567000705],[-71.07384292556407,42.34277403210997],[-71.07206380285803,42.341299924221374],[-71.07273692994492,42.34085638546161],[-71.07191745881876,42.34018262747489],[-71.06784825069681,42.33674709287075],[-71.06745410077541,42.33656275398491],[-71.06694986080997,42.336912175132454],[-71.06726553062848,42.33715089782622],[-71.0670475044465,42.33730198333232],[-71.06674472958001,42.33705432372304],[-71.06634760316327,42.33732952058013],[-71.06667531431462,42.3375598977656],[-71.06646240625003,42.33770743629187],[-71.06616497701417,42.3374560735248],[-71.06575524177717,42.3377400067055],[-71.06606688028299,42.337981522733706],[-71.0658573041255,42.33812675175875],[-71.06557398127906,42.337865614058906],[-71.06520495070373,42.338121339862056],[-71.06550409359758,42.33837151596718],[-71.06529811423289,42.338514252049876],[-71.06499152395281,42.3382692374236],[-71.06425899701824,42.33877685451976],[-71.06477376250936,42.33908707383965],[-71.06425561920035,42.33930140976731],[-71.06383254860643,42.339174915270604],[-71.06335243333683,42.33946303910686],[-71.06324310070661,42.33963169619548],[-71.06415579195946,42.33993387398771],[-71.06361863341832,42.3402957813267],[-71.06294837565113,42.34008496049542],[-71.06202812057298,42.34201296661422],[-71.06129368547718,42.3436493849454],[-71.06099420650493,42.34415532178706],[-71.06066620727344,42.34457166236028],[-71.06099777089942,42.344764021836234],[-71.06086585795691,42.344898409755956],[-71.0605378595362,42.34470868519142],[-71.05979957085975,42.34521237850246]]]},"properties":{"Ward_Num":9,"Shape_Leng":15288.4729818,"Shape_Area":8079506.98274}},
{"type":"Feature","geometry":{"type":"Polygon","coordinates":[[[-71.08497534959432,42.34042809715747],[-71.08248394005888,42.342043220326445],[-71.07994862845328,42.34416420667585],[-71.07846423541037,42.34321971593926],[-71.07448576224408,42.344303280434694],[-71.0737539118848,42.342821567000705],[-71.07056107520178,42.34452659790788],[-71.06991822193918,42.34514777026176],[-71.06975227649366,42.34538099120232],[-71.06862808157713,42.347450921661554],[-71.06825427336453,42.347829804322956],[-71.06613529647875,42.34907484243568],[-71.06648145733605,42.34938549959642],[-71.06700906304948,42.34968095994215],[-71.06728341845019,42.349948280464126],[-71.06752260031224,42.35033519236971],[-71.06766242041452,42.35194600674218],[-71.06776924375731,42.351861032922706],[-71.07034546964098,42.35139862667922],[-71.07280257779621,42.350709964951285],[-71.07266659666017,42.350431422537575],[-71.07535522970201,42.34968196710235],[-71.0790773746976,42.34869582616618],[-71.07947408954385,42.349495639418144],[-71.08772431856754,42.34726155266573],[-71.08941354073636,42.34685056176361],[-71.0903995437876,42.34657556287706],[-71.09072440580711,42.34653562629224],[-71.09200893250309,42.346224270908095],[-71.09184390744582,42.345839209342735],[-71.09162387220624,42.34490405856569],[-71.09193559216526,42.344042253348725],[-71.0923940010084,42.34373053794447],[-71.09290741715331,42.3438955651337],[-71.09351251598241,42.34395057456647],[-71.09404426914173,42.343932239710405],[-71.0942826415535,42.34378554972303],[-71.09391591736848,42.3427770533071],[-71.09323747308032,42.342868734719566],[-71.09276073005702,42.34264869781249],[-71.09285241267226,42.34189691065083],[-71.09365680600672,42.34132429524485],[-71.09320556234184,42.34094256772237],[-71.09321356327995,42.340611567600966],[-71.09246156476446,42.339586566582526],[-71.092266565083,42.33910656639967],[-71.09066056031986,42.33976556419781],[-71.08991456229253,42.33815456331275],[-71.09051856835048,42.33566456434181],[-71.09035316903548,42.3355850587635],[-71.08899340846004,42.33684021371911],[-71.08515798432303,42.34031187602448],[-71.08497534959432,42.34042809715747]]]},"properties":{"Ward_Num":10,"Shape_Leng":24018.6379808,"Shape_Area":17056142.3856}},
{"type":"Feature","geometry":{"type":"Polygon","coordinates":[[[-71.0737539118848,42.342821567000705],[-71.07448576224408,42.344303280434694],[-71.07846423541037,42.34321971593926],[-71.07994862845328,42.34416420667585],[-71.08248394005888,42.342043220326445],[-71.08497534959432,42.34042809715747],[-71.08457267528524,42.340227453486584],[-71.08427454471047,42.33992755568669],[-71.08196954300264,42.33841555323506],[-71.07926381067946,42.33651643878827],[-71.07968589959644,42.33622733244456],[-71.07843619674378,42.33534169406733],[-71.07881313517002,42.335036288364314],[-71.07819694573922,42.33459604066118],[-71.07608792683878,42.33281421046311],[-71.0750084117012,42.33349385925362],[-71.07451104256185,42.33282542351996],[-71.07346338356196,42.33356685049486],[-71.07273457434641,42.33317044061667],[-71.07216853773316,42.33314625046207],[-71.07190499929725,42.333295205920535],[-71.07072480147211,42.33413165167525],[-71.06992035045067,42.334500789703505],[-71.07042868301714,42.334328960208765],[-71.07059405030675,42.33438687298405],[-71.06835795535324,42.33593641256846],[-71.06865817690084,42.33618584188527],[-71.06841843211255,42.33635197612584],[-71.0681161453565,42.3361039780011],[-71.06764110245196,42.33643316705226],[-71.06784825069681,42.33674709287075],[-71.07191745881876,42.34018262747489],[-71.07273692994492,42.34085638546161],[-71.07206380285803,42.341299924221374],[-71.07384292556407,42.34277403210997],[-71.0737539118848,42.342821567000705]]]},"properties":{"Ward_Num":12,"Shape_Leng":15197.0836428,"Shape_Area":10551666.4364}},
{"type":"Feature","geometry":{"type":"Polygon","coordinates":[[[-71.07881313517002,42.335036288364314],[-71.07843619674378,42.33534169406733],[-71.07968589959644,42.33622733244456],[-71.07926381067946,42.33651643878827],[-71.08196954300264,42.33841555323506],[-71.08427454471047,42.33992755568669],[-71.08457267528524,42.340227453486584],[-71.08497534959432,42.34042809715747],[-71.08515798432303,42.34031187602448],[-71.08899340846004,42.33684021371911],[-71.09035316903548,42.3355850587635],[-71.09164575454986,42.334412553329265],[-71.09301957906938,42.333462568373534],[-71.09240857935502,42.33295556767012],[-71.09297558033346,42.3326575679626],[-71.09145358040881,42.33124256677521],[-71.09034470707073,42.33115007062537],[-71.08966769564901,42.33101883652087],[-71.08959657832543,42.33031856407486],[-71.09034058000526,42.33024656465465],[-71.0914415834885,42.3300365664469],[-71.09123958353173,42.32993856585412],[-71.09022158180365,42.329604565314824],[-71.08974158105656,42.32908456468111],[-71.08827758059881,42.32812556239236],[-71.08767457991185,42.327911561693654],[-71.08699657891883,42.32778156127939],[-71.08685357703231,42.32803456038184],[-71.08637357606617,42.328371559630504],[-71.08510057209544,42.32889855839104],[-71.08440357069725,42.3287625573847],[-71.08344856837316,42.32864955599866],[-71.08335856657263,42.32941155539133],[-71.08306456352695,42.33065655556723],[-71.08298656195261,42.330830555174764],[-71.0817385566338,42.33194155379962],[-71.08101455343467,42.332811551953874],[-71.0809884925164,42.333046014226575],[-71.08042143096023,42.333733204222334],[-71.07881313517002,42.335036288364314]]]},"properties":{"Ward_Num":18,"Shape_Leng":13938.5360117,"Shape_Area":9740355.82025}},
{"type":"Feature","geometry":{"type":"Polygon","coordinates":[[[-71.06621370193723,42.326315637918306],[-71.06629733194278,42.32636419868967],[-71.06557727439913,42.32747453123011],[-71.06585221221128,42.32761766769224],[-71.06666001677603,42.32746298412665],[-71.06709829197891,42.327866884828936],[-71.06693108061144,42.32818450492264],[-71.06649280320636,42.328330596291366],[-71.06631233567582,42.32876027841734],[-71.06626077151496,42.32940480010095],[-71.06612327368975,42.32960245414489],[-71.06525531252093,42.33014385173807],[-71.0650490642822,42.33059072170683],[-71.06508343800749,42.331020402664585],[-71.06483422188886,42.331020401795904],[-71.0646451586091,42.331853985962816],[-71.06419828845304,42.33190554732319],[-71.06432719265779,42.332214917562716],[-71.06428422360474,42.33268756727019],[-71.06517903156487,42.33275666184418],[-71.06566027603985,42.332733747039136],[-71.06616443750623,42.33257333272204],[-71.06643943447439,42.33257333252106],[-71.06711546881137,42.33277958186525],[-71.06773421121278,42.333203534437345],[-71.06826128837484,42.33312332790081],[-71.06867378418495,42.33335249215299],[-71.06839878628139,42.333570198029285],[-71.06819253583099,42.334750390364064],[-71.06773420689744,42.33488788889013],[-71.06752795739126,42.335392048584424],[-71.06823836607911,42.33564412927518],[-71.0688456518699,42.335311841772004],[-71.06884565296798,42.33483059829543],[-71.06943002182356,42.33488789084024],[-71.06992035045067,42.334500789703505],[-71.07072480147211,42.33413165167525],[-71.07190499929725,42.333295205920535],[-71.07216853773316,42.33314625046207],[-71.07273457434641,42.33317044061667],[-71.07346338356196,42.33356685049486],[-71.07451104256185,42.33282542351996],[-71.0750084117012,42.33349385925362],[-71.07608792683878,42.33281421046311],[-71.07819694573922,42.33459604066118],[-71.07881313517002,42.335036288364314],[-71.08042143096023,42.333733204222334],[-71.0809884925164,42.333046014226575],[-71.08101455343467,42.332811551953874],[-71.0817385566338,42.33194155379962],[-71.08298656195261,42.330830555174764],[-71.08306456352695,42.33065655556723],[-71.08335856657263,42.32941155539133],[-71.08344856837316,42.32864955599866],[-71.08311056856702,42.32811955538126],[-71.0830665699639,42.32744855603923],[-71.08330857448044,42.3259585563297],[-71.08187357158467,42.32564755436153],[-71.08120557100595,42.32529355338362],[-71.07960056950198,42.324160551366376],[-71.0788085693028,42.3237975503705],[-71.07666456592356,42.322888547204364],[-71.07714656810272,42.32219554793181],[-71.07765457278515,42.320838549024174],[-71.0777465742941,42.320430549416116],[-71.07725357331164,42.32043854882941],[-71.07552256818697,42.32057254633679],[-71.07427556590856,42.32072254411874],[-71.07371256372988,42.32083954341251],[-71.07220455982787,42.3213585415761],[-71.0701105543381,42.32156353894942],[-71.06969955333338,42.3215575385625],[-71.06894355239143,42.32139853740335],[-71.06817228618931,42.32129216828046],[-71.06774863342982,42.322559748503856],[-71.06739254304229,42.324095534831464],[-71.06689080849117,42.3253238209226],[-71.06621370193723,42.326315637918306]]]},"properties":{"Ward_Num":17,"Shape_Leng":21594.2803688,"Shape_Area":18476282.0251}},
{"type":"Feature","geometry":{"type":"Polygon","coordinates":[[[-71.04775723200692,42.33682324897853],[-71.04928540669688,42.33780925336831],[-71.05311479472049,42.33454216827797],[-71.05439444248239,42.333668512601804],[-71.05526720449014,42.335087709839186],[-71.05702138551992,42.333616873216535],[-71.05710033626242,42.33776278634915],[-71.05777486883571,42.33775785736663],[-71.05762873202906,42.33767998575332],[-71.05761087560005,42.33686441108238],[-71.05812649385655,42.33689019220793],[-71.05849602074571,42.33683003672427],[-71.05880539452814,42.336365981232824],[-71.05920070297049,42.336245671127536],[-71.05939835726227,42.33591911334214],[-71.05998272584198,42.335790208973044],[-71.06014600638669,42.335283185580636],[-71.06003429034527,42.33503396950397],[-71.05914914375597,42.33474178524006],[-71.05785818901666,42.3346529740713],[-71.05797181322129,42.334234758529846],[-71.05787728472347,42.334054291706565],[-71.0579030662331,42.33365039050901],[-71.05812650204201,42.33331523885766],[-71.05811168488988,42.332304213799524],[-71.05768629940955,42.33209152095116],[-71.05760531843565,42.33155118836329],[-71.05773979289985,42.33099495665026],[-71.05840150514946,42.33097777051449],[-71.05892571683071,42.330874648113216],[-71.05899446815867,42.33065980695987],[-71.05934564678542,42.33024553967942],[-71.05906431419622,42.32992134514429],[-71.05824150974954,42.32973352253547],[-71.05701486659167,42.32954420365052],[-71.05694586818926,42.32965128807595],[-71.05414001894746,42.33094878503603],[-71.05383819695058,42.33111478510444],[-71.0523653705727,42.33206968694519],[-71.04997093576081,42.3305810859524],[-71.04906045443445,42.33009811057022],[-71.04828848669533,42.33009550900626],[-71.04809864289062,42.3298291147365],[-71.04732361472632,42.329826008483955],[-71.03884447061789,42.33003562914888],[-71.0384497710403,42.32973960319207],[-71.03789061093525,42.329443577227934],[-71.03766036946463,42.329180443972476],[-71.03762747745063,42.32888441804001],[-71.03726567024228,42.32858839329424],[-71.03726129847571,42.32970906426796],[-71.03735834664869,42.33307057560814],[-71.04147804349685,42.332995625532405],[-71.04155955547003,42.335525049596306],[-71.04563959983957,42.33545691565805],[-71.04775723200692,42.33682324897853]]]},"properties":{"Ward_Num":15,"Shape_Leng":22411.5048559,"Shape_Area":10456040.3974}},
{"type":"Feature","geometry":{"type":"Polygon","coordinates":[[[-71.08344856837316,42.32864955599866],[-71.08440357069725,42.3287625573847],[-71.08510057209544,42.32889855839104],[-71.08637357606617,42.328371559630504],[-71.08685357703231,42.32803456038184],[-71.08699657891883,42.32778156127939],[-71.08767457991185,42.327911561693654],[-71.08827758059881,42.32812556239236],[-71.08974158105656,42.32908456468111],[-71.09022158180365,42.329604565314824],[-71.09123958353173,42.32993856585412],[-71.09181358682997,42.32896356710067],[-71.09227658948019,42.328265567634524],[-71.09304859470315,42.32654756908454],[-71.09320059638453,42.32577656978339],[-71.09325559838169,42.325112569935236],[-71.0932616008677,42.32386156956618],[-71.09248459910305,42.323927568330056],[-71.09206359975252,42.323250568196315],[-71.0915065996111,42.32302156708142],[-71.09262960346523,42.322198569552285],[-71.09194160250014,42.32169156808933],[-71.09359060987386,42.32045557069045],[-71.09404061161172,42.3200705708548],[-71.09504161592562,42.31909357287649],[-71.09708662526437,42.31702757567557],[-71.09442062204623,42.31568457248685],[-71.09355962098888,42.315514571319376],[-71.09382162274132,42.31454057159511],[-71.09408862442413,42.31414157176557],[-71.0950386280562,42.31338157326011],[-71.09463362820846,42.31311557266492],[-71.09384462748848,42.31273757153455],[-71.09356062737207,42.31238657188909],[-71.09319362952385,42.31109257127833],[-71.09287163020876,42.31062157042098],[-71.09246462963627,42.31024057056983],[-71.08960362845481,42.30805356682345],[-71.0886316273518,42.307363565380015],[-71.08741462579613,42.30674556399894],[-71.08576662531581,42.305763561715416],[-71.08474162373987,42.30527656020307],[-71.0846536214804,42.30593055979859],[-71.08440361970958,42.306796559977904],[-71.08418961827401,42.30719055947647],[-71.08325461304811,42.30846855764969],[-71.08280461050836,42.30933055745736],[-71.08201260636088,42.31025555588292],[-71.08074360002605,42.31189055421355],[-71.07968359439563,42.31321855235964],[-71.07882358940564,42.31460755158619],[-71.07827458562559,42.315678550414454],[-71.07815158431787,42.31622454986551],[-71.07801458160193,42.317197550261305],[-71.07776157758806,42.31860554924668],[-71.0777465742941,42.320430549416116],[-71.07765457278515,42.320838549024174],[-71.07714656810272,42.32219554793181],[-71.07666456592356,42.322888547204364],[-71.0788085693028,42.3237975503705],[-71.07960056950198,42.324160551366376],[-71.08120557100595,42.32529355338362],[-71.08187357158467,42.32564755436153],[-71.08330857448044,42.3259585563297],[-71.0830665699639,42.32744855603923],[-71.08311056856702,42.32811955538126],[-71.08344856837316,42.32864955599866]]]},"properties":{"Ward_Num":21,"Shape_Leng":24677.5642158,"Shape_Area":28406846.8261}},
{"type":"Feature","geometry":{"type":"Polygon","coordinates":[[[-71.0932616008677,42.32386156956618],[-71.09328060237776,42.323559569682274],[-71.09362560293624,42.323189570646754],[-71.09454960581435,42.323083571532344],[-71.09539860717526,42.32324957277872],[-71.09585460637133,42.32404957309386],[-71.09627860679166,42.32446857381736],[-71.09668060585344,42.32502557395076],[-71.09670560569782,42.32546757422014],[-71.09660560490913,42.325777573762004],[-71.09671960422463,42.32623257423484],[-71.10011361113374,42.326417578263104],[-71.10118661289818,42.326425580344065],[-71.10129709915965,42.32558340591832],[-71.10432462331039,42.32499158428317],[-71.10733762939729,42.325521588590945],[-71.10764262986655,42.32540758908018],[-71.1084526319989,42.325642590348316],[-71.11479421711581,42.326926193753536],[-71.11495714692973,42.32679594607266],[-71.11555320743696,42.32674552866443],[-71.11597724566386,42.325731081159766],[-71.11572222715482,42.325403131014454],[-71.11587527676049,42.32510618382275],[-71.1162569944453,42.324908786037085],[-71.1164208155383,42.324054817923866],[-71.11668922305509,42.32375907751966],[-71.11842641148286,42.32340401029932],[-71.11868424346704,42.322837111864736],[-71.11940046027024,42.322722862524905],[-71.11999126849686,42.32280044466636],[-71.11958666316086,42.32268460538566],[-71.11951566431613,42.32205460531404],[-71.11961866602239,42.32145460565324],[-71.11782466289742,42.32113360291093],[-71.1165706601837,42.32102060157327],[-71.11667566108143,42.32062460162936],[-71.1171076641542,42.31997760203136],[-71.11715366455489,42.319534602190245],[-71.11655066527712,42.318769601813294],[-71.11646066502422,42.31843460220044],[-71.11675366779903,42.31747760265014],[-71.11673167004547,42.31668760271085],[-71.11679467163134,42.316094602627935],[-71.11700367273838,42.31557860272409],[-71.1156736710659,42.315130601341515],[-71.11634067443431,42.31423360253899],[-71.11629367526487,42.31406660177925],[-71.114100671959,42.313228599268385],[-71.11418167456243,42.31230659948156],[-71.11457267824723,42.31098160031866],[-71.11485367972895,42.31039360100229],[-71.11547268316441,42.30967460171589],[-71.11561599361204,42.309303166839584],[-71.11564868558588,42.30845760187514],[-71.11550668789111,42.30765460249759],[-71.11186467873928,42.30796159745092],[-71.11118767770307,42.30797759650216],[-71.11005267547536,42.30782259444368],[-71.10932767423083,42.30751659374692],[-71.10734566287981,42.31062159077489],[-71.10489065995456,42.30955758756201],[-71.10437465880315,42.309380586627114],[-71.10245065490541,42.30887758373628],[-71.10143265349838,42.30858358301293],[-71.1004316521465,42.30835258119525],[-71.10034665097487,42.30870558133514],[-71.0989046464565,42.30924357899436],[-71.09832064437735,42.309500578364684],[-71.09807064360027,42.3097215778138],[-71.09792664307318,42.310035577632625],[-71.09783363934616,42.31125957777119],[-71.09774663937338,42.311544577469164],[-71.09748863717775,42.31185657666025],[-71.0970886364289,42.31215057642499],[-71.09639163380027,42.312391575518305],[-71.0950386280562,42.31338157326011],[-71.09408862442413,42.31414157176557],[-71.09382162274132,42.31454057159511],[-71.09355962098888,42.315514571319376],[-71.09442062204623,42.31568457248685],[-71.09708662526437,42.31702757567557],[-71.09504161592562,42.31909357287649],[-71.09404061161172,42.3200705708548],[-71.09359060987386,42.32045557069045],[-71.09194160250014,42.32169156808933],[-71.09262960346523,42.322198569552285],[-71.0915065996111,42.32302156708142],[-71.09206359975252,42.323250568196315],[-71.09248459910305,42.323927568330056],[-71.0932616008677,42.32386156956618]]]},"properties":{"Ward_Num":22,"Shape_Leng":30143.2121235,"Shape_Area":35621669.7813}},
{"type":"Feature","geometry":{"type":"Polygon","coordinates":[[[-71.05123296350985,42.32240018299695],[-71.05136051381166,42.32078351330066],[-71.05250397742319,42.31960432414335],[-71.05275373472412,42.31929862886125],[-71.05338552203962,42.318987516109075],[-71.05446852487457,42.31896151766933],[-71.05576152846504,42.31887451931285],[-71.0567365554333,42.31865974043869],[-71.0567343734524,42.31854503219819],[-71.05753989026172,42.31849898446059],[-71.05846039846432,42.31865998703408],[-71.05883453492959,42.31859952425457],[-71.05927153619805,42.31869452455886],[-71.05959653698457,42.318868524542026],[-71.0612265372103,42.32020452736366],[-71.06148153737752,42.32049952738052],[-71.06175753847924,42.32039952743204],[-71.0625235406332,42.31989252875137],[-71.06315954393658,42.319193529278564],[-71.06415754890371,42.31779053090203],[-71.0646435513575,42.31736953140688],[-71.06557855476589,42.31681753354859],[-71.0671465618597,42.31499153557731],[-71.06742956374914,42.31460253544651],[-71.06849957016907,42.31272553732406],[-71.06972057505817,42.31163853880938],[-71.07021757677302,42.31133353955193],[-71.07193257917756,42.3119845426114],[-71.07317158186228,42.312221544219696],[-71.07497358490545,42.31298354619474],[-71.07700558762065,42.31371254882054],[-71.07882358940564,42.31460755158619],[-71.07968359439563,42.31321855235964],[-71.08074360002605,42.31189055421355],[-71.08201260636088,42.31025555588292],[-71.08280461050836,42.30933055745736],[-71.08325461304811,42.30846855764969],[-71.08418961827401,42.30719055947647],[-71.08440361970958,42.306796559977904],[-71.0846536214804,42.30593055979859],[-71.08474162373987,42.30527656020307],[-71.08500062706625,42.30417756073181],[-71.08555863223587,42.302494561856264],[-71.08591863448089,42.30133356218619],[-71.08640463928342,42.300002562913505],[-71.08715164582398,42.29767356494637],[-71.08798981542147,42.29496433731706],[-71.08695465278402,42.29460656468598],[-71.08467264850941,42.29394956116881],[-71.08248564479203,42.29328655896988],[-71.07953464078044,42.29243855487957],[-71.07799663813562,42.29197455254737],[-71.07465263311971,42.29100354830505],[-71.07199662873268,42.29021654409892],[-71.07077962600322,42.29014754283573],[-71.07073062571422,42.290421542437436],[-71.07040362374845,42.29058754188411],[-71.06985762260258,42.29071354093733],[-71.06735961558284,42.2915085382432],[-71.06559461034946,42.29202353516003],[-71.06505960899747,42.29221053418233],[-71.06225960084421,42.293009530828314],[-71.06214059912699,42.29350453004818],[-71.06103558874024,42.29720452821531],[-71.06065358455866,42.29864652819567],[-71.0604805831414,42.299153527637095],[-71.05968957441206,42.30195352593208],[-71.0594295708202,42.30312652633416],[-71.05877656910886,42.30333252506411],[-71.05631856194924,42.30432652178425],[-71.05556032735963,42.304796679848245],[-71.05558639817853,42.304979190721426],[-71.0563374673386,42.30504950416391],[-71.05648958269924,42.30517606711359],[-71.05608077258613,42.30541512758263],[-71.05653711709866,42.30592840433123],[-71.05626140782779,42.30605496533639],[-71.05621862327516,42.3071131422764],[-71.05638975218248,42.3072713396771],[-71.056931663391,42.307271340668336],[-71.05693166316637,42.307418991758546],[-71.05619010001564,42.30764046597497],[-71.05596192627574,42.30790412579572],[-71.05616157722154,42.30806232211549],[-71.05673201013705,42.307999044965776],[-71.05641827153786,42.308389259297414],[-71.05660366170554,42.308726740479564],[-71.05668922507009,42.3091274972623],[-71.05661792027321,42.30938060436002],[-71.05617583609356,42.30916968092417],[-71.05553600086519,42.30919428812848],[-71.05473739436117,42.30931381003864],[-71.05430957109846,42.30901851620389],[-71.05370110971647,42.308870868790926],[-71.05349195187968,42.308420894275585],[-71.05304986707151,42.30841737805423],[-71.05293578048823,42.308143173401206],[-71.05266482601023,42.308037708905935],[-71.05103624097437,42.30796388229862],[-71.04961015909787,42.30796387985677],[-71.04864042333372,42.30792169381505],[-71.0480985120473,42.30795333173451],[-71.04739973171003,42.30843846273037],[-71.04662964674277,42.30862829478907],[-71.04600692449601,42.30890812116631],[-71.04502768154325,42.30903467444508],[-71.04474246459573,42.309154197390576],[-71.04418153763989,42.30954791996605],[-71.04382977187446,42.309379181119375],[-71.04337342565987,42.309477611172696],[-71.04346849718728,42.30976587195267],[-71.0441340019535,42.30979399512973],[-71.04424808728778,42.31030723570863],[-71.04523683748307,42.30999085684035],[-71.04592135676792,42.31004710279434],[-71.04594036972019,42.310637678816875],[-71.04607346889928,42.31124933959898],[-71.04577874587339,42.311396980826196],[-71.04586431018558,42.3116114123431],[-71.04627787303296,42.31199105916918],[-71.04638482830048,42.31227052060176],[-71.04637056685479,42.31261747149402],[-71.04658447855279,42.312744019468845],[-71.04692673768206,42.31272292800806],[-71.04732604015152,42.31283893023387],[-71.04772534368973,42.312817839680825],[-71.0490088158007,42.31342948135268],[-71.04940811675344,42.31415711473388],[-71.04910863917878,42.314494564968356],[-71.04893750862443,42.31485310374869],[-71.04912289871109,42.31518000550274],[-71.05000706797733,42.31550690555004],[-71.04986445901459,42.31567562748001],[-71.04943663587179,42.31548581486914],[-71.0488804637221,42.31548581374775],[-71.0484098560056,42.31579162151183],[-71.04832429140104,42.315991977197726],[-71.04850967996592,42.31657195219365],[-71.0477681183486,42.31617124193104],[-71.0467556016512,42.315960339687145],[-71.04645612364183,42.31597088422531],[-71.04595699436919,42.3163083247417],[-71.0440460453807,42.31624505158081],[-71.04416013291528,42.316086876908294],[-71.04408882967711,42.31546471736329],[-71.04398900382931,42.31535926609654],[-71.04320466032752,42.31520108704505],[-71.04257718345157,42.31520108698127],[-71.04227770766339,42.31491636546535],[-71.041753504568,42.31418070227637],[-71.04068316042517,42.313816085492164],[-71.04076962909542,42.313677287961085],[-71.03865427644845,42.312956676826175],[-71.03802442143937,42.31388819308765],[-71.03776297172567,42.31435394538925],[-71.03738268341588,42.314661515696265],[-71.03782239104959,42.31499544852015],[-71.03872557612338,42.31496908669644],[-71.03874934294825,42.31521514141512],[-71.03797688177914,42.3152415034492],[-71.03801253374876,42.315408467933054],[-71.03696674236522,42.31479333118112],[-71.03671717698043,42.3151272619842],[-71.03394820591728,42.31328182452015],[-71.03365110609116,42.313167580717874],[-71.0334015408503,42.31342594493937],[-71.0337818293242,42.31363685467473],[-71.03662210406077,42.31546470721765],[-71.03684789894602,42.316220437408596],[-71.03767027110149,42.316705506495104],[-71.03805055945618,42.31669671965289],[-71.03799113806129,42.31747879622937],[-71.03847837938716,42.318867178948594],[-71.03881113208968,42.31898141175961],[-71.03882301459477,42.319227450954],[-71.0390131589891,42.31942955335888],[-71.03894185405989,42.31964922926452],[-71.03940533040958,42.31957893371092],[-71.04022532799796,42.31968437946507],[-71.0401302572794,42.3190429237985],[-71.0398688091433,42.31865628962853],[-71.04003518701921,42.31809390855788],[-71.03953605815342,42.31834873767717],[-71.03942910221537,42.318181780574776],[-71.03985692699953,42.31791816303437],[-71.04045112771044,42.31794452615517],[-71.04066503908392,42.318181782199055],[-71.04091460436601,42.31779514314218],[-71.04106909598511,42.31813784624225],[-71.04131866020974,42.318252080699786],[-71.04059373416561,42.31848933378084],[-71.04086944265065,42.31879688517791],[-71.04152306367976,42.31865629187506],[-71.04201030822757,42.31864750540615],[-71.04237871311936,42.3187265899581],[-71.04277088536094,42.31851569870248],[-71.04328189825215,42.31848055064274],[-71.04370972137166,42.31897263176443],[-71.04401870651137,42.318955057511324],[-71.04529029335934,42.31993042214281],[-71.04548043703367,42.32023796571922],[-71.04561829028901,42.3208266878231],[-71.04582031855101,42.32099363851605],[-71.04563017404935,42.3211869487968],[-71.04626002463675,42.32183716930213],[-71.04675558816619,42.32177390581754],[-71.0470312968636,42.321949640164675],[-71.04788694522166,42.321991817579935],[-71.04814364083668,42.32178093675086],[-71.04796300526472,42.321408378696404],[-71.0489232331449,42.321478673706906],[-71.04928450582915,42.32175985014738],[-71.04968380898032,42.32191590338688],[-71.05014966176755,42.32223925351493],[-71.05059650023712,42.32241498740115],[-71.05079615123641,42.32216896130329],[-71.05123296350985,42.32240018299695]]]},"properties":{"Ward_Num":20,"Shape_Leng":60815.3120981,"Shape_Area":75258764.0466}},
{"type":"Feature","geometry":{"type":"Polygon","coordinates":[[[-71.10633884606146,42.35115928859844],[-71.11095599342987,42.35136242226463],[-71.11176905301599,42.35148843159395],[-71.1127673101257,42.351751910333626],[-71.11344469823605,42.352103211617454],[-71.11447071707961,42.35277988165438],[-71.11515827227154,42.35318930872138],[-71.11677329349308,42.3540813182633],[-71.11718231405585,42.354352698301305],[-71.11782685674648,42.35507736025928],[-71.11805976447032,42.35565741029579],[-71.1181511543045,42.35608524265299],[-71.11802241651259,42.35706308031834],[-71.11766510048486,42.35814992161823],[-71.11738410727922,42.35872908609175],[-71.11720651483385,42.35927813294234],[-71.11721853537419,42.35992056214171],[-71.117356628238,42.36088529235221],[-71.11713622174693,42.36098855970894],[-71.11735484560324,42.361424224293145],[-71.11762847750285,42.363411298554986],[-71.1174276577923,42.36406728949912],[-71.11757523901872,42.364505185487694],[-71.117545729375,42.36559119343946],[-71.11766967032615,42.3665734367872],[-71.1180602905447,42.36751567857706],[-71.11853690882386,42.368190107244104],[-71.1191641705508,42.368185053621616],[-71.11948930435187,42.36826982420963],[-71.12111584774172,42.368115763142285],[-71.1216073955314,42.36809488193667],[-71.12265659108827,42.368262424132205],[-71.12321028000204,42.36849501723283],[-71.1235499738398,42.36874556561741],[-71.1240906059789,42.36874733440886],[-71.12496959899181,42.3690388829841],[-71.12546032056201,42.36959560809873],[-71.12526038626116,42.36967590576977],[-71.1255590112067,42.369989704200606],[-71.125703309464,42.36993145114723],[-71.12632276650565,42.37068644066402],[-71.12644105279063,42.37095930963878],[-71.12654573863033,42.371593256387676],[-71.12697775964249,42.3722576262778],[-71.12767016354715,42.37282295401705],[-71.12837788294352,42.37324042112383],[-71.12901922220095,42.37349357402603],[-71.12958592573725,42.373600773784595],[-71.13070481160227,42.3735774802632],[-71.13135579470483,42.373447854903525],[-71.13218678213684,42.373102019756644],[-71.13261601165972,42.37266680830721],[-71.1326535464015,42.37219385062862],[-71.13239018108459,42.37179018045707],[-71.13170284391299,42.371175777819985],[-71.13141823614808,42.37073581341271],[-71.13107958151025,42.369919465770515],[-71.13116708271005,42.36931989137957],[-71.13138981243463,42.369009702235985],[-71.13179393579493,42.3687516817981],[-71.13238922498338,42.368263494999034],[-71.13315629456847,42.367759938069725],[-71.13398258526493,42.36738032311486],[-71.13475063226136,42.367151987449006],[-71.13568623069104,42.36680755568541],[-71.13609821238008,42.36659235354997],[-71.13704346962784,42.3658522471504],[-71.13750142300486,42.365361678946066],[-71.13830944041966,42.36467299018541],[-71.13906610440326,42.36429119750485],[-71.1402603628871,42.36406334217148],[-71.14107708784728,42.36411391513717],[-71.14118204577407,42.36426681319391],[-71.141624152366,42.36427971760928],[-71.1424716923069,42.36457459974776],[-71.14331329146671,42.364677099572226],[-71.14386283695671,42.36460196927284],[-71.1442180607657,42.364470529133655],[-71.14477457205096,42.364010697231365],[-71.14508959728387,42.36352514437555],[-71.14536590761917,42.362882512767726],[-71.1458470750024,42.362394178684724],[-71.14653570540926,42.361924042473625],[-71.14660852938067,42.36180380185976],[-71.14749102045714,42.36120336225127],[-71.14807413148763,42.360941444331814],[-71.14885740356047,42.36074681376134],[-71.15020336218198,42.36063347119306],[-71.1507507447724,42.36053964215254],[-71.15241083891335,42.36035752578115],[-71.15357168511323,42.35985694377196],[-71.15428669760338,42.3596220087457],[-71.15545503141583,42.359507794998464],[-71.15818164380195,42.35962459915593],[-71.15914060513362,42.35956954650554],[-71.15980561762301,42.359407695983414],[-71.16054496069991,42.359114894059005],[-71.1613194743553,42.35874837480635],[-71.16155173427634,42.35842031962442],[-71.16233541428137,42.358135591635424],[-71.16324732962276,42.358085856542495],[-71.16390212237212,42.35810204058565],[-71.16453567531359,42.35821612347372],[-71.16521494670282,42.35864124054391],[-71.16637162792516,42.359535604737886],[-71.1670227953492,42.359541060552154],[-71.16758934786455,42.35945351887472],[-71.16853419991536,42.35912311469916],[-71.17014934587961,42.35739734856729],[-71.17263997001278,42.354774270867665],[-71.17390794497639,42.353464559657404],[-71.17486004488498,42.350333519844405],[-71.17476353289054,42.35018094981432],[-71.1666846435187,42.34009305839488],[-71.1665650374659,42.339767537869555],[-71.16666301833345,42.339353465010014],[-71.16882926027992,42.33853183762756],[-71.16926962292521,42.33771344567718],[-71.16904103612,42.33729047266221],[-71.16882763204055,42.336299790646514],[-71.16885612797238,42.335731572166836],[-71.168567943924,42.33503758486771],[-71.1682294274134,42.33477537179217],[-71.16759080000695,42.333347148050564],[-71.16301867458805,42.3338560313848],[-71.16246711446952,42.33387828734866],[-71.1617256837894,42.33378801906838],[-71.16098575929286,42.333555885383255],[-71.15974751239158,42.33293754945353],[-71.15928594092038,42.33259673708475],[-71.1569646212193,42.330384404004036],[-71.15227290926344,42.33322772461128],[-71.1501364586773,42.33454087238345],[-71.15056074522417,42.334930727033075],[-71.1501493607912,42.33521733151806],[-71.15007298284333,42.335385311046295],[-71.14834721378762,42.33578836426035],[-71.14875429462293,42.336878189096595],[-71.14616687294884,42.337446784761376],[-71.14636584177943,42.338112017569905],[-71.1466386741837,42.33853270080959],[-71.1461790909357,42.33870059798894],[-71.14513093307264,42.339479706420455],[-71.14425611108979,42.34001594047116],[-71.14256956998005,42.3400598272216],[-71.14193899734582,42.34004606510148],[-71.14160121806583,42.340777407057914],[-71.14130264738596,42.34111619632785],[-71.1377772061041,42.343898344368746],[-71.13521038697004,42.34595817077235],[-71.13338398579755,42.3471276527055],[-71.13131973015307,42.34809218164848],[-71.12927306151006,42.34907566423572],[-71.12873632329493,42.3494471276232],[-71.12856458307093,42.34984034915384],[-71.12758179194769,42.34987915316002],[-71.12693732891681,42.350009053715944],[-71.12640060131642,42.35018704769664],[-71.12579702248195,42.35047129420162],[-71.12524127448319,42.35079904779249],[-71.12424480537176,42.35151858778276],[-71.1240537105213,42.35155253762693],[-71.12293615370174,42.351417160384464],[-71.12286685367474,42.35174732184603],[-71.12242360398089,42.351810604678214],[-71.11723759362954,42.351205597571195],[-71.11580859072511,42.351016596010425],[-71.11093658188854,42.35044558925772],[-71.10659820094777,42.34991488333555],[-71.10633884606146,42.35115928859844]]]},"properties":{"Ward_Num":25,"Shape_Leng":60274.8944799,"Shape_Area":123804653.405}},
{"type":"Feature","geometry":{"type":"Polygon","coordinates":[[[-71.05620898328668,42.372039930304005],[-71.05557080879667,42.371896014174006],[-71.05534501186838,42.37204526880313],[-71.05572529996043,42.37222964297857],[-71.05541124033883,42.372541263024075],[-71.05500631742521,42.372097946205],[-71.05456660822091,42.37235255668708],[-71.05495878039665,42.37277836910633],[-71.0546973315025,42.37290567229558],[-71.05428733356273,42.372501810045506],[-71.05323322092144,42.37315588849668],[-71.05386901525293,42.37310321153676],[-71.0547187200763,42.3739021476756],[-71.05469495216184,42.37429283087492],[-71.05425524265878,42.37447280806737],[-71.05383336065933,42.374099683643436],[-71.05414234574548,42.373792402971766],[-71.05403539071834,42.37363876287196],[-71.05358379722803,42.37387580747945],[-71.05285887362369,42.37328319088102],[-71.05240133976048,42.37319539561104],[-71.05332234871881,42.3739679909203],[-71.0538690127735,42.37448597602312],[-71.05350654872987,42.37484153869047],[-71.05360162063178,42.375065411350306],[-71.05326886787216,42.37526294408003],[-71.05148032688706,42.373735333352094],[-71.05224090534573,42.373234903169156],[-71.05120105412016,42.37327879890865],[-71.05094554787877,42.37350706607431],[-71.05042858934927,42.375245381717214],[-71.0502825933486,42.37547239367436],[-71.04954323082022,42.375069795630914],[-71.04938873720785,42.37526293947748],[-71.05058902148352,42.37604867903075],[-71.05045829643161,42.3761584181937],[-71.05000316855416,42.37593842290442],[-71.0492486871829,42.37546183314475],[-71.0490975781585,42.37565361421715],[-71.04987597998421,42.37613646914218],[-71.0500839507098,42.37634277897816],[-71.04967173126164,42.37640163152557],[-71.04886584012137,42.375925768888365],[-71.04877076793089,42.37603550736014],[-71.0495907620738,42.37679051046633],[-71.04957293628367,42.37692219589878],[-71.04912134341033,42.37721190238331],[-71.049638296547,42.37768596656738],[-71.04948404309192,42.377777757966726],[-71.04902047030328,42.37735264759256],[-71.04834888063715,42.37814685532921],[-71.048642810345,42.37839559003704],[-71.04933683811662,42.37798825262764],[-71.05042065808455,42.37892934135057],[-71.05020199132274,42.37920323766947],[-71.05109566847665,42.37954033967868],[-71.05116221811232,42.3797489203523],[-71.05164708566157,42.37994556161249],[-71.05180870915694,42.37975243280464],[-71.05260256110127,42.3798893801647],[-71.0532918332182,42.37989289224349],[-71.05414748213994,42.379966633850515],[-71.05467037817604,42.380075488669064],[-71.05482249519486,42.379500313815726],[-71.05503640761,42.37951084853649],[-71.05492944978172,42.38003756586627],[-71.05592057676593,42.38016924503917],[-71.05647674793748,42.38031672534591],[-71.05671918249902,42.37983214825519],[-71.05689031285995,42.37985848479474],[-71.05688318083949,42.38041153465927],[-71.05758909048477,42.380659089615],[-71.057838656691,42.38015871333538],[-71.05802469045038,42.380209342080946],[-71.05777220298118,42.38071557648545],[-71.05818804499604,42.380859239852526],[-71.05853030570591,42.38041680406645],[-71.05870077627705,42.38048876096504],[-71.0583800169005,42.3809034024566],[-71.05910786616663,42.381201600422266],[-71.05951430091706,42.38064329067483],[-71.05966661284914,42.38070379156599],[-71.0592394990546,42.38129050763664],[-71.05987081986326,42.38140701588689],[-71.06021308084328,42.38094878237101],[-71.06039818489464,42.38102422187794],[-71.06007308407592,42.38145947965965],[-71.06041986141238,42.3815123568663],[-71.06054107783616,42.381338545487466],[-71.06124698944079,42.38115946665847],[-71.06089840974612,42.38156869993519],[-71.05954363283963,42.38173724313965],[-71.05901598220755,42.38173724232261],[-71.05503975570478,42.381210153665194],[-71.05461522850152,42.381106519715324],[-71.05110361327762,42.380574138254545],[-71.05094080275347,42.38040383467315],[-71.04754673002546,42.3798700935326],[-71.04719317669411,42.38118929752347],[-71.04978220826857,42.38157122141226],[-71.04946133929751,42.38199258090362],[-71.04925931011556,42.38212425563209],[-71.04755989731797,42.381790677260156],[-71.04748859129587,42.38246660541064],[-71.04767873572227,42.38284406913798],[-71.04820163111866,42.38337075890458],[-71.0486651068999,42.38361654619577],[-71.04940191539559,42.38380088690664],[-71.05092306792879,42.383958893685524],[-71.05089723524083,42.3842083592321],[-71.05814533229565,42.38486354250381],[-71.0600047232858,42.382149210626594],[-71.06139158851138,42.381775650676225],[-71.06173859533685,42.38190425409253],[-71.06336240894946,42.37976652504759],[-71.06447741429437,42.37851452621857],[-71.06491341589638,42.37806452727776],[-71.06550341808635,42.377790527581084],[-71.06497041799216,42.377304526769045],[-71.06392841773697,42.37668452601484],[-71.06238841497499,42.37611652363558],[-71.06071241234771,42.37553252220129],[-71.06032441156455,42.37547452119066],[-71.0600084101363,42.376071520857444],[-71.05932640910356,42.37582952047931],[-71.0587444074555,42.375933519060744],[-71.05855240859637,42.3754345192247],[-71.05695136264038,42.372257099304335],[-71.05630713246468,42.37198228639277],[-71.05620898328668,42.372039930304005]]]},"properties":{"Ward_Num":3,"Shape_Leng":34406.7994077,"Shape_Area":12320307.0975}},
{"type":"Feature","geometry":{"type":"Polygon","coordinates":[[[-71.06550341808635,42.377790527581084],[-71.06658841926178,42.37862652932623],[-71.06704341881056,42.37891952978802],[-71.06782742250826,42.378205530530536],[-71.06794385348438,42.37830764901307],[-71.0734321426748,42.375050713287756],[-71.07233178546352,42.37253221837085],[-71.06733642827922,42.37184260329641],[-71.06685993232432,42.37176616932657],[-71.06656450023713,42.371567209866896],[-71.0656043254445,42.370736794043026],[-71.06538664537122,42.370210204361086],[-71.06471708786556,42.369574069810184],[-71.06306245058263,42.369672336635176],[-71.06300632371787,42.36952622896608],[-71.06138613681715,42.36941384244354],[-71.06131483193612,42.3697650438263],[-71.0613523846812,42.3702761419745],[-71.06106122607137,42.370381500783374],[-71.06052050513125,42.36973178170162],[-71.05975992712743,42.37004347078202],[-71.05993866272806,42.370485877694044],[-71.05981982233098,42.3705473374422],[-71.05917808700023,42.369880059502236],[-71.0582749008336,42.370380516295135],[-71.05921373502177,42.371372642382724],[-71.05879779478181,42.37144288030992],[-71.0579064957541,42.37056489476323],[-71.05746678687399,42.37079317120195],[-71.05848880922007,42.37177651053549],[-71.05804910091155,42.371881867462086],[-71.0570033103492,42.37098632778996],[-71.05571983517375,42.371662370213414],[-71.05620898328668,42.372039930304005],[-71.05630713246468,42.37198228639277],[-71.05695136264038,42.372257099304335],[-71.05855240859637,42.3754345192247],[-71.0587444074555,42.375933519060744],[-71.05932640910356,42.37582952047931],[-71.0600084101363,42.376071520857444],[-71.06032441156455,42.37547452119066],[-71.06071241234771,42.37553252220129],[-71.06238841497499,42.37611652363558],[-71.06392841773697,42.37668452601484],[-71.06497041799216,42.377304526769045],[-71.06550341808635,42.377790527581084]]]},"properties":{"Ward_Num":5,"Shape_Leng":16165.1951999,"Shape_Area":8771614.45885}},
{"type":"Feature","geometry":{"type":"Polygon","coordinates":[[[-71.06173859533685,42.38190425409253],[-71.06269351040125,42.382336247489356],[-71.06180411084041,42.383472886476596],[-71.06209558083425,42.38357844858823],[-71.06320784923655,42.38218126964997],[-71.0634075793552,42.38227225642517],[-71.06289418822283,42.382904288273764],[-71.06329349142209,42.383041228752056],[-71.06342183918566,42.382830552305876],[-71.06389244587595,42.382746282163644],[-71.06481409720317,42.38312897966563],[-71.06364615788533,42.38464500273437],[-71.06390241277947,42.38475271152363],[-71.06439997871813,42.384106860937905],[-71.06466394352758,42.38421781216529],[-71.06546523276525,42.383177710851385],[-71.06606017109108,42.38342777944978],[-71.06630201804214,42.383113852985936],[-71.06737789651982,42.38356607403302],[-71.06700927389831,42.38404455943334],[-71.06749179322581,42.38417215824387],[-71.067140145377,42.38462860404752],[-71.06818344066743,42.38495690821999],[-71.06872535430749,42.38421429446525],[-71.06977352298678,42.384356499282],[-71.07035108599034,42.38469357314809],[-71.07114256204589,42.384145828391496],[-71.07181995162142,42.38393515671275],[-71.07126377883365,42.38440916881364],[-71.07144203812179,42.38453557140709],[-71.0719197763394,42.38415109694868],[-71.07230481778444,42.38437230238149],[-71.0720980361037,42.3847199091352],[-71.07177479043457,42.38492575079188],[-71.07203861437311,42.385157487349346],[-71.07236661374253,42.38495735243312],[-71.07269136428187,42.384989962233696],[-71.07219223532681,42.385358632299074],[-71.07234910180571,42.38599063361196],[-71.07196405860257,42.38659102865572],[-71.07200684061938,42.3868332913415],[-71.07232057841742,42.38707555439955],[-71.07222075248443,42.387328348411415],[-71.07109414772859,42.387254615819565],[-71.07230631511331,42.38794979672112],[-71.07237373741431,42.38771179540382],[-71.07301935757357,42.387180886462154],[-71.07297657508867,42.38756007663795],[-71.07313344335675,42.38768647357801],[-71.07300509498948,42.38791819926306],[-71.07311918190553,42.38807619398966],[-71.0729584295233,42.38837537282874],[-71.07400659902376,42.38893361547569],[-71.07419198993892,42.388733491902926],[-71.07442729311846,42.38898101340372],[-71.07518854060831,42.38931844834265],[-71.07754717242068,42.386001305066465],[-71.07767377878754,42.3857773058333],[-71.0787821069354,42.38426389910521],[-71.0797119598404,42.38291913678852],[-71.08098962078171,42.382311871781404],[-71.08070130552167,42.38102604554083],[-71.07568077427861,42.38022419930401],[-71.0734321426748,42.375050713287756],[-71.06794385348438,42.37830764901307],[-71.06782742250826,42.378205530530536],[-71.06704341881056,42.37891952978802],[-71.06658841926178,42.37862652932623],[-71.06550341808635,42.377790527581084],[-71.06491341589638,42.37806452727776],[-71.06447741429437,42.37851452621857],[-71.06336240894946,42.37976652504759],[-71.06173859533685,42.38190425409253]]]},"properties":{"Ward_Num":4,"Shape_Leng":23494.4066197,"Shape_Area":11933615.5158}},
{"type":"Feature","geometry":{"type":"Polygon","coordinates":[[[-71.11999126849686,42.32280044466636],[-71.12010360065845,42.322815194750206],[-71.12160508068989,42.323901051781796],[-71.12346848892327,42.32252689041638],[-71.12377014324107,42.32266590632414],[-71.12467989859954,42.321528433182685],[-71.12705492969407,42.31864827277136],[-71.12867373808253,42.31675679225044],[-71.1306693636064,42.31445900078659],[-71.13182443399585,42.31318395406822],[-71.1331414356661,42.31126454891132],[-71.1343087057886,42.309331205638046],[-71.13528086460778,42.30794797346484],[-71.13649895831013,42.306283690622784],[-71.14007566905836,42.30218839132469],[-71.14687743502239,42.29728739400143],[-71.14914003785083,42.29613960505935],[-71.14987925771285,42.295744512849474],[-71.15214176607464,42.294593922179494],[-71.15706207475962,42.29821640460886],[-71.1594455285384,42.29999756491825],[-71.16462393241797,42.30376592205974],[-71.17871151809211,42.29448171467166],[-71.19082626918143,42.28331487791373],[-71.19080656695476,42.28265706037567],[-71.19054507940326,42.28217256951725],[-71.19000681171596,42.281838802670556],[-71.18844839802341,42.282224797073816],[-71.18839261634092,42.282146164831936],[-71.18988454202292,42.28175285853552],[-71.18901862182416,42.2812436776122],[-71.18863859517872,42.281122179455885],[-71.18808859698558,42.28077245709449],[-71.18708447738513,42.280491745520045],[-71.18662630929724,42.28040570470941],[-71.18630020134289,42.280143847928045],[-71.18609236890006,42.280175386310304],[-71.18553307010067,42.279991095778456],[-71.18518034892168,42.27973190788807],[-71.1850071209011,42.27934451281236],[-71.18448628738024,42.2793779322611],[-71.18416192511727,42.279213217337926],[-71.18392384057765,42.27879106430745],[-71.18362168175122,42.27854682876498],[-71.18316038539842,42.27842536383498],[-71.18285268060427,42.27825602667875],[-71.18283134259907,42.27794231407365],[-71.18309909042999,42.27767769731577],[-71.18322872077333,42.277248599420034],[-71.18344017791478,42.27693443244242],[-71.18316625340822,42.27651410091644],[-71.18252426903382,42.27632161129209],[-71.18175899268104,42.2764728881705],[-71.18120351905425,42.27671283174598],[-71.1804542870338,42.27756334454547],[-71.18027269744651,42.27759412346838],[-71.179210631092,42.27746273548935],[-71.17844098289876,42.27774295235988],[-71.17805241863671,42.27800035836993],[-71.17774469737552,42.27805575022771],[-71.17677205980377,42.277995114827206],[-71.17582928797259,42.277731216429714],[-71.17551511447051,42.277458659652034],[-71.17521989097813,42.27695071266774],[-71.17523893826029,42.2767671827068],[-71.17435059273389,42.276414517722074],[-71.17385644479525,42.27593481493641],[-71.17376879396143,42.27544720884738],[-71.17403493831696,42.274997107791854],[-71.17460446572852,42.27418234522503],[-71.17458152015938,42.27347045635704],[-71.17441479026161,42.27305644380963],[-71.17419244608318,42.27289555486058],[-71.17344712633042,42.27176011532908],[-71.17327092104777,42.27103681054173],[-71.17292289507732,42.27060279777851],[-71.17277311877515,42.27005793420968],[-71.17314434816979,42.26950303308684],[-71.173444946599,42.269174319696205],[-71.17395243005973,42.268919186228665],[-71.17426201419615,42.26863742173953],[-71.17432607778896,42.26832230340238],[-71.17417994664258,42.26756972239979],[-71.17396490133005,42.26721457190606],[-71.17317141158674,42.266836368867246],[-71.17189130693048,42.26661181494794],[-71.17138661389767,42.2663304698267],[-71.17111913523102,42.265617878689966],[-71.17110102598626,42.26519275975257],[-71.17081201824459,42.26514116586247],[-71.16919498938543,42.265418064789735],[-71.16910650645482,42.265311610937026],[-71.17018217205154,42.26520082676111],[-71.17084440447807,42.2649521879897],[-71.15856427374389,42.255117018416236],[-71.15228969299292,42.258311285869446],[-71.14148494985372,42.263745051238956],[-71.12449336822634,42.272286261321625],[-71.11332150627963,42.2778994231783],[-71.10927751251982,42.27421267360122],[-71.10858074410271,42.27539459746798],[-71.1083907427613,42.27597159691633],[-71.10774273803916,42.277504595671004],[-71.10753673498368,42.2782015951759],[-71.1074367340851,42.27874359501614],[-71.10712873306159,42.279120594962805],[-71.10595972697762,42.28020659291798],[-71.10410872105537,42.28116459029687],[-71.10370672052821,42.28127258938094],[-71.10171471439374,42.281591586505165],[-71.1005107110576,42.28183958484484],[-71.09990670921874,42.28208058423803],[-71.09945170752373,42.28249358372972],[-71.09739369830488,42.28471258073513],[-71.09677369576039,42.285334579490126],[-71.09522868791757,42.28698857734492],[-71.09475568634197,42.2872965760973],[-71.09388768358973,42.287667575217796],[-71.09288668076383,42.288175573376854],[-71.09229767772919,42.28874857235173],[-71.0921076757352,42.28920757202438],[-71.09210367494586,42.2898755719487],[-71.09199767416,42.290226572390104],[-71.0917526717766,42.29062157155239],[-71.09064866819588,42.29152357008139],[-71.09000566395792,42.29235656885635],[-71.08937765964245,42.29375756820113],[-71.08903165878709,42.2941235679401],[-71.08809065459792,42.29465756579058],[-71.08798981542147,42.29496433731706],[-71.08715164582398,42.29767356494637],[-71.08640463928342,42.300002562913505],[-71.08591863448089,42.30133356218619],[-71.08555863223587,42.302494561856264],[-71.08500062706625,42.30417756073181],[-71.08474162373987,42.30527656020307],[-71.08576662531581,42.305763561715416],[-71.08741462579613,42.30674556399894],[-71.0886316273518,42.307363565380015],[-71.08960362845481,42.30805356682345],[-71.09246462963627,42.31024057056983],[-71.09287163020876,42.31062157042098],[-71.09319362952385,42.31109257127833],[-71.09356062737207,42.31238657188909],[-71.09384462748848,42.31273757153455],[-71.09463362820846,42.31311557266492],[-71.0950386280562,42.31338157326011],[-71.09639163380027,42.312391575518305],[-71.0970886364289,42.31215057642499],[-71.09748863717775,42.31185657666025],[-71.09774663937338,42.311544577469164],[-71.09783363934616,42.31125957777119],[-71.09792664307318,42.310035577632625],[-71.09807064360027,42.3097215778138],[-71.09832064437735,42.309500578364684],[-71.0989046464565,42.30924357899436],[-71.10034665097487,42.30870558133514],[-71.1004316521465,42.30835258119525],[-71.10143265349838,42.30858358301293],[-71.10245065490541,42.30887758373628],[-71.10437465880315,42.309380586627114],[-71.10489065995456,42.30955758756201],[-71.10734566287981,42.31062159077489],[-71.10932767423083,42.30751659374692],[-71.11005267547536,42.30782259444368],[-71.11118767770307,42.30797759650216],[-71.11186467873928,42.30796159745092],[-71.11550668789111,42.30765460249759],[-71.11564868558588,42.30845760187514],[-71.11561599361204,42.309303166839584],[-71.11547268316441,42.30967460171589],[-71.11485367972895,42.31039360100229],[-71.11457267824723,42.31098160031866],[-71.11418167456243,42.31230659948156],[-71.114100671959,42.313228599268385],[-71.11629367526487,42.31406660177925],[-71.11634067443431,42.31423360253899],[-71.1156736710659,42.315130601341515],[-71.11700367273838,42.31557860272409],[-71.11679467163134,42.316094602627935],[-71.11673167004547,42.31668760271085],[-71.11675366779903,42.31747760265014],[-71.11646066502422,42.31843460220044],[-71.11655066527712,42.318769601813294],[-71.11715366455489,42.319534602190245],[-71.1171076641542,42.31997760203136],[-71.11667566108143,42.32062460162936],[-71.1165706601837,42.32102060157327],[-71.11782466289742,42.32113360291093],[-71.11961866602239,42.32145460565324],[-71.11951566431613,42.32205460531404],[-71.11958666316086,42.32268460538566],[-71.11999126849686,42.32280044466636]]]},"properties":{"Ward_Num":23,"Shape_Leng":98137.1749902,"Shape_Area":332744373.4}},
{"type":"Feature","geometry":{"type":"Polygon","coordinates":[[[-71.10927751251982,42.27421267360122],[-71.09739070988805,42.26336898067426],[-71.09716066180074,42.2638237474391],[-71.096557327867,42.264757927102906],[-71.09557688916723,42.26555741226298],[-71.09538833496323,42.26575185581501],[-71.09461477297023,42.26689590204862],[-71.0942785061013,42.267136197665096],[-71.0936116622219,42.26707401799844],[-71.09323608353257,42.26710671390987],[-71.09266374958207,42.266768801875365],[-71.09192731368458,42.26672859219014],[-71.09083590381924,42.26650545108376],[-71.09027093397798,42.266688116593016],[-71.09013442621553,42.267401102917184],[-71.08993696784034,42.267883366860566],[-71.09000066518205,42.26820273751587],[-71.09018927654972,42.26834500840944],[-71.09029111185329,42.26876604879522],[-71.09017148867403,42.26926725052863],[-71.08992950792097,42.26954875735401],[-71.08953840410673,42.26975124912249],[-71.08892216149833,42.269858810229934],[-71.08841054252424,42.26978645068708],[-71.08678017011684,42.269428797348596],[-71.08566179267179,42.26925709864433],[-71.08467855564082,42.26904334576936],[-71.08331343393039,42.268808438992544],[-71.08263541002238,42.268872108783604],[-71.08249603500654,42.26905326484213],[-71.08199225804726,42.26941777330253],[-71.08156393872363,42.269600619868896],[-71.08129530945463,42.26960403119564],[-71.08042429642683,42.2697967819357],[-71.0800291197131,42.26982826741891],[-71.07921721355136,42.26963128193938],[-71.07872923721392,42.269950007563786],[-71.07832364470441,42.269936172564016],[-71.07775828986458,42.270166520263395],[-71.07765397562056,42.27051738647702],[-71.07655547851232,42.27063353344207],[-71.0759146128947,42.2706616287528],[-71.0749409355626,42.27040117667086],[-71.07348127437128,42.2703798463136],[-71.07315886365572,42.27030373350566],[-71.07277129968388,42.27068455021797],[-71.0719189852453,42.27094700696648],[-71.07116447576139,42.270951326828445],[-71.07098642543887,42.27083650453832],[-71.07044739368555,42.270721430215325],[-71.06991360593939,42.27070516363089],[-71.06887576813244,42.27086344933192],[-71.06869509893787,42.2708084363048],[-71.06804807100343,42.27103486514089],[-71.06794644458297,42.27152540814655],[-71.06691445824382,42.27152783172753],[-71.06626885339934,42.271382698519744],[-71.0658994647795,42.27136895284462],[-71.06550356148448,42.27118030569776],[-71.06506035277795,42.27077935578948],[-71.06447609516277,42.270580384119626],[-71.06432048499369,42.27015911898946],[-71.06450686227014,42.27013595092205],[-71.06448761718768,42.269602967331366],[-71.06473687337723,42.269300959356464],[-71.06470137459021,42.26903628933615],[-71.0642496842203,42.26879665693946],[-71.0634407180756,42.26882569016248],[-71.06288911401198,42.268449291132754],[-71.06307330530703,42.268045504962835],[-71.06251977443075,42.267574697697114],[-71.06231324588633,42.26757473332234],[-71.06151039096329,42.26800387373626],[-71.06130231185178,42.26822754879379],[-71.06153531921868,42.268725677845005],[-71.06121843166736,42.268762610391285],[-71.06024707113568,42.26903248433832],[-71.05976652364853,42.269119826068376],[-71.05976519218997,42.26931136404465],[-71.0603113060185,42.26962546477519],[-71.0598231594737,42.26963594272435],[-71.05958482336165,42.269374061055984],[-71.05884707363333,42.26936135021444],[-71.05865018884792,42.269567225689784],[-71.05857118793604,42.26987618740017],[-71.05807831233861,42.2701931610687],[-71.05782044045303,42.27056015788301],[-71.05724755305667,42.270958044584084],[-71.05655319809965,42.27128877895324],[-71.05634663058561,42.271503393748226],[-71.05571496228187,42.271587391243244],[-71.05459700172726,42.272045722686705],[-71.05430320194995,42.27236894150595],[-71.054444416195,42.27256898867717],[-71.05533288261331,42.27285480560831],[-71.05603475672804,42.2728254143182],[-71.05624502392399,42.2726105380249],[-71.05759955390113,42.272614118103974],[-71.05758712042814,42.2727013333308],[-71.05683727631671,42.27266907958951],[-71.0563727394333,42.27273424400945],[-71.05572289394577,42.27298474071414],[-71.05439085172354,42.27288243423604],[-71.05464777499134,42.27318007420052],[-71.05554280977054,42.27384734968297],[-71.05603703650101,42.27439726598081],[-71.05627089980274,42.27440173800047],[-71.05690010125294,42.274674190735844],[-71.0568192594968,42.274926889135706],[-71.05646928768599,42.27467060867575],[-71.05625822776406,42.274839103862824],[-71.05637990687741,42.275456183176644],[-71.05614576241942,42.276334773975336],[-71.056197090281,42.27655066415853],[-71.05582366110099,42.27658214698235],[-71.05537795707212,42.27701262552912],[-71.05496092348515,42.27730682699174],[-71.05422898127732,42.27761133135318],[-71.05380842639246,42.277721932639814],[-71.05358598353743,42.27761596803397],[-71.05315988272172,42.27783164532829],[-71.05138730208463,42.27835133301768],[-71.05053046502294,42.27839079244397],[-71.05006584200201,42.278617011222174],[-71.04891491556094,42.27849230173987],[-71.04810520433283,42.27808984358794],[-71.04785409814937,42.278014216907316],[-71.04727489427562,42.27808849480857],[-71.04726230710737,42.277885104659326],[-71.04597084558603,42.27710944963721],[-71.04518998480518,42.2768621310967],[-71.04466617311351,42.27683947393485],[-71.04435397492244,42.27703883094999],[-71.04410320201796,42.27702082237952],[-71.04337813051954,42.277544541300394],[-71.04286439908712,42.278070196542586],[-71.04211115774594,42.27870410896059],[-71.04184154867465,42.279144018039624],[-71.04241717530572,42.279055482472536],[-71.04279996692392,42.27921479507783],[-71.04263256377988,42.2797780488267],[-71.04274297720886,42.28009570973797],[-71.04310873751483,42.28046515513575],[-71.04370424143252,42.28059402971622],[-71.04405455047822,42.28095545192179],[-71.04324573888235,42.280786491913695],[-71.04287384012343,42.28060142687875],[-71.04236349575963,42.280500606963635],[-71.04170493320262,42.2806601587675],[-71.04174509367861,42.28139190520259],[-71.0417099613451,42.28210990765802],[-71.04152690704937,42.283199697701946],[-71.04156404127589,42.28353216054785],[-71.04127147441353,42.28382159553611],[-71.04089576163796,42.284364529563064],[-71.04061404793595,42.28448167694074],[-71.03951915164323,42.28538093547428],[-71.03846421367726,42.2860671238925],[-71.03920111819248,42.28671839953915],[-71.0390870314524,42.28682389861745],[-71.0385451207992,42.28678169827304],[-71.03797468822637,42.286517948691305],[-71.03773225448984,42.28666564766054],[-71.03841677280674,42.286929397013296],[-71.03808877331006,42.28741469046383],[-71.03763242684238,42.28743578922992],[-71.03704773386426,42.28727754117801],[-71.03683382032912,42.2877733815571],[-71.03774651155747,42.28800547732542],[-71.03752071418948,42.28841902458598],[-71.03811491559985,42.28849814816464],[-71.03820998651153,42.28911354148509],[-71.03825752011502,42.28991354279035],[-71.03868534290447,42.2908278191392],[-71.03919635422594,42.29120583341363],[-71.03965982929249,42.291680546488465],[-71.03967171237495,42.29225195428721],[-71.03994504483958,42.29242777071377],[-71.03992127559603,42.29288489229949],[-71.04118929942729,42.29300137144322],[-71.04144064610567,42.29284533526403],[-71.042087137505,42.29271874906839],[-71.04198255853942,42.29223349664715],[-71.04159276614713,42.29115748674181],[-71.0416688268816,42.28966651507335],[-71.04157375557713,42.289434426875125],[-71.0418874929657,42.289293767430735],[-71.04185897007466,42.2898212411943],[-71.0419255205794,42.29020805155327],[-71.04185896742901,42.29100276484119],[-71.04209664697105,42.291635715632864],[-71.0423058050858,42.29191702569123],[-71.0425054550462,42.29246791875347],[-71.04305687332733,42.292678899084805],[-71.04368434773134,42.2932133772797],[-71.04459703888072,42.293565006200524],[-71.04526016569366,42.29399574803639],[-71.04503199257947,42.294280562921294],[-71.04538851256409,42.29437550186543],[-71.04555964132093,42.294850189854444],[-71.0467005049348,42.295525296623865],[-71.04702850268748,42.29583120204156],[-71.04739928376782,42.29602107386793],[-71.04762745558605,42.296358621372846],[-71.04808380307664,42.29581010672659],[-71.04851162842935,42.2956940747166],[-71.04868275953622,42.29496622824619],[-71.0490392806913,42.294850194047235],[-71.05045109970645,42.295160324087604],[-71.05086466287167,42.295571716007416],[-71.05177735395463,42.295888170203796],[-71.05240482996254,42.296299557415864],[-71.05260448172625,42.2961624296357],[-71.05287543677375,42.29627846159016],[-71.05298952286354,42.2965843631164],[-71.05276134827012,42.29690080992485],[-71.0527043046031,42.297322737908225],[-71.05247613066251,42.297512605174994],[-71.0533317793277,42.29758644322448],[-71.05336030211606,42.29699574496041],[-71.05378812702475,42.296943004419106],[-71.0544869062806,42.297248903937074],[-71.0545724709028,42.29742822225912],[-71.05438707917445,42.29781850268532],[-71.05397351551285,42.29819823218101],[-71.05437281758752,42.29836700071071],[-71.0551286396497,42.298915495039154],[-71.05519994302435,42.29926357413664],[-71.05495750812618,42.299569460674746],[-71.05519994207351,42.29979096480139],[-71.05491472501578,42.299885893320464],[-71.05470081421439,42.299506173851896],[-71.05487194377744,42.29915809525346],[-71.0546722932833,42.29886275414044],[-71.05437281642172,42.298915493683516],[-71.05367403795664,42.29824042375449],[-71.0539592547692,42.29783959803818],[-71.05407334294175,42.29740712518547],[-71.0537572274459,42.29727878907711],[-71.05371919830473,42.29764445765347],[-71.053567081657,42.2980101248411],[-71.052844534492,42.29805231566446],[-71.05254030394926,42.29798199477972],[-71.05168465666941,42.29713814359976],[-71.05203450065864,42.29676171460995],[-71.05052477844212,42.296181765020364],[-71.0501254768088,42.29575982853165],[-71.0497024065106,42.295791473665474],[-71.04930310289345,42.29593915064496],[-71.04907492833084,42.29661424395123],[-71.04913196972598,42.29721549391872],[-71.04876118721745,42.29775344791038],[-71.04874692677596,42.29790112166555],[-71.04833336186694,42.29820701426459],[-71.04794832015402,42.298323042061455],[-71.04719249768378,42.29802769592716],[-71.04613906888046,42.29849142988841],[-71.04649371568107,42.298934820891354],[-71.04519407907686,42.29949596425891],[-71.04484231200199,42.299531123096685],[-71.0446331536852,42.29934829425404],[-71.04409124271966,42.299425643922575],[-71.04386306941429,42.29958737678487],[-71.0439343724361,42.29987568207149],[-71.0443479346259,42.30029759102084],[-71.0443051517689,42.30067730574897],[-71.04390584757049,42.300993732899904],[-71.04339245889467,42.30104647025567],[-71.04334967494003,42.30167931901552],[-71.04384880174507,42.30243873110376],[-71.04535902107024,42.30277624592005],[-71.04538041145248,42.30316649267005],[-71.04637866824257,42.303277239450225],[-71.04652127668376,42.30318758869942],[-71.0464998868156,42.30268659604496],[-71.0461718885373,42.30259167006606],[-71.04604354192759,42.30232271351767],[-71.04622180210905,42.30200629277573],[-71.04607919524796,42.30174612356099],[-71.04644046995512,42.301492984866336],[-71.0471554122129,42.30134953999622],[-71.04755471500147,42.30108936871658],[-71.0483628293886,42.300765911375564],[-71.04892375429613,42.3006885631123],[-71.04929453540504,42.300808103191635],[-71.05023574811403,42.301321417647635],[-71.05094336823689,42.301898130638214],[-71.05077765744782,42.302024580981495],[-71.05139562519699,42.30246757058783],[-71.05110090135226,42.30276992526628],[-71.05179501033464,42.303216813168895],[-71.05185619120752,42.30350906020038],[-71.05155549821083,42.30400373671435],[-71.05169375066764,42.30408289790933],[-71.05231592132995,42.303488542554554],[-71.05290536789863,42.30382605036759],[-71.05272472925996,42.304036991772975],[-71.05362565763738,42.30451710419935],[-71.05398591519251,42.304101773958344],[-71.05414692876104,42.30417816660988],[-71.05381805836267,42.304557311922004],[-71.05432193946292,42.304796375906584],[-71.0547782867384,42.30440965575392],[-71.05387509873856,42.30567527894577],[-71.05493039802941,42.30610418057978],[-71.05531069021912,42.3044870004176],[-71.05556032735963,42.304796679848245],[-71.05631856194924,42.30432652178425],[-71.05877656910886,42.30333252506411],[-71.0594295708202,42.30312652633416],[-71.05968957441206,42.30195352593208],[-71.0604805831414,42.299153527637095],[-71.06065358455866,42.29864652819567],[-71.06103558874024,42.29720452821531],[-71.06214059912699,42.29350453004818],[-71.06225960084421,42.293009530828314],[-71.06505960899747,42.29221053418233],[-71.06559461034946,42.29202353516003],[-71.06735961558284,42.2915085382432],[-71.06985762260258,42.29071354093733],[-71.07040362374845,42.29058754188411],[-71.07073062571422,42.290421542437436],[-71.07077962600322,42.29014754283573],[-71.07199662873268,42.29021654409892],[-71.07465263311971,42.29100354830505],[-71.07799663813562,42.29197455254737],[-71.07953464078044,42.29243855487957],[-71.08248564479203,42.29328655896988],[-71.08467264850941,42.29394956116881],[-71.08695465278402,42.29460656468598],[-71.08798981542147,42.29496433731706],[-71.08809065459792,42.29465756579058],[-71.08903165878709,42.2941235679401],[-71.08937765964245,42.29375756820113],[-71.09000566395792,42.29235656885635],[-71.09064866819588,42.29152357008139],[-71.0917526717766,42.29062157155239],[-71.09199767416,42.290226572390104],[-71.09210367494586,42.2898755719487],[-71.0921076757352,42.28920757202438],[-71.09229767772919,42.28874857235173],[-71.09288668076383,42.288175573376854],[-71.09388768358973,42.287667575217796],[-71.09475568634197,42.2872965760973],[-71.09522868791757,42.28698857734492],[-71.09677369576039,42.285334579490126],[-71.09739369830488,42.28471258073513],[-71.09945170752373,42.28249358372972],[-71.09990670921874,42.28208058423803],[-71.1005107110576,42.28183958484484],[-71.10171471439374,42.281591586505165],[-71.10370672052821,42.28127258938094],[-71.10410872105537,42.28116459029687],[-71.10595972697762,42.28020659291798],[-71.10712873306159,42.279120594962805],[-71.1074367340851,42.27874359501614],[-71.10753673498368,42.2782015951759],[-71.10774273803916,42.277504595671004],[-71.1083907427613,42.27597159691633],[-71.10858074410271,42.27539459746798],[-71.10927751251982,42.27421267360122]]]},"properties":{"Ward_Num":24,"Shape_Leng":90017.882592,"Shape_Area":143289701.211}},
{"type":"Feature","geometry":{"type":"Polygon","coordinates":[[[-71.03108872694085,42.37315416267021],[-71.03086029497962,42.3732568902795],[-71.03091541421206,42.373621564765834],[-71.03118424998618,42.37375843634863],[-71.03119054976436,42.374208663239884],[-71.02926463719028,42.37580991366126],[-71.0284300530898,42.37569606411195],[-71.02790185497996,42.375443784145205],[-71.0272447154059,42.37525052314227],[-71.02719759616306,42.375107408556005],[-71.02666985368907,42.37479557510965],[-71.0254213182682,42.37394600316322],[-71.02487820241325,42.373544772074844],[-71.02401354153224,42.3731838939996],[-71.02311559826434,42.37297770135771],[-71.02178778077423,42.37279949102849],[-71.02105723682581,42.3727607200411],[-71.02044652536524,42.37280581553726],[-71.01981757938563,42.37313667458797],[-71.0198241749821,42.37332577469357],[-71.01938669895978,42.37382417157223],[-71.01711126138885,42.37416122390417],[-71.01621844219827,42.37433612225225],[-71.01562130936176,42.37470282203144],[-71.01564371522286,42.374923254215],[-71.01592223805913,42.37499787258372],[-71.01640165012081,42.375321462243555],[-71.01771532338698,42.37577956254984],[-71.01854780443927,42.3761474995355],[-71.01882905821418,42.37633923906872],[-71.01931606177021,42.37651278073983],[-71.01985940959918,42.37682832050386],[-71.02004457872665,42.37735932584791],[-71.02030230991883,42.377265120878604],[-71.02073864566813,42.37734316481598],[-71.021174260894,42.377516484363916],[-71.02159608997026,42.37781361022969],[-71.02186191621111,42.378348288013555],[-71.02210528611428,42.37845410846009],[-71.02208890552399,42.37892091563328],[-71.0214706998998,42.379099378660335],[-71.02105940338427,42.37910719434606],[-71.02077502497477,42.37932515526209],[-71.02040474662577,42.379854801775274],[-71.02014398649361,42.38047483565074],[-71.01953647472767,42.380934411028015],[-71.01885990442894,42.38117931227857],[-71.01824468078132,42.38096235487003],[-71.01738183905405,42.38076948959289],[-71.01725162692091,42.380577068241976],[-71.01650447907164,42.38080736734069],[-71.0160600140827,42.38065619956301],[-71.01591157360386,42.38042838074927],[-71.01534141010451,42.380262339424675],[-71.01498818929728,42.380237030564174],[-71.01464966199588,42.38039043411041],[-71.01420024251009,42.38034089609338],[-71.0140854164806,42.38065007340923],[-71.01349966802897,42.37952804845624],[-71.0133013418233,42.379818708486695],[-71.01365806810878,42.38050203951692],[-71.01336781041853,42.38074529775329],[-71.01340745111389,42.38095709812303],[-71.0127185975334,42.3811880343427],[-71.01218210845055,42.38118094807481],[-71.01228790741786,42.381418645321475],[-71.01287244543035,42.38224983719607],[-71.01259394392335,42.38253354636098],[-71.01236211182182,42.38314320762295],[-71.01148796507799,42.383457840989436],[-71.01133029873164,42.3839030848618],[-71.01107341139638,42.38388293675481],[-71.01043577477562,42.38407078577407],[-71.01031748900036,42.38440852859361],[-71.0099114367575,42.38456401285839],[-71.00965912592696,42.3847820829277],[-71.00984221637046,42.38549624429949],[-71.00847632830644,42.38600627419488],[-71.00821963364119,42.386027340263546],[-71.00779180849612,42.38623800524143],[-71.00756363538254,42.38622747205425],[-71.00747807083843,42.385974673073456],[-71.00717859405216,42.38598520571092],[-71.00630868780381,42.38441572285543],[-71.00593790752453,42.3841945171293],[-71.00361339457967,42.38400490926539],[-71.00163114271359,42.38325701391562],[-71.00084679944845,42.382898863732244],[-70.99979150090965,42.38228789827188],[-70.9991212456131,42.38198241282072],[-70.99846525089704,42.38175066348999],[-70.99792334239332,42.38164532208548],[-70.99711047806842,42.38157158306811],[-70.99676821945617,42.38164532045242],[-70.9958840531666,42.38152944499742],[-70.99522805682817,42.38157158032642],[-70.99488579839077,42.38195080378051],[-70.99470040833245,42.38191920129054],[-70.99451501706037,42.38244589863629],[-70.99481449337581,42.38242483061381],[-70.99484301403045,42.382709245681596],[-70.99508544586902,42.3831095309719],[-70.99508069186307,42.38362568463282],[-70.99473843327162,42.38353439208743],[-70.99462434603144,42.383780178438265],[-70.99484301124582,42.38412427708431],[-70.99503315264025,42.38473522444111],[-70.99540393317966,42.384517532386646],[-70.99535639606773,42.384952916913036],[-70.9963071130976,42.38526892201856],[-70.9969060661043,42.38504420983282],[-70.99665887788422,42.38564110277914],[-70.99597436165546,42.385346166612],[-70.9956130898428,42.38539532220356],[-70.99533738191982,42.385311053916524],[-70.9949761100341,42.38495993907732],[-70.99490005120268,42.38531105354546],[-70.99447222812091,42.38539531982667],[-70.99408292815426,42.385961999081744],[-70.99354101829007,42.38618319809732],[-70.99299910831441,42.38623586321209],[-70.99143042502827,42.386151594618696],[-70.99087425387573,42.386867852583904],[-70.99023251770002,42.38724704403457],[-70.98973339112388,42.38743663817392],[-70.98903461287337,42.3874366374523],[-70.98852122556805,42.38735237167427],[-70.98752297296357,42.38706797609379],[-70.98729480060776,42.387120641630865],[-70.98668158827692,42.386909978461304],[-70.98648193701763,42.38702584212104],[-70.9865247172589,42.38768942630343],[-70.98698106192629,42.38799488339398],[-70.98729479737257,42.38851099717381],[-70.9877368793382,42.38911136891899],[-70.98785096342753,42.38993292105275],[-70.98777965961618,42.39031209484688],[-70.9873946175988,42.390743927703696],[-70.98756574566286,42.39110203257161],[-70.98726627024979,42.39110203223246],[-70.9871093996741,42.3915759899155],[-70.98715218095158,42.3920183480887],[-70.98739461403927,42.39225005818144],[-70.98807912989216,42.392566025978184],[-70.98934833778284,42.39278720362949],[-70.99001859357281,42.39285039747259],[-70.99130206307015,42.39257656305529],[-70.99153023540313,42.39241858023604],[-70.99202936240884,42.39228166231156],[-70.99237162217588,42.392028888860196],[-70.99285648739587,42.39245017901294],[-70.99345543974297,42.392302729498006],[-70.993897523359,42.392460713303336],[-70.99416847752947,42.39241858513372],[-70.99508116443431,42.39332435074203],[-70.99586550541402,42.393998401309844],[-70.99625054523773,42.39444074261417],[-70.99682097457323,42.394925208730264],[-70.99763383849013,42.39505159132661],[-70.9987033952534,42.39530435478335],[-70.99903139248832,42.3952832918614],[-70.99920252107326,42.395462331556814],[-70.99975869045821,42.395788815057955],[-70.99998686195163,42.39636805378049],[-71.00034338115248,42.396631342990716],[-71.00128459600394,42.39636805557965],[-71.00249676648039,42.395736160733094],[-71.00323832996101,42.39512532147354],[-71.00363763474412,42.39452500827838],[-71.00457884919432,42.39390362577145],[-71.00526336973044,42.39372458329956],[-71.00514928288965,42.39350341076722],[-71.00474998114595,42.39322957628822],[-71.00422233101513,42.393282236240985],[-71.0037232020928,42.39351394068654],[-71.00342372502863,42.3935455366996],[-71.00151277553687,42.393524469799154],[-71.00142721144131,42.39330329646262],[-71.00241120742284,42.39334542660015],[-71.00296737917921,42.393324362299296],[-71.00397989803014,42.392924143767786],[-71.00432215676716,42.39287148390151],[-71.00477850304136,42.39294520940435],[-71.0058623234379,42.393513943710346],[-71.0064327562385,42.39366139271331],[-71.0082438799542,42.39386150248525],[-71.00894265892066,42.39389309947615],[-71.00969848211697,42.39399842031919],[-71.00992665484465,42.394219590864566],[-71.0104115222857,42.39421959197977],[-71.01225116724063,42.39470406027798],[-71.01387690043425,42.39446182994606],[-71.01430472546417,42.39428278853817],[-71.0150605477742,42.39428278927567],[-71.01553115556104,42.39436704476762],[-71.01605880711024,42.393703532326036],[-71.01611585063785,42.39317693041035],[-71.01510333463355,42.3924396774175],[-71.01501777071657,42.39208158080342],[-71.01480385926092,42.391870934563805],[-71.01476107807669,42.39109153827525],[-71.01457568848664,42.39074396664493],[-71.01406229962998,42.390775563367654],[-71.01294995576453,42.39048065159271],[-71.01255065417651,42.39029106497841],[-71.01155239828361,42.38927992798297],[-71.01123866215768,42.38891128000841],[-71.01072432236236,42.38847873000819],[-71.01006832580411,42.38823296196645],[-71.00989719705171,42.38788186271724],[-71.01052467214824,42.38817678673323],[-71.0106862943804,42.38808550102761],[-71.01022044284385,42.387425432596494],[-71.00960247597992,42.38683557714032],[-71.0096119830588,42.38670917947568],[-71.0091271153967,42.38659682423716],[-71.00875633492494,42.38631944894521],[-71.00968328918627,42.38599291834841],[-71.01027932583796,42.386016704384396],[-71.01057755306013,42.38650866834027],[-71.01103673442722,42.38696320480026],[-71.01142134241539,42.38750507999928],[-71.0114494979357,42.38801971469451],[-71.01178714670628,42.38840227048467],[-71.01186128386702,42.38878847159375],[-71.01236790054651,42.38892877754689],[-71.01282450401786,42.38888783613754],[-71.01308247644253,42.38876982767214],[-71.01305352413868,42.3885794609568],[-71.01514165298731,42.387806981182514],[-71.01546428120241,42.38763683599565],[-71.01914507984213,42.38629599539424],[-71.01960031743567,42.38644573918485],[-71.02060170955845,42.38659283778674],[-71.0210263771561,42.386523146681284],[-71.0220904725479,42.38602734999038],[-71.02319497591719,42.38528398168644],[-71.02333555689977,42.385389373091144],[-71.02374854619225,42.38516241003321],[-71.02323841830498,42.384636253884345],[-71.02402826610185,42.383858223437585],[-71.02444045447176,42.383736064210495],[-71.02498413714183,42.382912136925846],[-71.02542184867582,42.38395342375897],[-71.02551856771687,42.38393107793826],[-71.02535721859125,42.38316816771544],[-71.02558883301708,42.383131010532985],[-71.02595459865928,42.38405674099339],[-71.02608333134928,42.38402868737605],[-71.02569207490728,42.383074268082545],[-71.0260245013995,42.383304312380346],[-71.02650514987425,42.38262027130252],[-71.02632929455935,42.382076924092296],[-71.02668279768447,42.38206646950854],[-71.026922512253,42.382234197117654],[-71.02696714092208,42.38271078310262],[-71.02858832531477,42.38270341731714],[-71.02879084711806,42.38374253586142],[-71.03007051101281,42.38383792071783],[-71.03004261199847,42.38218826183007],[-71.03022686515317,42.382191365210744],[-71.03021143934156,42.38269466633385],[-71.0331540790075,42.382732450447534],[-71.03355479775648,42.38276060413472],[-71.03358164269396,42.383598785615966],[-71.03391695004113,42.383592882268886],[-71.03382809135128,42.382778863531094],[-71.0346544889101,42.38290726624647],[-71.03465824050457,42.383202168600555],[-71.03505429400082,42.38319939852645],[-71.0350507572647,42.382921592609456],[-71.03543346306701,42.38295585819741],[-71.0354442164689,42.38329127198607],[-71.035821312379,42.383284627087654],[-71.0358120606852,42.38299613515128],[-71.03609135994883,42.38298490379994],[-71.03612480975394,42.384027770605954],[-71.03732123351313,42.38401296795742],[-71.03733158842662,42.384472745415515],[-71.03753346285124,42.3844702460448],[-71.03751471561621,42.38363792778904],[-71.03795263450806,42.3836325053684],[-71.03801786765048,42.383426826846126],[-71.03831173023342,42.38342318759536],[-71.03832585909873,42.384050094027664],[-71.03917894888191,42.384046368680714],[-71.03916956069087,42.383258576762024],[-71.0393140648191,42.38325040216998],[-71.03926227273817,42.382747165845444],[-71.03948765204763,42.38268256361891],[-71.04050685433874,42.382686079087875],[-71.04046358948816,42.38221816678253],[-71.04218754657467,42.38211851285919],[-71.04216507793113,42.38184802051166],[-71.04237993801955,42.38169475193228],[-71.04237025518773,42.38134446133685],[-71.04325663266543,42.38133099191283],[-71.04325382615679,42.38122950494376],[-71.04236468235698,42.38124301645025],[-71.04235991122012,42.381070416977835],[-71.04325818770089,42.381056766230664],[-71.04325456292554,42.38092567457416],[-71.04234853646935,42.38093944389489],[-71.04234500601716,42.38081168723663],[-71.0430915823152,42.380800341976006],[-71.043088532655,42.38069003031139],[-71.04233690557186,42.380701451779245],[-71.04233146761702,42.38050473724391],[-71.04325506443872,42.38049070205422],[-71.04325227537785,42.38038983093093],[-71.04232044491258,42.38040399177754],[-71.04228282910776,42.38005249515625],[-71.04321751291442,42.379876150252244],[-71.04321320983428,42.37980467287508],[-71.04185897202368,42.37987169626336],[-71.04184001443184,42.37974754046628],[-71.04128319431383,42.37977364303759],[-71.04101142827356,42.379543651728405],[-71.04206203436858,42.37948588747006],[-71.04210115623411,42.37940743646131],[-71.04329664710231,42.37936216830948],[-71.04331674925645,42.3792479107633],[-71.04221753810404,42.37930785535535],[-71.04219059078929,42.379036198041184],[-71.04331891727706,42.37894778612037],[-71.04331124140514,42.378676205588924],[-71.04289461625179,42.37870321736408],[-71.04287579845801,42.37843085786069],[-71.04036279201941,42.3785262761772],[-71.04034999887898,42.3783410052924],[-71.0407683596219,42.37829604892965],[-71.04282156652873,42.37818725768757],[-71.04279377900659,42.37789901291749],[-71.04181459970461,42.37795090049016],[-71.04180269419719,42.377827382220026],[-71.04114940628216,42.37786199634411],[-71.04112998489893,42.37766048309976],[-71.04043540874703,42.37769727996787],[-71.0402442402532,42.37733879286228],[-71.04223263097445,42.3771884199852],[-71.04221355192259,42.37699049501485],[-71.04118416951997,42.376935537337545],[-71.04145651531645,42.37659361301224],[-71.04270129096385,42.37659137622318],[-71.04270120351418,42.37651281676374],[-71.04145981450874,42.37651357167088],[-71.04145867577977,42.37640639596199],[-71.04260007730383,42.376399726472],[-71.04263720264906,42.37619004494001],[-71.04130815413318,42.375898425821035],[-71.04066099451698,42.37566799153908],[-71.03913267880682,42.37574584590839],[-71.03909236610224,42.37492249409148],[-71.03878036507797,42.3749264936743],[-71.035834355433,42.37603049044008],[-71.0328183536807,42.37410548669749],[-71.03108872694085,42.37315416267021]]]},"properties":{"Ward_Num":1,"Shape_Leng":82311.2681811,"Shape_Area":48990695.341}},
{"type":"Feature","geometry":{"type":"MultiPolygon","coordinates":[[[[-71.03726567024228,42.32858839329424],[-71.03657494325262,42.328621284059686],[-71.03608156632743,42.328719957368264],[-71.03562108096656,42.32891730717274],[-71.03476589499495,42.3290488729192],[-71.03400938376845,42.32908176373406],[-71.03325287430104,42.32934489713155],[-71.03243057895475,42.329706703328895],[-71.03157539431521,42.33000272798874],[-71.03098334107293,42.33033164246631],[-71.03042417999274,42.33072634341289],[-71.03009526214585,42.331088150161314],[-71.02681929618747,42.332369765324835],[-71.02556778657049,42.33269288005756],[-71.02476882717716,42.33281943872793],[-71.02393481179506,42.33288167702852],[-71.02298046467467,42.33300200574334],[-71.02268651812379,42.33279723334218],[-71.02228337718302,42.333089139907706],[-71.02067758847521,42.332184586562526],[-71.01955548804291,42.33159782668934],[-71.01850348362942,42.33117702410868],[-71.01776207098357,42.33094658454334],[-71.0163894554074,42.33068608590696],[-71.01572539056191,42.33063599040629],[-71.01552460922603,42.330456848988874],[-71.01517834730214,42.330468871547296],[-71.01490903384341,42.330613146762765],[-71.01521201190928,42.33084398612251],[-71.01569533239216,42.3307610286378],[-71.01649642364428,42.33084801264709],[-71.0176265185147,42.33107020099038],[-71.01881790528327,42.331453285847964],[-71.01988670583063,42.331935970133785],[-71.02214180489175,42.33320723666178],[-71.02281449043929,42.33386506488286],[-71.02334145368376,42.33473227365713],[-71.02352402202106,42.33522604249168],[-71.0235323196418,42.33576545480462],[-71.02329165839711,42.33635050966402],[-71.02262361395974,42.33710983360509],[-71.02150329252382,42.33783596279015],[-71.0207854588071,42.33814716113782],[-71.02011741589195,42.33835877582506],[-71.01900539440715,42.338508151030084],[-71.01742864783158,42.338616029541534],[-71.01548261229186,42.33862847608576],[-71.01464444857405,42.338396112006045],[-71.01444943012075,42.3382633335344],[-71.0130677022567,42.338250884199],[-71.0127938482962,42.33774051638868],[-71.013063555708,42.33710567041145],[-71.01269841458874,42.337238448979434],[-71.0121175090105,42.33715546187784],[-71.01199717804975,42.336869159656324],[-71.01197643286997,42.33640443427494],[-71.01222539453154,42.33588991859847],[-71.01258638645768,42.335537227098214],[-71.01255734296085,42.335113997251234],[-71.01227965653479,42.33506260863649],[-71.01178556677948,42.335412746019394],[-71.011582248431,42.33581523086778],[-71.01134158540515,42.33608908586782],[-71.01006359117316,42.33664094364278],[-71.00949928279357,42.33666168870359],[-71.00940384610688,42.337246743151965],[-71.0096569534616,42.33836291110144],[-71.00961546006346,42.33846249422354],[-71.01012167636269,42.33916787970671],[-71.01085195824211,42.33924671853265],[-71.01110091775809,42.33955791756395],[-71.01130838452498,42.339375348141786],[-71.01232496988705,42.339147136457996],[-71.01379798433648,42.33893967275364],[-71.01483116641111,42.33889818124881],[-71.01588094769495,42.33896042137635],[-71.01710499963505,42.338952124848596],[-71.01928339873325,42.33882349881518],[-71.02009251857525,42.33870317041548],[-71.02108072156761,42.338932328813804],[-71.02232854187591,42.33938032977107],[-71.02396853492999,42.34007428512306],[-71.02543026718557,42.34076823267311],[-71.02537085130882,42.33845797939769],[-71.02608562681822,42.33842901255166],[-71.02741379249214,42.339202646672106],[-71.02742123187949,42.339487015991686],[-71.02723892057678,42.33982968417096],[-71.02782361317077,42.33996671888005],[-71.02783787261048,42.34043052170512],[-71.02837290521447,42.34050572610652],[-71.02909782942938,42.34048815823723],[-71.02931231673924,42.340404480132364],[-71.02929723071851,42.340024871621296],[-71.03370857661065,42.3399967689159],[-71.03370814550203,42.34027981650698],[-71.03512875911402,42.34025725420054],[-71.03514096149027,42.34170071830503],[-71.03554507724418,42.341698852580855],[-71.03614504601727,42.34220543802551],[-71.0363767832715,42.34220104686899],[-71.03569345497348,42.341542251526484],[-71.03564592159377,42.34025977963176],[-71.03688176101626,42.34024368197491],[-71.03712547998697,42.340488169353044],[-71.03693533497845,42.3409712932498],[-71.03713736383494,42.341010821524534],[-71.03734533482277,42.34051452211578],[-71.03793359366148,42.34037397659577],[-71.03813443418704,42.33992071448945],[-71.0384568812791,42.33997506421316],[-71.03770818496236,42.341573764192354],[-71.03795774888036,42.341573764775795],[-71.03818354586289,42.341380517314576],[-71.03881339847023,42.34144200577711],[-71.03918180527454,42.34039670487295],[-71.0395740044435,42.339922766839],[-71.03969819030435,42.33991851700679],[-71.03965789509319,42.33927514949389],[-71.03985290356583,42.33926847595771],[-71.03979963570787,42.33841797408247],[-71.0399899222577,42.338411462375454],[-71.04004933985247,42.33936017047982],[-71.04061977398207,42.33890338767277],[-71.04050093455956,42.33839389453263],[-71.04072673095938,42.33832361879299],[-71.04083368650362,42.33880676029109],[-71.04201020624188,42.33785804532181],[-71.04259252273833,42.33799859753802],[-71.04105729992224,42.33926000686577],[-71.0412047957456,42.33935167052379],[-71.04154759368521,42.339050296107125],[-71.04186272001697,42.33924613711978],[-71.04284913279982,42.338378917513346],[-71.04322264327817,42.33885264352402],[-71.0436233086304,42.33850039214422],[-71.04394211479828,42.33869852252594],[-71.04376251309527,42.33885642193017],[-71.04394450196065,42.33911527597299],[-71.04455156505303,42.339433910107964],[-71.04435227783087,42.33970154679407],[-71.04775723200692,42.33682324897853],[-71.04563959983957,42.33545691565805],[-71.04155955547003,42.335525049596306],[-71.04147804349685,42.332995625532405],[-71.03735834664869,42.33307057560814],[-71.03726129847571,42.32970906426796],[-71.03726567024228,42.32858839329424]]],[[[-71.03979346522041,42.343555212329214],[-71.03254867528302,42.343644388994115],[-71.03117963367097,42.34548541786963],[-71.0354460675962,42.34722891754487],[-71.03979346522041,42.343555212329214]]]]},"properties":{"Ward_Num":14,"Shape_Leng":49132.5659712,"Shape_Area":21033396.1009}},
{"type":"Feature","geometry":{"type":"Polygon","coordinates":[[[-71.04809864289062,42.3298291147365],[-71.04828848669533,42.33009550900626],[-71.04906045443445,42.33009811057022],[-71.04997093576081,42.3305810859524],[-71.0523653705727,42.33206968694519],[-71.05383819695058,42.33111478510444],[-71.05414001894746,42.33094878503603],[-71.05694586818926,42.32965128807595],[-71.05701486659167,42.32954420365052],[-71.05824150974954,42.32973352253547],[-71.05906431419622,42.32992134514429],[-71.05934564678542,42.33024553967942],[-71.05968073924356,42.33006698821734],[-71.06182342196287,42.33052531834601],[-71.0620869614,42.33051386014773],[-71.06201821326613,42.33020448964807],[-71.06139947018235,42.330078448835806],[-71.06115884761844,42.32972324387855],[-71.06084947683344,42.329539914092074],[-71.06066614397787,42.329940949741086],[-71.0601072078617,42.32980633289045],[-71.05982412270208,42.32960244546287],[-71.0598176777409,42.32933174672486],[-71.05959854003189,42.32897725810738],[-71.05963428563993,42.3284340563484],[-71.05989869991818,42.32821452914045],[-71.06022373012419,42.32824250333979],[-71.06033330183875,42.32701146464715],[-71.06059578594706,42.32648270351109],[-71.06083872346643,42.32618611209004],[-71.06133876175976,42.32637983482984],[-71.06224754152638,42.32619292292876],[-71.06285983819471,42.3263862806866],[-71.06324833758974,42.3264145562387],[-71.06355770793427,42.32685283289102],[-71.06418111312212,42.32710814812241],[-71.06461374909593,42.327031210337466],[-71.06475514349368,42.32634600099344],[-71.06435634439016,42.32600883484188],[-71.06360364604288,42.32564471569553],[-71.06409051848966,42.325452069061015],[-71.06453738746684,42.32545207001319],[-71.06467538391139,42.32597983093152],[-71.06511768719739,42.326237238608336],[-71.06547016203632,42.32632827762092],[-71.0656287803139,42.326225499001964],[-71.06621370193723,42.326315637918306],[-71.06689080849117,42.3253238209226],[-71.06739254304229,42.324095534831464],[-71.06774863342982,42.322559748503856],[-71.06817228618931,42.32129216828046],[-71.06894355239143,42.32139853740335],[-71.06969955333338,42.3215575385625],[-71.0701105543381,42.32156353894942],[-71.07220455982787,42.3213585415761],[-71.07371256372988,42.32083954341251],[-71.07427556590856,42.32072254411874],[-71.07552256818697,42.32057254633679],[-71.07725357331164,42.32043854882941],[-71.0777465742941,42.320430549416116],[-71.07776157758806,42.31860554924668],[-71.07801458160193,42.317197550261305],[-71.07815158431787,42.31622454986551],[-71.07827458562559,42.315678550414454],[-71.07882358940564,42.31460755158619],[-71.07700558762065,42.31371254882054],[-71.07497358490545,42.31298354619474],[-71.07317158186228,42.312221544219696],[-71.07193257917756,42.3119845426114],[-71.07021757677302,42.31133353955193],[-71.06972057505817,42.31163853880938],[-71.06849957016907,42.31272553732406],[-71.06742956374914,42.31460253544651],[-71.0671465618597,42.31499153557731],[-71.06557855476589,42.31681753354859],[-71.0646435513575,42.31736953140688],[-71.06415754890371,42.31779053090203],[-71.06315954393658,42.319193529278564],[-71.0625235406332,42.31989252875137],[-71.06175753847924,42.32039952743204],[-71.06148153737752,42.32049952738052],[-71.0612265372103,42.32020452736366],[-71.05959653698457,42.318868524542026],[-71.05927153619805,42.31869452455886],[-71.05883453492959,42.31859952425457],[-71.05846039846432,42.31865998703408],[-71.05753989026172,42.31849898446059],[-71.0567343734524,42.31854503219819],[-71.0567365554333,42.31865974043869],[-71.05576152846504,42.31887451931285],[-71.05446852487457,42.31896151766933],[-71.05338552203962,42.318987516109075],[-71.05275373472412,42.31929862886125],[-71.05250397742319,42.31960432414335],[-71.05136051381166,42.32078351330066],[-71.05123296350985,42.32240018299695],[-71.05166130769511,42.32248528131268],[-71.05201307490931,42.32235172571324],[-71.05208913105857,42.322871892971676],[-71.05240286794665,42.32311791645976],[-71.05252745441587,42.323490203098295],[-71.05246167032271,42.32388490299557],[-71.05170515832806,42.324246711335384],[-71.05150780776039,42.324805869594186],[-71.05177094173511,42.32503611120333],[-71.05236299250285,42.325101894674845],[-71.05219853341838,42.32529924458053],[-71.05140913115682,42.3251676776939],[-71.05121178091804,42.32483876031635],[-71.0509157554774,42.3248387597111],[-71.05094864757817,42.32516767692479],[-71.05019213611003,42.325200567811095],[-71.05071840335543,42.32566105191393],[-71.05104732068314,42.325726835718825],[-71.05104732065078,42.32618731891226],[-71.05167226250975,42.326516235522355],[-71.05219853125799,42.32658202057328],[-71.05229720412007,42.32674647882045],[-71.05173804521728,42.32687804430954],[-71.05147491063494,42.32707539437894],[-71.05147491035115,42.327305636358],[-71.05173804321495,42.327733228378406],[-71.05183671760518,42.32825949560451],[-71.05160647387251,42.32848973691381],[-71.0510802056528,42.32927913667261],[-71.05038947737081,42.32983829514777],[-71.04809864289062,42.3298291147365]]]},"properties":{"Ward_Num":16,"Shape_Leng":33375.3120835,"Shape_Area":24717754.5222}},
{"type":"Feature","geometry":{"type":"Polygon","coordinates":[[[-71.09365680600672,42.34132429524485],[-71.09393425768508,42.341126788456315],[-71.09567869963102,42.34058541785265],[-71.09592318444476,42.34038983124717],[-71.09675442999591,42.340316487056626],[-71.09670553421698,42.340047554876286],[-71.09692557157612,42.33994976281118],[-71.09731674632303,42.33928965696397],[-71.09758567972102,42.33904517296248],[-71.09792795800215,42.33909407022539],[-71.09817244153525,42.33938745095376],[-71.09846582293574,42.33933855604732],[-71.09888144615029,42.33950969447998],[-71.09897923904279,42.33980307454053],[-71.09932151638645,42.3402920429728],[-71.09963934520985,42.34029204322937],[-71.10078841978259,42.3408543572543],[-71.10235311705608,42.34227236433984],[-71.10323325843656,42.34320140345038],[-71.10379557122046,42.34364147534435],[-71.10466769527186,42.34410823544826],[-71.10513060922924,42.34404656871689],[-71.10532356642905,42.34371217738502],[-71.10599810683621,42.34344172876362],[-71.10609656167749,42.34325409626554],[-71.10645461802552,42.34301741103184],[-71.10692968642539,42.34252290431778],[-71.10714551356396,42.34219654575484],[-71.10744870222283,42.34209769799572],[-71.10781250411283,42.342125829896226],[-71.10795126938041,42.3424158054592],[-71.10886871470824,42.341861059630034],[-71.1086214086681,42.341657154344325],[-71.1095168563678,42.34136795304085],[-71.11000769534839,42.34100877121549],[-71.11048187967374,42.34047034314746],[-71.11082213995377,42.33945398464439],[-71.11084978479109,42.33886876265569],[-71.11098927576042,42.338439783150676],[-71.11151031004162,42.33725472600277],[-71.11110628089756,42.336975382616984],[-71.11107282374097,42.33676232781182],[-71.11064908430257,42.33632156389942],[-71.11064504395485,42.33619669138536],[-71.11099430010313,42.33581836766786],[-71.11065199868978,42.335487642942404],[-71.1103851015811,42.33552488106051],[-71.11067778785467,42.33496278421722],[-71.11127940579952,42.33462372972941],[-71.11174807991829,42.33412973010441],[-71.11231691439791,42.33364621909234],[-71.11303155092182,42.33260257862848],[-71.11330511496433,42.33171413711532],[-71.11352797964665,42.33076954497689],[-71.11274049308895,42.32958089418166],[-71.11271189135707,42.32935989638925],[-71.11299871020655,42.32896269355422],[-71.11314400503514,42.32854690418827],[-71.11347337472436,42.328327112987246],[-71.113868615842,42.32828124216579],[-71.11407283186004,42.328086822016765],[-71.11404629166348,42.32789080466939],[-71.11435765104328,42.32746953312044],[-71.11453338819376,42.32739603223178],[-71.11479421711581,42.326926193753536],[-71.1084526319989,42.325642590348316],[-71.10764262986655,42.32540758908018],[-71.10733762939729,42.325521588590945],[-71.10432462331039,42.32499158428317],[-71.10129709915965,42.32558340591832],[-71.10118661289818,42.326425580344065],[-71.10011361113374,42.326417578263104],[-71.09671960422463,42.32623257423484],[-71.09660560490913,42.325777573762004],[-71.09670560569782,42.32546757422014],[-71.09668060585344,42.32502557395076],[-71.09627860679166,42.32446857381736],[-71.09585460637133,42.32404957309386],[-71.09539860717526,42.32324957277872],[-71.09454960581435,42.323083571532344],[-71.09362560293624,42.323189570646754],[-71.09328060237776,42.323559569682274],[-71.0932616008677,42.32386156956618],[-71.09325559838169,42.325112569935236],[-71.09320059638453,42.32577656978339],[-71.09304859470315,42.32654756908454],[-71.09227658948019,42.328265567634524],[-71.09181358682997,42.32896356710067],[-71.09123958353173,42.32993856585412],[-71.0914415834885,42.3300365664469],[-71.09034058000526,42.33024656465465],[-71.08959657832543,42.33031856407486],[-71.08966769564901,42.33101883652087],[-71.09034470707073,42.33115007062537],[-71.09145358040881,42.33124256677521],[-71.09297558033346,42.3326575679626],[-71.09240857935502,42.33295556767012],[-71.09301957906938,42.333462568373534],[-71.09164575454986,42.334412553329265],[-71.09035316903548,42.3355850587635],[-71.09051856835048,42.33566456434181],[-71.08991456229253,42.33815456331275],[-71.09066056031986,42.33976556419781],[-71.092266565083,42.33910656639967],[-71.09246156476446,42.339586566582526],[-71.09321356327995,42.340611567600966],[-71.09320556234184,42.34094256772237],[-71.09365680600672,42.34132429524485]]]},"properties":{"Ward_Num":19,"Shape_Leng":29634.7449671,"Shape_Area":32448275.2919}}
]}