{"type":"FeatureCollection","features":[{"type":"Feature","properties":{"Ward_Num":1,"Shape_Leng":79585.5185254,"Shape_Area":45996339.4071},"geometry":{"type":"Polygon","coordinates":[[[-75.5500256657677,27.056741387099216],[-75.54956070237753,27.0564464051157],[-75.54941309595061,27.056279507186556],[-75.54940579373475,27.0561570650703],[-75.54915122959767,27.056312492113328],[-75.54893085649216,27.05627186543838],[-75.54853586383278,27.056188423469724],[-75.54827874112803,27.05610862314476],[-75.54793193557282,27.056063808694223],[-75.54761944602417,27.056017353817293],[-75.54743873964284,27.055872502767194],[-75.54713391106615,27.055569863521963],[-75.54704714651001,27.055461451482866],[-75.54716566595133,27.05533299173281],[-75.54698447642483,27.055372353723346],[-75.54690136432656,27.055325163307128],[-75.54679950938797,27.05515607612851],[-75.5464458820723,27.05480460308054],[-75.54622027409884,27.054609818255212],[-75.54613143810144,27.054533117951806],[-75.54566451510614,27.054013100081026],[-75.5453470268538,27.053690593773677],[-75.5452987117005,27.053457544309826],[-75.54520659424654,27.05345171673926],[-75.54519528188568,27.053646684381018],[-75.54513212945005,27.05374180164782],[-75.54492136575486,27.053670015756538],[-75.54476840375541,27.053605700060213],[-75.54459682477393,27.053613904831035],[-75.54446260603183,27.053671488314894],[-75.54429650622586,27.05377152790905],[-75.54424466449338,27.053671677050016],[-75.54410557542768,27.053647629665075],[-75.54405799582423,27.05361920583178],[-75.54408439766102,27.053484914341517],[-75.54405482478697,27.053373765089706],[-75.54388324634245,27.05338197031251],[-75.54380926383028,27.05348783866211],[-75.54362332940275,27.053639992745957],[-75.54346501623279,27.053678262460846],[-75.54323089330194,27.05379178930734],[-75.5430570077836,27.053953600296634],[-75.54276325829261,27.054029047144127],[-75.54251465385897,27.05409210203071],[-75.54229136126145,27.054194877272263],[-75.5420433657751,27.05426813594827],[-75.54195003111026,27.054241901237226],[-75.54172965411857,27.054201276318697],[-75.54150210088335,27.054232625863023],[-75.54130460101395,27.05419090718371],[-75.54099332429792,27.05416486352422],[-75.54084036206183,27.054100548494773],[-75.54067839492242,27.054077596613126],[-75.54047128305348,27.054067037163964],[-75.5402454262534,27.053934577805485],[-75.54009185368524,27.05386005936179],[-75.53990396595805,27.053787182359784],[-75.539747957937,27.053671847813956],[-75.5396961145623,27.05357199746876],[-75.53968698174728,27.0534189374689],[-75.53965375447197,27.053246564313152],[-75.53963622664048,27.0531450716643],[-75.53966080155084,27.052980166213764],[-75.53971847329355,27.0527932102534],[-75.53973465386484,27.052679872039565],[-75.53987191668499,27.05267330632115],[-75.5399689058715,27.052760765485576],[-75.54010081894495,27.052856787837012],[-75.54020437561857,27.052862067454747],[-75.54007246240579,27.05276604524468],[-75.53997486452695,27.052668382089816],[-75.53993080772165,27.052506758517236],[-75.53985852270672,27.052448816588516],[-75.5398169003993,27.052328008553825],[-75.53988722886783,27.05216091354187],[-75.53997325938255,27.05206469936899],[-75.5400153602232,27.052001285794333],[-75.54010078181899,27.051894867507567],[-75.54008325453951,27.051793372842788],[-75.540066945424,27.05171228628137],[-75.54006207486114,27.05163065307827],[-75.54013605650137,27.051524781627897],[-75.54011974738711,27.051443695164526],[-75.54009795906325,27.051270769860746],[-75.54006886399797,27.05097539392055],[-75.53999705851618,27.050733226768084],[-75.53985662154072,27.050494341488946],[-75.53960775539497,27.050168541077298],[-75.53947692942488,27.049898493912828],[-75.5393262703521,27.049680562494952],[-75.5390757059399,27.049518576995872],[-75.53894257313998,27.049402142656895],[-75.53890277792668,27.049311943285492],[-75.53886711405967,27.049098743226615],[-75.53885919878127,27.04896608515437],[-75.5388698996804,27.048760899606894],[-75.53902334558481,27.048640989879416],[-75.53912690324219,27.048646269415638],[-75.53927804249273,27.048679975089584],[-75.53937685950653,27.048798052759363],[-75.53945645065754,27.04897845161631],[-75.53954261021423,27.049076666329025],[-75.53961002475957,27.049052974336174],[-75.53954552526056,27.04893325595841],[-75.53952738967061,27.048821553290097],[-75.53958093089769,27.0487575904962],[-75.53970736590811,27.04876177615526],[-75.5399638894029,27.04883137571781],[-75.54052451720584,27.048999000363697],[-75.54094118276193,27.04906094116574],[-75.54133010088175,27.049042339771482],[-75.54150168224108,27.049034133519907],[-75.54153843362542,27.049073310407678],[-75.54164503427107,27.049129613954037],[-75.54164977662009,27.049016816816707],[-75.54164551608226,27.048945385780023],[-75.54189108051641,27.04883130528131],[-75.5421877526889,27.048612443244828],[-75.54238391086217,27.048439324063047],[-75.5423904796629,27.04835713973219],[-75.54254818682931,27.048308662925326],[-75.5426872783947,27.048332712393798],[-75.54264809298438,27.048252716921624],[-75.54256375977879,27.048185114275963],[-75.54265636053285,27.04800671198686],[-75.54273813191492,27.04783906233713],[-75.54278862997802,27.047724075817865],[-75.5428891441087,27.04767833356253],[-75.54314444951608,27.047727526982445],[-75.54334073474281,27.047748841821083],[-75.5436971636312,27.047762498278804],[-75.5440517653828,27.04774554094192],[-75.54448339638435,27.047673732294516],[-75.5447042592412,27.047530131904523],[-75.544905288752,27.047438648395453],[-75.544890323218,27.04757240376601],[-75.54491794414305,27.047458511503976],[-75.54497562167738,27.047271545117372],[-75.5450784458016,27.047072185780088],[-75.54518480811205,27.046874717856333],[-75.5452915705596,27.046869613301393],[-75.54541601858965,27.046904598031702],[-75.545476703638,27.047024501852544],[-75.54555304490765,27.04715048026494],[-75.54558801182527,27.047223855909333],[-75.54567027287256,27.04719263220225],[-75.5456228119617,27.04703798394688],[-75.54557616227198,27.0468969403286],[-75.54552310329574,27.04677667142748],[-75.54550898533269,27.046668185492802],[-75.54548561905438,27.04653285135631],[-75.54550525103937,27.046477331551678],[-75.54556382377709,27.04643359553122],[-75.54568510934581,27.046543780381295],[-75.54577710837866,27.046675832819076],[-75.54587389377569,27.046759897998452],[-75.54598349523722,27.04680241558973],[-75.546099912758,27.046830962340348],[-75.54631019053176,27.04676632770444],[-75.54638685478196,27.046769484358194],[-75.54655989878363,27.046849904103055],[-75.54670122148104,27.04691137270186],[-75.54675306248397,27.04701123167955],[-75.54680368568056,27.04709068211998],[-75.54695295715237,27.047028964837533],[-75.54693559457863,27.046866053692938],[-75.54699132703641,27.04677469557852],[-75.54716947956763,27.046684307656264],[-75.5472641527438,27.046604732561644],[-75.54736564139985,27.046511186604587],[-75.54750290690453,27.046504624308486],[-75.54744425146923,27.046418734912137],[-75.54729173390092,27.046426026945177],[-75.54711674462598,27.04644121608589],[-75.54696187573269,27.046537313655687],[-75.5468595762206,27.046617253741452],[-75.54674040244993,27.046670709120807],[-75.54664929728092,27.04668188788866],[-75.5464144361026,27.046590778958233],[-75.54621210613499,27.04653222684773],[-75.54617073055856,27.046479624530605],[-75.5462878762288,27.046392152473302],[-75.54605796595393,27.046512306961805],[-75.54594073677805,27.046470153956715],[-75.545868452316,27.046412206676028],[-75.54585514704351,27.046317327144592],[-75.54587234418105,27.04622098767403],[-75.54588150963129,27.04611821034157],[-75.5458814266282,27.045988584901625],[-75.54586771476507,27.045886900707963],[-75.545839968549,27.045806355469505],[-75.54570667632757,27.045751324811185],[-75.54571917124797,27.045832599599116],[-75.54572606892796,27.0459482543532],[-75.54569808274857,27.046120158486822],[-75.54567244811963,27.046203255090024],[-75.54559659465714,27.046213705052217],[-75.54555838263914,27.046085902078968],[-75.54551935867318,27.045944492942482],[-75.54546629938119,27.045824222774534],[-75.54540877820817,27.04562911573376],[-75.54534849879524,27.045516013094257],[-75.54526453137338,27.045390397136728],[-75.54521350046689,27.04530414265371],[-75.54514202771256,27.045259801359304],[-75.54522461222378,27.045105752852095],[-75.5452908109552,27.04506165115062],[-75.54544454632013,27.045074768017596],[-75.54557061870933,27.04513696712083],[-75.54570788463641,27.04513040383409],[-75.54580661600122,27.04511886072829],[-75.54568492385152,27.04500187020826],[-75.54560176750006,27.044889860134823],[-75.54554460981049,27.044636740340163],[-75.54547950353059,27.04450681009186],[-75.545401741442,27.044357016244746],[-75.54534256899555,27.044278798573522],[-75.54532702215766,27.044258247237494],[-75.54529501495492,27.044106264982798],[-75.54528771234314,27.043983803631892],[-75.54511612863337,27.043992008388425],[-75.54504871228373,27.044015700628968],[-75.5451669882071,27.04349833326974],[-75.54531752023661,27.04352183855936],[-75.5453896808958,27.043385343225296],[-75.54543896383322,27.04324994088139],[-75.54557014489231,27.04314132587888],[-75.54568270863506,27.04310524004431],[-75.54583019823039,27.043077719880056],[-75.54609390266384,27.043075345783894],[-75.54633777100203,27.043125091383775],[-75.54646542537589,27.043149690619494],[-75.54672973766796,27.04315752199041],[-75.54680980999588,27.043153693685348],[-75.54693259546777,27.0430966523179],[-75.54708008468867,27.043069131964263],[-75.54732091092828,27.043067852231548],[-75.54773636398151,27.04310939506466],[-75.54817712784646,27.043190666026955],[-75.54871670471393,27.04339002448291],[-75.54927197880515,27.043660271475982],[-75.54967854604527,27.0439376268333],[-75.55015374646497,27.044211700356037],[-75.55080356978564,27.044528597134068],[-75.55169725839336,27.04489524036533],[-75.55243676404102,27.045177147907964],[-75.55431224020721,27.045271720718308],[-75.5544226964851,27.045342972297856],[-75.55752079609515,27.04547736833883],[-75.55768676761168,27.04539163237309],[-75.55783751758007,27.045311172402023],[-75.55787238205238,27.0451893822896],[-75.55789202524281,27.045072867609964],[-75.55791289474483,27.04497943579178],[-75.5579915139146,27.044906847645283],[-75.55799170660221,27.044906669795537],[-75.55811863932345,27.044864242034453],[-75.55818468369326,27.044842917743463],[-75.55825514674326,27.044807523795065],[-75.5584135051811,27.04477300967426],[-75.55851220299219,27.04478268274297],[-75.55862072117218,27.044782683127906],[-75.5586600044252,27.044743991838878],[-75.55866918668009,27.044625146953905],[-75.55864389822838,27.04453831058133],[-75.55863529245758,27.044468541346074],[-75.55863481383123,27.044464664523304],[-75.55875536168183,27.0443993722624],[-75.55872148056372,27.04434529213791],[-75.55927080875908,27.044073188925275],[-75.5594044809039,27.044006975949145],[-75.55944771104608,27.04391176767853],[-75.55947231207087,27.043840852668623],[-75.55947643466136,27.043828968568],[-75.5594835545348,27.043808443434934],[-75.55948551828911,27.04374820763817],[-75.55948797222369,27.04369720564676],[-75.55949231724868,27.043674688053017],[-75.55949607432736,27.043655216602463],[-75.55950982264504,27.0436222405823],[-75.55951104870634,27.04354815512921],[-75.55951915078157,27.043506166108532],[-75.55954198242216,27.043449667743115],[-75.5595552395653,27.043407458878338],[-75.55963773087254,27.04330677262878],[-75.55968444146009,27.043225880424725],[-75.55968977773477,27.043216638613018],[-75.5597622512534,27.043121932034676],[-75.55936651214923,27.042502838673485],[-75.5593018653588,27.042429222941117],[-75.559260027368,27.042362442876833],[-75.55924539731126,27.04233908988251],[-75.55914681138914,27.04211286812973],[-75.55920610108518,27.04206175550002],[-75.55932063051671,27.042029109103336],[-75.55940938207357,27.04202185360163],[-75.55947038896063,27.04209017773496],[-75.55955909017243,27.042058163895998],[-75.55957754887224,27.042099172023928],[-75.5597311334245,27.042043740083557],[-75.55976189061343,27.042112068861925],[-75.55982046485148,27.042090928384415],[-75.55977349353641,27.04198657956864],[-75.55995072386969,27.041922612803578],[-75.55998312899106,27.04199460225143],[-75.56006046191264,27.041966691105625],[-75.56002277454012,27.041882966981976],[-75.56011676023486,27.041849045757132],[-75.56015333365383,27.041930294712635],[-75.56019432921032,27.04191549823946],[-75.56007273692622,27.041645377155188],[-75.56029675777603,27.04148544248288],[-75.560255021123,27.04142938499902],[-75.56029151608405,27.041398590156046],[-75.55996593198974,27.04075026624091],[-75.560075904895,27.04070598369158],[-75.56031850751826,27.04118907102988],[-75.56037372696,27.041166835218522],[-75.56003426142482,27.040490868417354],[-75.56010823545746,27.04046108163807],[-75.560642846437,27.041525624877455],[-75.56067660046335,27.041431643956734],[-75.56071710350095,27.041221700364645],[-75.56085949657691,27.041227192894638],[-75.56108045186949,27.041252468990535],[-75.56134313682038,27.04109088233563],[-75.56149395166125,27.04109669833928],[-75.56162792356938,27.04110186526387],[-75.56209484761864,27.04124087360326],[-75.56222706452131,27.041455891264167],[-75.5623278889449,27.041471663561182],[-75.56240326164297,27.041528598307202],[-75.5625031844449,27.04156134950043],[-75.56259230398229,27.04158530793827],[-75.5627153024099,27.04156617703552],[-75.56277029355668,27.041531441259362],[-75.56282307375992,27.041455155743023],[-75.56291464577511,27.04142811135073],[-75.56302143878537,27.04139579070891],[-75.56311227338055,27.04135489741383],[-75.56317831332156,27.041333569966774],[-75.56329386503462,27.04151499423323],[-75.56340075402149,27.04153229116932],[-75.56354241339179,27.041572513312346],[-75.56370027722735,27.041625925399455],[-75.56378301318423,27.04162702043106],[-75.56388293670656,27.041659770190126],[-75.56399709803163,27.041668777094902],[-75.56407320967122,27.04173956017067],[-75.5642966235246,27.041762410332918],[-75.56441275090133,27.041808348777295],[-75.56450310163397,27.041855388672158],[-75.56463641094162,27.041835814975766],[-75.56475277708526,27.04178920242896],[-75.56487773377499,27.04170983335638],[-75.56503165674091,27.04159221111384],[-75.56511880199383,27.041482067074977],[-75.56516716159679,27.041419850053032],[-75.56526929054154,27.04139698068537],[-75.56524596286971,27.041347079114445],[-75.56536499309888,27.04128375337367],[-75.56538392593944,27.041220883426426],[-75.56549243067725,27.04112370883036],[-75.56551369044828,27.041045570449537],[-75.56555659601106,27.040887872098544],[-75.56566580999173,27.040513044469133],[-75.56578429601007,27.0402785594296],[-75.5659100637246,27.040029663774636],[-75.56593225357926,27.039985750774324],[-75.5660088391351,27.039871431173317],[-75.56614778210738,27.03976370140153],[-75.56634369097532,27.03975533206222],[-75.5664772411602,27.03974037278158],[-75.5667610286653,27.039635707527523],[-75.56696281971146,27.039543799613938],[-75.56701681311456,27.03939342897649],[-75.5669991223804,27.03925537420669],[-75.56694902315442,27.0390909432175],[-75.56686210801143,27.03901137112809],[-75.56674770431786,27.038997750987612],[-75.56666864017257,27.038871573187848],[-75.56667354003432,27.038769569924398],[-75.5665036264326,27.03848995613344],[-75.56636904120101,27.038387103420654],[-75.56614812154388,27.03821827107953],[-75.56578870191862,27.03806705401054],[-75.56543420178573,27.03800816459192],[-75.56541903610108,27.038015784719846],[-75.56523290472715,27.03810930132598],[-75.5652494701064,27.038289997746364],[-75.56496697763802,27.038426306304267],[-75.56490110705002,27.03834757490265],[-75.56490014823089,27.038074695054302],[-75.56473709122325,27.037905080606013],[-75.56428991946966,27.03784456074255],[-75.56378660339868,27.037868601954695],[-75.56343337521697,27.037844535413324],[-75.56293153038166,27.03763651838086],[-75.56253320655479,27.03736897076924],[-75.56204985463275,27.037214655415298],[-75.56187965008058,27.03718184708285],[-75.56157121543183,27.03688271071835],[-75.56130625499902,27.036799842562814],[-75.56088228790587,27.036615397766184],[-75.5607609306171,27.036375556005947],[-75.56074958080859,27.03618504449618],[-75.56079761870329,27.035964402295914],[-75.56099817710385,27.035736473733934],[-75.56118915912262,27.035604528955904],[-75.56154548257231,27.03542374547967],[-75.5619893772344,27.03532714715529],[-75.56225020249113,27.035252395856492],[-75.56247328526851,27.03519660503218],[-75.56269544626822,27.03512350280062],[-75.56293203046418,27.035078701701963],[-75.56312902857579,27.035018239707814],[-75.56333308607545,27.034969042163357],[-75.56364638241526,27.034909398039748],[-75.56387038493217,27.034870915763236],[-75.56425940981237,27.03477796029057],[-75.56450120718563,27.034709798454656],[-75.56460859285178,27.034543270562228],[-75.56471536440819,27.0343652017804],[-75.56482336477428,27.034210215543677],[-75.56480716313625,27.034027277835897],[-75.56494247453449,27.033900042484387],[-75.56529257450507,27.033682662694854],[-75.56577984773314,27.033615579483772],[-75.56636808182597,27.03362515151914],[-75.56662277439045,27.033677888937905],[-75.56702060768576,27.033689808041128],[-75.56744345559397,27.033746925655365],[-75.56779143838945,27.033853510336645],[-75.56817562419994,27.03391227717736],[-75.56849261972556,27.03404331725074],[-75.56882249701613,27.034197248559895],[-75.56889001810457,27.03422875643857],[-75.5691970752959,27.03447497241381],[-75.56912780722521,27.034558849507523],[-75.56911279300178,27.034577038394527],[-75.56831960392478,27.03553747884613],[-75.568319629303,27.035537496997684],[-75.56840075721735,27.035593831552536],[-75.5684890367261,27.035655131993483],[-75.56872890822666,27.03582169628623],[-75.56928429215705,27.036207348976145],[-75.57026320899779,27.03688710741501],[-75.57092924637179,27.037349605521147],[-75.5714986673397,27.03774501679034],[-75.57210491324216,27.038166001659864],[-75.57218235729336,27.038217275701875],[-75.57261406269737,27.03850309922442],[-75.57276295102353,27.038734013289137],[-75.57279746459014,27.03878677070418],[-75.57317183762098,27.039373185694444],[-75.57354001880672,27.039950181903382],[-75.57402137175852,27.03969889302192],[-75.5751971763787,27.039087048947337],[-75.57687795557837,27.03824222976979],[-75.57855586537073,27.037362583784933],[-75.57912550713965,27.037080859237005],[-75.57978113433076,27.03675714401376],[-75.58017726104424,27.036560452062066],[-75.5805000064785,27.036401266275124],[-75.5805607260741,27.037137689593578],[-75.58113935492818,27.037072803002488],[-75.5814142870694,27.03704197060519],[-75.58197770365231,27.036978783972067],[-75.58352241340562,27.036805557063158],[-75.58352767657946,27.03684319066141],[-75.58299389896577,27.03690305239062],[-75.58302061280193,27.037094064545194],[-75.58363217523075,27.03702547912661],[-75.58363822131574,27.037068710252804],[-75.58143929498647,27.037315296377525],[-75.58143435247716,27.03731585020643],[-75.58144578942543,27.0373976471006],[-75.58144681925306,27.037397531239915],[-75.58157030689273,27.03738368514684],[-75.58160836090791,27.03765582227015],[-75.58216337278743,27.037593587825533],[-75.5821905688015,27.03778806358083],[-75.5827125880481,27.037729524861607],[-75.58272925863305,27.03784872950968],[-75.58351168544738,27.037760984138547],[-75.58355059126006,27.038039162592273],[-75.58190994872744,27.038223145021583],[-75.58191300970867,27.038245031035526],[-75.58178202540087,27.038259718447925],[-75.58157696585937,27.03828271144232],[-75.58159790935098,27.038461706354166],[-75.58180152420023,27.038442602507047],[-75.5836081349475,27.038273078952844],[-75.58363127047187,27.038470760751892],[-75.58363893034328,27.038536212173046],[-75.58397155510092,27.03849409806155],[-75.58399336826078,27.03875690335787],[-75.58309341655472,27.0388857405194],[-75.58313069297311,27.039147882963984],[-75.58400893112675,27.039047738441386],[-75.58399939375272,27.03915919733901],[-75.5830430823827,27.039248808967443],[-75.583016225052,27.039326307576548],[-75.58217684849815,27.039422481739866],[-75.58217912508087,27.03949524088675],[-75.58283428083259,27.039426652716667],[-75.58284039199735,27.039473460437424],[-75.58239313366464,27.039520283591393],[-75.58240809625987,27.039634888746846],[-75.5828532247449,27.039588288049895],[-75.5828755889414,27.039707841345688],[-75.58395797783602,27.039591077338454],[-75.58396555008765,27.039660158080007],[-75.58348039992418,27.039719146970192],[-75.58290466639613,27.039776446502476],[-75.5829043958691,27.03989213450253],[-75.58322599418122,27.03986677126945],[-75.58327643120765,27.04020585291671],[-75.58402304755005,27.040156468767073],[-75.58403110001964,27.04025408360178],[-75.58329108098036,27.040303030876302],[-75.58330678414265,27.040493395307593],[-75.58390901449306,27.040453562105963],[-75.58391782034323,27.04056031287705],[-75.58331963710472,27.040599878933893],[-75.58332983460689,27.040723511691613],[-75.58405577456007,27.040675494460068],[-75.5840662397136,27.04080235454461],[-75.58334650956816,27.040849960276855],[-75.58336028766797,27.04101698849069],[-75.58407270002694,27.04096986718784],[-75.58408080211518,27.041068078314858],[-75.58337060645661,27.041115052971215],[-75.58339856912276,27.041454037217385],[-75.58382802636284,27.041425965010347],[-75.58387822797602,27.041784723354688],[-75.58378616887583,27.041802554386276],[-75.58373154235696,27.041576420236684],[-75.58323506468678,27.041610744936417],[-75.58326868251143,27.041871933276752],[-75.58200113503065,27.042021540080817],[-75.58189162808985,27.042034464468003],[-75.58195331149787,27.04248611466994],[-75.58113559907528,27.04252172333746],[-75.58100007297693,27.04257623351895],[-75.58095854587752,27.042592936670165],[-75.58102169017269,27.04302744400562],[-75.58102910774761,27.04307848285566],[-75.58091367148286,27.043091934012214],[-75.58096663075506,27.043854779279478],[-75.58079760475258,27.043863740659617],[-75.58028257858268,27.043891045898928],[-75.58023799459708,27.043321330614535],[-75.58023509300327,27.043284246093158],[-75.57999959390696,27.043299021535002],[-75.58000177003876,27.043326830778167],[-75.58004710649546,27.04390619713028],[-75.57999113042189,27.043909709613576],[-75.57995913129974,27.043500777967246],[-75.57960818677812,27.043522796074114],[-75.57967122462297,27.04432842106021],[-75.5795094445533,27.04433857093221],[-75.57947462266286,27.043893538598446],[-75.57851581888306,27.043953684200762],[-75.57842922044722,27.042949032399793],[-75.57842884253238,27.04294464680761],[-75.57820546214812,27.042966220882825],[-75.57822952147205,27.043245354105],[-75.57800836254239,27.043260637317104],[-75.57792743336941,27.04326622935131],[-75.57792462436537,27.043233634451344],[-75.57792024923754,27.04318287779295],[-75.57786392443859,27.043179817906744],[-75.57783409730189,27.04322737310135],[-75.57780106392586,27.043280041055723],[-75.57775384173476,27.043353932875185],[-75.57772711999904,27.043483132699617],[-75.57757821741941,27.043679567815868],[-75.57748822634063,27.0437094479984],[-75.57751009767293,27.044076824718207],[-75.57741286911975,27.044081466246038],[-75.5773916049747,27.043724294142077],[-75.57730368917287,27.04369267171614],[-75.57725398494433,27.04362852379955],[-75.57723916525484,27.043379589060788],[-75.57723181002318,27.04325604282628],[-75.5770964280192,27.04326250459768],[-75.5770831069523,27.04326314076416],[-75.5770767273742,27.043155988227134],[-75.5769909372307,27.043160083448925],[-75.57698607692633,27.043078443270108],[-75.57662563052747,27.04311090086473],[-75.57663310973213,27.043197700716558],[-75.57668337765014,27.04319422744077],[-75.5767197981898,27.043616902440796],[-75.57645118632738,27.04363546040288],[-75.57638130771167,27.042824468209663],[-75.57630327238367,27.042809765807682],[-75.57607095862309,27.0428139301944],[-75.57605826359632,27.042812537013184],[-75.5757884664565,27.042821228115482],[-75.57556564917589,27.04282840531812],[-75.57518791664708,27.04284057157021],[-75.57413563276982,27.042874454966757],[-75.57369576378791,27.042888615548286],[-75.57367910300063,27.04240043420194],[-75.57353113237335,27.04240448382384],[-75.57364867660613,27.044001584067484],[-75.57336810611268,27.04398319748585],[-75.57261674534982,27.043958183485714],[-75.57244100126888,27.042843632223807],[-75.57237738898327,27.042851674597618],[-75.57239435168921,27.042959253898825],[-75.5710944067258,27.043028480788458],[-75.5710311126762,27.04256848063681],[-75.57092295537797,27.042486375008163],[-75.5708291574535,27.042415170220504],[-75.57062108354667,27.042389365456742],[-75.57054621117034,27.042438838290153],[-75.5705806081351,27.0425993150919],[-75.57059217269871,27.04263100041942],[-75.57067009833551,27.042844497940308],[-75.57071861620803,27.042958489182098],[-75.57066758246688,27.043164263514782],[-75.57053356426242,27.043364332049364],[-75.57054439844254,27.04356746087084],[-75.5704751733531,27.04362594620833],[-75.57061614739159,27.043943814801764],[-75.57087002586341,27.044053261453115],[-75.57058524359141,27.044139474252535],[-75.57037255060646,27.04363958941974],[-75.5703322899387,27.04365981881023],[-75.57021489437004,27.04339646781545],[-75.57009263445873,27.043429458157217],[-75.57046153473466,27.04433910340125],[-75.5703598958871,27.044371212329228],[-75.57001309705842,27.043488384066364],[-75.56982946064345,27.043533253179543],[-75.56977073785751,27.043372909740835],[-75.56973269010668,27.043269019069584],[-75.56959962579266,27.04329321685368],[-75.56961420735531,27.043328396933404],[-75.5700029009432,27.04426617243625],[-75.56992661115216,27.044291525567047],[-75.56957609644297,27.04344585920095],[-75.5695021474266,27.043642138346605],[-75.56948484915088,27.043929516365672],[-75.56964824998903,27.044361773193355],[-75.56986458815688,27.04471986242182],[-75.5681042984335,27.045980813114916],[-75.5676317467533,27.04627315605747],[-75.56705643877437,27.046629064465822],[-75.56654927323963,27.04694944362623],[-75.5662126682889,27.04703323017628],[-75.56540095759841,27.04692908686837],[-75.56502716628438,27.04680145685787],[-75.5646316386556,27.047000162250658],[-75.56399974763693,27.04731652962797],[-75.56215218730615,27.04824150688767],[-75.5621013768146,27.048315948778992],[-75.56197001798925,27.04850840172009],[-75.56190322949541,27.04841870806698],[-75.56148372359915,27.04863187805553],[-75.56027293901805,27.049247116200874],[-75.56030715342449,27.049430435920165],[-75.56026983463468,27.049506062698278],[-75.56023251475021,27.04958168865424],[-75.56014903438053,27.049566741254996],[-75.56010704759842,27.049554650586217],[-75.55993345710588,27.049594444047194],[-75.55986671009296,27.049600537551594],[-75.5597431700103,27.049611814594083],[-75.5595499357468,27.049573783548908],[-75.55946743683816,27.049577301790496],[-75.55932871105082,27.049495301258993],[-75.55928500494979,27.049353722666215],[-75.55926167830333,27.04920664764229],[-75.55924694518082,27.04912398704342],[-75.55913400046941,27.04894371675791],[-75.55902473859257,27.04883269673182],[-75.55895402655908,27.048766304668987],[-75.55895500772579,27.04868760156731],[-75.5590235093733,27.048518102395136],[-75.5589351195409,27.048605160053683],[-75.55889730775839,27.048574382899837],[-75.55890737406159,27.048472156162013],[-75.55891645912116,27.04835146244035],[-75.55890172653726,27.04826880207698],[-75.55875637432592,27.048062151090882],[-75.55864858741735,27.04797883103084],[-75.55859088843967,27.047865612505728],[-75.55856194151949,27.047758571819177],[-75.5584546462635,27.047684484674907],[-75.5583642930941,27.04754026909204],[-75.55830733235571,27.047440900528297],[-75.55816738321239,27.047335815202953],[-75.55817941432583,27.047270522875547],[-75.55818039719956,27.047191819349074],[-75.55808734268241,27.047191159947218],[-75.55803154271163,27.047119596418522],[-75.55799306280191,27.047070246176347],[-75.55796188256915,27.04696977945548],[-75.5578997654972,27.046870630738077],[-75.55761476431975,27.046861140774457],[-75.55742030618953,27.046870432702008],[-75.55669564464782,27.047222306770355],[-75.55674626496425,27.04730175781108],[-75.55686969760295,27.04731973754149],[-75.55694319582564,27.047398094563157],[-75.55700906796466,27.04747681593561],[-75.55719208680856,27.047468070173938],[-75.55727103595709,27.04749091928462],[-75.55729325010212,27.047497348151122],[-75.55740447162265,27.047567080673936],[-75.55741493538103,27.047614337621656],[-75.55740414487775,27.047689899533818],[-75.55753426719045,27.04782013003988],[-75.55776400793582,27.048082047632988],[-75.55793388090679,27.04823766763313],[-75.5580134606006,27.048418068639982],[-75.55812792578648,27.048542223630328],[-75.55829544354523,27.048786645112358],[-75.55834565781252,27.048859290994915],[-75.55831920952767,27.048928778306227],[-75.55822129154195,27.04895392413238],[-75.55808678735305,27.048878483049492],[-75.55788121892199,27.048765504191298],[-75.55770096123038,27.048692250039423],[-75.5575099113488,27.048694557013466],[-75.55738230028572,27.04873476686699],[-75.55732575524578,27.048812514550587],[-75.55733581343539,27.048852967675085],[-75.55742253518193,27.048896580112828],[-75.55752807968206,27.048871069815757],[-75.55763281277014,27.048831953007873],[-75.55770225557663,27.04884227972164],[-75.55777332104242,27.048879817433995],[-75.55779984729065,27.048939950439483],[-75.55785849895467,27.049025838581354],[-75.55799259742705,27.049094475955698],[-75.55821698803082,27.04913833189167],[-75.55831855479137,27.049174412392603],[-75.55839886726444,27.049238797275773],[-75.55883639739268,27.049638142745675],[-75.55910933256459,27.04998326879498],[-75.55996841867729,27.05092461419494],[-75.56029964427141,27.05109298574237],[-75.56060251989409,27.051170613012708],[-75.56088190987752,27.051239129332522],[-75.56109388462114,27.051331333327745],[-75.56120887871926,27.051336072379716],[-75.56131778993276,27.051238770966208],[-75.56147671314673,27.051210711174672],[-75.56161884080548,27.05128578650839],[-75.56169598524238,27.051425365003606],[-75.56178760920427,27.051615416239734],[-75.56181900011056,27.051757179699237],[-75.561836027002,27.052042892671363],[-75.56186692577647,27.052368872990655],[-75.56194224593551,27.052477837946146],[-75.56205066505242,27.052564754675572],[-75.56210858172854,27.0527666472316],[-75.56213997161566,27.05290840871808],[-75.56233454097824,27.053093538699592],[-75.56260796332596,27.053254435641083],[-75.5629079107367,27.05347546231643],[-75.5629946683136,27.053583879429212],[-75.56302191798557,27.053848630672476],[-75.5629793200308,27.05409625292573],[-75.56280189339401,27.054391247232054],[-75.56266292405014,27.054561610451866],[-75.56271232597985,27.05462064591428],[-75.56274006841423,27.05470118232569],[-75.56259440995002,27.05475930481936],[-75.56245471643506,27.054725047967487],[-75.56221207721443,27.054695709457604],[-75.56193877269484,27.0547292318715],[-75.56183217841361,27.054672928392357],[-75.56160584295762,27.054724673395892],[-75.56127302954341,27.054914530275525],[-75.5607764303148,27.055050816603245],[-75.56023103652545,27.05513827215324],[-75.55998304122187,27.055211517194643],[-75.55959766687815,27.0550969068779],[-75.55886427473533,27.05491706395322],[-75.55864451194111,27.05488663429764],[-75.55847950797742,27.054812657094],[-75.55809060196442,27.05483124078186],[-75.55808208628892,27.054688389230364],[-75.55789481349235,27.054625709438994],[-75.55762868823622,27.054587262430957],[-75.55728249365467,27.054552642692197],[-75.55672018606803,27.05454881626691],[-75.55602901251221,27.054499986135113],[-75.55525594459654,27.054424371822908],[-75.55478988880917,27.054303386986867],[-75.5544110819931,27.054106601404214],[-75.55420871921802,27.05398324612591],[-75.55388771239167,27.05379393170377],[-75.55351742164908,27.05374000020791],[-75.55324594063342,27.053804140624027],[-75.55293418092909,27.05396230341044],[-75.55269105222455,27.054117184939386],[-75.55245692834946,27.054230704623905],[-75.55201204456462,27.054272437119998],[-75.55140397891815,27.05427080518245],[-75.55122035525177,27.054269349897382],[-75.55110061616612,27.054377402786603],[-75.55130176410283,27.05448034840404],[-75.55180627378024,27.054476697365658],[-75.55213798997777,27.054460840438406],[-75.55250402096398,27.0544433440537],[-75.55283573705708,27.054427488188942],[-75.55307411954965,27.054385394879038],[-75.55327331899896,27.054263312443528],[-75.55346108086964,27.054141776106],[-75.55352849435988,27.054118087815656],[-75.55388126238088,27.054070527987047],[-75.5541577317454,27.054282436568133],[-75.55421735739691,27.054320518445888],[-75.55431616606037,27.05443858936088],[-75.55432164184246,27.054530423359317],[-75.55417598305054,27.05458854931029],[-75.55378293787282,27.054730128752578],[-75.55345438627222,27.054991419890595],[-75.5530638978904,27.055368230680926],[-75.55290935705807,27.05566213314207],[-75.55277830260779,27.055965145237913],[-75.55269884270665,27.055979176139893],[-75.55263860836645,27.055930892311597],[-75.55258640615315,27.056209668411306],[-75.55221879641758,27.05658538253627],[-75.55192273835002,27.056814418664345],[-75.55178912783174,27.056882200880548],[-75.5517288934008,27.05683391717143],[-75.55167340455749,27.05667284901385],[-75.55162095771482,27.056562797843938],[-75.55162886773778,27.056695442684187],[-75.55163556146233,27.056807680790254],[-75.55153565849767,27.056863619480183],[-75.551399005961,27.056880385041755],[-75.55133098421877,27.0568938694326],[-75.55149416424364,27.0569372309309],[-75.55162302855443,27.05698223366282],[-75.55155926676284,27.05706714197948],[-75.55128304300949,27.05724406682898],[-75.55104648776978,27.05731677025183],[-75.55082198050887,27.057399130273808],[-75.55054332286836,27.057535242039876],[-75.5503897556122,27.057460723274016],[-75.55024215037793,27.05729382747545],[-75.55011851468205,27.05695183206491],[-75.5500256657677,27.056741387099216]]]}},{"type":"Feature","properties":{"Ward_Num":2,"Shape_Leng":64048.1943604,"Shape_Area":21335719.0964},"geometry":{"type":"Polygon","coordinates":[[[-75.57026320899779,27.03688710741501],[-75.56928429215705,27.036207348976145],[-75.56872890822666,27.03582169628623],[-75.5684890367261,27.035655131993483],[-75.56840075721735,27.035593831552536],[-75.568319629303,27.035537496997684],[-75.56831960392478,27.03553747884613],[-75.56911279300178,27.034577038394527],[-75.56912780722521,27.034558849507523],[-75.5691970752959,27.03447497241381],[-75.56934881600664,27.03459664567352],[-75.56979932782448,27.03493018630758],[-75.57039931539383,27.035371848837325],[-75.57066569202887,27.03552239971621],[-75.57084062192118,27.035653726001474],[-75.57088667311996,27.035790564411418],[-75.5714249323022,27.03595261889436],[-75.57163232550899,27.036038503091532],[-75.57172874524457,27.0360784315001],[-75.57180356686834,27.036133177752703],[-75.57186316741648,27.036176787573343],[-75.5717855284736,27.03627920292289],[-75.57163197981183,27.03630659247038],[-75.5715380774694,27.036289788604837],[-75.5716367821768,27.03639661297485],[-75.57174504214498,27.036391981703826],[-75.57182714859803,27.03633294577985],[-75.57185771053548,27.036324697455303],[-75.5718971131522,27.036336892613715],[-75.5719681870344,27.0363616136488],[-75.57202194804961,27.036352373636756],[-75.57203408870036,27.03628938997176],[-75.57204622937762,27.03622640719386],[-75.57209961983827,27.036210242133414],[-75.57227932282038,27.036237255308407],[-75.5725391779387,27.036255117530004],[-75.57399165596772,27.034630144278392],[-75.57402514414105,27.034531545487773],[-75.57402955068791,27.034468893008402],[-75.5740170125429,27.034379205219295],[-75.57400595381867,27.034317214760996],[-75.57400262725358,27.03425489334846],[-75.5739606371427,27.034194227784575],[-75.5738652584278,27.034149727287506],[-75.57373710143699,27.034071928275278],[-75.57370798971104,27.03396212845413],[-75.57370002218718,27.033929126002036],[-75.57368848686212,27.033881341913585],[-75.57368808943822,27.03387969498586],[-75.5736748135981,27.033776158246354],[-75.57367185688632,27.033720761062156],[-75.5737613214935,27.033654469074204],[-75.57390491431433,27.03358585927532],[-75.5739719196305,27.033534409150807],[-75.57394502633686,27.03346615590485],[-75.57385959823492,27.033462872618838],[-75.57376166273504,27.033515647403803],[-75.57364715224199,27.033548310025477],[-75.57357056580166,27.033565468662427],[-75.57352121384395,27.0335120572326],[-75.57343319876408,27.033460301402634],[-75.57336286621438,27.033449430817107],[-75.57323914541384,27.033454725725957],[-75.57316807382514,27.033430005933223],[-75.57308890071806,27.03339869288872],[-75.57307037475647,27.033399485705967],[-75.57300384222589,27.033402332931242],[-75.57293609734373,27.033439933280345],[-75.57286650390046,27.03344291139523],[-75.57284330673427,27.0334439040611],[-75.57272032392308,27.03346304740543],[-75.5727158899834,27.033379953004346],[-75.5727519666879,27.033329826398834],[-75.57274901070924,27.033274430159466],[-75.57280055244696,27.03322364265496],[-75.57297270952492,27.033109393897398],[-75.57324590748166,27.03300053758915],[-75.57353530877731,27.032904867677868],[-75.5738180851301,27.03283030101887],[-75.57394805846144,27.032796976363734],[-75.57391592296938,27.03273680482514],[-75.5739206788053,27.032623989131057],[-75.5739597523689,27.03250953578639],[-75.57412429988884,27.03228673856447],[-75.57422385904925,27.032128454635245],[-75.5742261851635,27.031974813073607],[-75.57420203906607,27.031858258003446],[-75.57408911417396,27.03179200137177],[-75.5739614612996,27.031767389076872],[-75.57375165898867,27.03180811073498],[-75.5735108290236,27.031809372362662],[-75.57341116581007,27.031773187862463],[-75.57335604419876,27.031714406786474],[-75.57331954836013,27.03158308840769],[-75.57337906924897,27.03142671439155],[-75.57350813698605,27.031282374085244],[-75.5735707146735,27.031197959047983],[-75.57361432746154,27.031139125643893],[-75.57356760644122,27.031028764934053],[-75.57336828014355,27.030956396268067],[-75.57328071948162,27.030951922069093],[-75.57316115982778,27.030945812928053],[-75.57301604325208,27.030916916688916],[-75.57291121506857,27.030793977187567],[-75.57288555053582,27.03065190440294],[-75.57290317648341,27.03063160457879],[-75.5729875393457,27.03053444346873],[-75.57308112729662,27.030468562214416],[-75.57320002319722,27.03044241481158],[-75.57330176116598,27.030417087281155],[-75.57333096981053,27.030394633000675],[-75.57342242880627,27.03032432383533],[-75.57354547320325,27.030175151302906],[-75.57358393955367,27.030050487308703],[-75.5736499889079,27.029714675280076],[-75.57369619650392,27.029430987162698],[-75.57365185511499,27.029264214930283],[-75.57359911090032,27.029149021543592],[-75.57348336686557,27.029067542536524],[-75.57344013547069,27.029059206586155],[-75.57331316121801,27.029034724864438],[-75.57313890475871,27.028933861946975],[-75.57330666105548,27.028783225484567],[-75.57328676261152,27.028700794551742],[-75.57327641592798,27.028506910627087],[-75.57326976454623,27.02838227160264],[-75.57317624107355,27.02837239384876],[-75.57297755300398,27.028340190545517],[-75.57297299114317,27.02833945108729],[-75.57281095985407,27.02820758035078],[-75.57278293363991,27.027972813128354],[-75.57277702205657,27.02786202309287],[-75.57276805505794,27.027796126410394],[-75.5727636930303,27.02776407302481],[-75.57273532938808,27.027750930791967],[-75.5725923129688,27.027684663115856],[-75.57234876364123,27.028106215719713],[-75.57204675820235,27.027966278801618],[-75.57222839221818,27.027651897567363],[-75.5719338718299,27.027515428060887],[-75.57215576684673,27.0271313589716],[-75.57221628161271,27.027026614850552],[-75.57165595617849,27.02676697818843],[-75.57159914196018,27.0268653136472],[-75.5712894166254,27.027401395902725],[-75.57113034604383,27.027327686754997],[-75.57020998231123,27.0269702398532],[-75.57018800813933,27.027050761207203],[-75.57020319872126,27.027305936027528],[-75.57038104257072,27.027723944367906],[-75.57092619303083,27.02820971284868],[-75.57152651376433,27.02865872559196],[-75.57200982675401,27.029117756410116],[-75.57153683014562,27.029700264100736],[-75.57098584403074,27.02918066441594],[-75.57036898489622,27.028582319481796],[-75.56976184557911,27.028147281233625],[-75.56938916359907,27.0277965825636],[-75.56914889174602,27.027357671784653],[-75.56890294665587,27.02682349261621],[-75.56866200608536,27.026630274834446],[-75.56804690093738,27.026318441753517],[-75.56767030575294,27.026158997761488],[-75.5674037203891,27.02604889330207],[-75.56719018408518,27.026059090255835],[-75.56688351205531,27.02604643830209],[-75.56661692640965,27.025936334391496],[-75.56642011915429,27.02571371234468],[-75.5662964780509,27.02569231983612],[-75.56600439190314,27.02592464154415],[-75.56577980015643,27.026262925427016],[-75.56577102982902,27.02637253031156],[-75.56568761918294,27.02651299606614],[-75.56541321748465,27.026785416651666],[-75.56511317446109,27.027140949220488],[-75.56491908952691,27.02747777199994],[-75.56464550099308,27.027763799808838],[-75.56451795340999,27.027933667744865],[-75.56425070285871,27.02806926308829],[-75.5640813042627,27.028050058330532],[-75.56403783176347,27.027833766054282],[-75.5641989801116,27.027457572557825],[-75.56436970693008,27.02698538311534],[-75.56466812933708,27.026602629746833],[-75.56484777232554,27.026280140440072],[-75.56507803722516,27.02603712290894],[-75.56526011224427,27.025755461050505],[-75.5654429986373,27.025487408560483],[-75.56543003300942,27.025269653270456],[-75.56542517028598,27.02518799467615],[-75.56516654136165,27.02495467462171],[-75.5650748812396,27.024699730218476],[-75.56506272544391,27.02449558334196],[-75.56515895922745,27.024313556318763],[-75.565317014052,27.024142224803096],[-75.56574136913181,27.023562364461924],[-75.56586081620492,27.023256388794195],[-75.5660244007615,27.022921006178645],[-75.56611415267375,27.022630095710095],[-75.56929876643589,27.023965737286318],[-75.56917869257352,27.025392308741043],[-75.57011361825862,27.025825542449915],[-75.57021167047232,27.025655834578533],[-75.57046830217746,27.02577475580221],[-75.57074457217624,27.025902776002777],[-75.5712587802741,27.025012766528814],[-75.5709286329992,27.024859780537813],[-75.5708225035904,27.02481060149899],[-75.57086374300644,27.02473922323869],[-75.5709655509213,27.02478640034024],[-75.57128740734869,27.024935543977477],[-75.57135035364826,27.02482659401479],[-75.57111040894408,27.02471540715016],[-75.5713441374996,27.024343718761347],[-75.57128078150458,27.02415982035373],[-75.57117876892153,27.02386371489304],[-75.57136739748773,27.023811592736344],[-75.57144253448537,27.024029686738956],[-75.5715371555176,27.024045018424864],[-75.57155796237481,27.02370869144847],[-75.57168608761441,27.023715048372797],[-75.5716576996414,27.024173949141506],[-75.57165616081117,27.024198818270687],[-75.57197369984223,27.02423350291598],[-75.5719851507724,27.024448155999533],[-75.57218176699604,27.02450220443594],[-75.5721909573339,27.024245794388303],[-75.57220045145122,27.023980897503574],[-75.57227003630042,27.023977919990656],[-75.57227436518252,27.023478049026252],[-75.57232073399065,27.02347837051089],[-75.57231394546393,27.024262364053953],[-75.57231330245355,27.02433661177624],[-75.57236568310927,27.024336975912256],[-75.57236626780448,27.02426941327238],[-75.57236768091795,27.02410626549333],[-75.57247802439997,27.02410703195552],[-75.5724985275513,27.023176973530816],[-75.57256029698608,27.0231780653958],[-75.57253878247946,27.02415402195113],[-75.572589725244,27.02415492225685],[-75.57260167670023,27.023612744114832],[-75.57264642660094,27.02361353517094],[-75.57264135786718,27.023843505741695],[-75.57270438550415,27.02384461976344],[-75.57271964004644,27.023152553096775],[-75.57279975731124,27.023153970015336],[-75.57278442355322,27.023849679996943],[-75.5728597747384,27.023851012334926],[-75.57285223616836,27.02419302549333],[-75.57299467203396,27.024195543698884],[-75.57300780302401,27.023599723064432],[-75.57328982495204,27.023604707546195],[-75.57327875672358,27.02410697820771],[-75.57339970071008,27.024109115518215],[-75.57342154220704,27.02311783220592],[-75.57358011735973,27.02312063439763],[-75.57356094388433,27.02399089889769],[-75.57371831305377,27.023993679997233],[-75.57372490583967,27.0236943672767],[-75.57381160708229,27.023695899366583],[-75.57380530221859,27.023982124891],[-75.57389619113184,27.02398373122027],[-75.57390535237421,27.023567797517618],[-75.57397422740154,27.023530217422195],[-75.57401694986434,27.023604729746477],[-75.57405083358479,27.023658799799822],[-75.57407184027574,27.023762002070338],[-75.57422684114074,27.023762306137385],[-75.5742474482176,27.02371284296651],[-75.5742349125562,27.02362315911241],[-75.57424483136172,27.023172746300027],[-75.5743730559688,27.02317501127869],[-75.57435969741847,27.023781621009473],[-75.57435822558044,27.023848479267528],[-75.57441865586951,27.02384954684689],[-75.574547685003,27.023858339129188],[-75.5747465757315,27.023936805668942],[-75.5750016871216,27.024037452787613],[-75.57528035540395,27.023451188462566],[-75.57535430037606,27.023479380163828],[-75.57547267614667,27.023230336995262],[-75.57552696376655,27.023251033512235],[-75.57542924278106,27.023456621534887],[-75.5754899484308,27.023479765076058],[-75.57555841682988,27.023335718028036],[-75.57559615964136,27.023350107346722],[-75.57571441847178,27.023262425603136],[-75.57572526357632,27.02346553712916],[-75.57593780245851,27.023382406837534],[-75.57571080286814,27.023798453928322],[-75.57557076119781,27.024055121517687],[-75.57584768394604,27.024186914665833],[-75.57609399028951,27.024304136861566],[-75.57675534372633,27.023207831202846],[-75.57693590736172,27.023294517829957],[-75.57669764817368,27.023689472725085],[-75.57680410082635,27.023740579272342],[-75.57656718325869,27.02413331038026],[-75.57647041077794,27.02429372517693],[-75.57724906768613,27.02467193237137],[-75.57738781350889,27.024441932904374],[-75.57828133868263,27.022960703560727],[-75.5789179679216,27.02326872111628],[-75.57846408143651,27.024021164338187],[-75.57788727561125,27.024977357917],[-75.57853045652728,27.02528854370901],[-75.57902569439973,27.024467557457374],[-75.57961409047746,27.02349211284406],[-75.58025954090614,27.02380438539495],[-75.57967670741837,27.024770622744608],[-75.57942671575918,27.025185059182405],[-75.57965666456832,27.02529630902044],[-75.57991854787983,27.025423008333807],[-75.58076185936133,27.02402493418815],[-75.58129802322064,27.024284324292374],[-75.58082654341196,27.02506597792568],[-75.58049762558672,27.025611271884916],[-75.58045401078463,27.025849547012236],[-75.58060495240623,27.025898362163236],[-75.5808448146183,27.025975934726446],[-75.58168141047442,27.024616800396515],[-75.58208116574333,27.025136359106277],[-75.58185158677594,27.025496395381357],[-75.58074650440906,27.02722938470671],[-75.58103438367633,27.027376616726873],[-75.58112437015087,27.02723550151829],[-75.58131922153866,27.026929939986925],[-75.5813446551865,27.026942947385848],[-75.58165869465797,27.02645046878145],[-75.58178127687496,27.026326162950657],[-75.58207567716568,27.025806552294345],[-75.58208505831298,27.025981968064432],[-75.5821493811318,27.02602547716735],[-75.58216901195807,27.026006127722013],[-75.58222450646382,27.02607777614775],[-75.58225941317536,27.026130980975466],[-75.58225955666667,27.02613119952915],[-75.58226964208889,27.026146571721256],[-75.58234566281482,27.026180924610305],[-75.58239340168606,27.026144560226914],[-75.58248766431322,27.026168277419668],[-75.58248186340903,27.02620504798465],[-75.5824567981099,27.026363926491882],[-75.58248113766136,27.026381229849083],[-75.5825427275316,27.026425016022383],[-75.58271347594703,27.026140083142373],[-75.58281218316642,27.026246891494758],[-75.58209538536165,27.0274965371609],[-75.58155511810047,27.028438399531716],[-75.58172462011431,27.02849139630285],[-75.58178353180384,27.0284226018877],[-75.58194920856984,27.028229133201393],[-75.58203910478811,27.02821406207001],[-75.58242623399669,27.027531193539915],[-75.58254488203032,27.027517193412635],[-75.58254945077111,27.027516654679903],[-75.58256441158531,27.027487128498286],[-75.58273637579349,27.027147744182255],[-75.58308676379988,27.026744060137062],[-75.58337900220008,27.02718494898398],[-75.58308063960749,27.0276594493385],[-75.58255856724472,27.028523928965377],[-75.58272796199077,27.02859994530709],[-75.58334472855584,27.027574089610855],[-75.58340022627755,27.027645737769568],[-75.58271240732802,27.02884832638333],[-75.5825159951709,27.02919172915897],[-75.58265414926173,27.029257602966172],[-75.58285340447041,27.028922456848562],[-75.58350863272828,27.027820349286955],[-75.58358630768014,27.027857384771455],[-75.58344940899262,27.028087654393392],[-75.58276670181505,27.029235976417873],[-75.58291840702948,27.029308310673997],[-75.58309667197483,27.02900846974109],[-75.58345073424789,27.028412928851814],[-75.58362471283972,27.02849588258403],[-75.58347519389476,27.028747379102708],[-75.58296441046697,27.02960652234012],[-75.58312694433441,27.02968401927786],[-75.583441854459,27.02919238638098],[-75.58393755211854,27.028418496635652],[-75.58402595391424,27.028593753290426],[-75.58405314321848,27.02864765476404],[-75.5838738140208,27.02896534844945],[-75.58395984494365,27.02901154362821],[-75.58400147878727,27.029033900000556],[-75.58381739927512,27.029339893397243],[-75.58369604583348,27.02954161675033],[-75.5839392588722,27.02968155407971],[-75.58425389898319,27.02916488106793],[-75.58453751676794,27.0293601053102],[-75.58404528847451,27.030184936358925],[-75.58407857486924,27.030200866812432],[-75.58413074153113,27.030225833320284],[-75.584097264984,27.030281929264444],[-75.58399055569346,27.030460740282127],[-75.5840524331678,27.030490353637784],[-75.5840074611859,27.030565711228533],[-75.58411526505913,27.030617305408075],[-75.58422430043267,27.030482494870487],[-75.58428076848381,27.03051188117729],[-75.5847029623887,27.0300137242331],[-75.58487548581493,27.030156195936065],[-75.58492931866061,27.030200650997408],[-75.58479349171009,27.030498552326343],[-75.58468810330541,27.030651101028326],[-75.58448764660078,27.030941256597117],[-75.58471459098315,27.0309873567649],[-75.58498126392935,27.031041526702086],[-75.58501741956013,27.03099835039872],[-75.58506867820678,27.030937139837274],[-75.58524962916931,27.03097817767035],[-75.58539033356463,27.031010087458203],[-75.5853889020829,27.03105930084092],[-75.58538805790272,27.031088312014703],[-75.58538760434517,27.03110389880308],[-75.5853734885704,27.03127454391472],[-75.5848913971633,27.0311761146663],[-75.5844606327171,27.03108816224218],[-75.58440745807843,27.031180668911748],[-75.58458038811108,27.031237505062304],[-75.58467446221646,27.031268423309665],[-75.58504250745636,27.031389385793467],[-75.5851253394732,27.031344188468722],[-75.5853066494741,27.031408533920345],[-75.58533469279817,27.031418486300964],[-75.58527269947227,27.031563424483338],[-75.58522437897172,27.031545965071928],[-75.58502375730642,27.03147347460921],[-75.58499838711568,27.031578669044144],[-75.58499459378706,27.031577646207175],[-75.58480966170445,27.031527776052624],[-75.58477447079188,27.031449471881256],[-75.58445059738618,27.031351627617248],[-75.58442208503524,27.031458146682336],[-75.58521600856434,27.03181157533253],[-75.5850492350603,27.032112015619912],[-75.58469758471969,27.031955473710497],[-75.58464258258229,27.031930988336384],[-75.58459591761206,27.031930727297677],[-75.58429064103208,27.03179482702515],[-75.5842262181068,27.031766147383987],[-75.58412857514371,27.03172267973264],[-75.58411158801235,27.031753281657032],[-75.58404637762499,27.031870753185093],[-75.58452313587878,27.032082992938268],[-75.58450159364412,27.032121799743848],[-75.58496624997592,27.03232864881825],[-75.58485985837096,27.032520309845566],[-75.58434337658016,27.032290389279762],[-75.58425808596755,27.032444034607366],[-75.58414128079275,27.03239203591484],[-75.58408925372446,27.032485758823164],[-75.58469269912567,27.032754393670672],[-75.58456305037565,27.03298794832406],[-75.58410347727948,27.03278336082941],[-75.58404530677853,27.03288814953447],[-75.5831916923644,27.032508138592586],[-75.58313412738462,27.032611835610265],[-75.58445395821428,27.033199390887816],[-75.58438034643089,27.033331995618894],[-75.5829352236945,27.032653789862326],[-75.58268383593898,27.033106881814486],[-75.58353022311533,27.033483465282103],[-75.5834860801392,27.033563027751576],[-75.58322939984483,27.033448824582177],[-75.58310947159694,27.033615377487866],[-75.58404857263737,27.034026212312725],[-75.58398051001502,27.03420264350272],[-75.58257861188052,27.033591880544144],[-75.58250869435206,27.033733688282734],[-75.58244535252777,27.033708643683433],[-75.58229948198807,27.033927739465266],[-75.58338528647248,27.03442482742396],[-75.58324051217264,27.03461611663475],[-75.5840611655703,27.034985765203366],[-75.58399503551887,27.03543973180659],[-75.58277724785705,27.034890472606985],[-75.58275641152572,27.034983906013284],[-75.58281413658842,27.03509710393391],[-75.5834745806954,27.03536952362831],[-75.58340342825942,27.035488250638327],[-75.58321805818039,27.03540366352233],[-75.58319536995066,27.035462474029888],[-75.58275224271516,27.03538894361768],[-75.5826927431302,27.03548403568102],[-75.58316658464744,27.0356487877784],[-75.58310222302198,27.03589446513098],[-75.58169276978765,27.035582448071743],[-75.58166813427917,27.035701492513976],[-75.58214686874744,27.0358128299924],[-75.58220470215322,27.035879754036657],[-75.58271399914894,27.035982837103305],[-75.58287861026558,27.036017418658115],[-75.58405330011965,27.03609888990761],[-75.58404766014186,27.036164106914658],[-75.58328757464199,27.036111392206983],[-75.58326988297873,27.036315944235433],[-75.58235472334344,27.036366093385862],[-75.5823618153989,27.036469877405324],[-75.58335751786584,27.036421631073008],[-75.58336211670894,27.036497733062717],[-75.58236378341864,27.036547544617264],[-75.58227617386999,27.03664846975608],[-75.58222208898351,27.036796539009543],[-75.58216504098625,27.036889212428395],[-75.58197245969085,27.036911352847195],[-75.58197770365231,27.036978783972067],[-75.5814142870694,27.03704197060519],[-75.58113935492818,27.037072803002488],[-75.5805607260741,27.037137689593578],[-75.5805000064785,27.036401266275124],[-75.58017726104424,27.036560452062066],[-75.57978113433076,27.03675714401376],[-75.57912550713965,27.037080859237005],[-75.57855586537073,27.037362583784933],[-75.57687795557837,27.03824222976979],[-75.5751971763787,27.039087048947337],[-75.57402137175852,27.03969889302192],[-75.57354001880672,27.039950181903382],[-75.57317183762098,27.039373185694444],[-75.57279746459014,27.03878677070418],[-75.57276295102353,27.038734013289137],[-75.57261406269737,27.03850309922442],[-75.57218235729336,27.038217275701875],[-75.57210491324216,27.038166001659864],[-75.5714986673397,27.03774501679034],[-75.57092924637179,27.037349605521147],[-75.57026320899779,27.03688710741501]]]}},{"type":"Feature","properties":{"Ward_Num":5,"Shape_Leng":53203.8312096,"Shape_Area":32228295.2867},"geometry":{"type":"Polygon","coordinates":[[[-75.59012360902518,27.029280213215582],[-75.59073025355957,27.028280173078844],[-75.59075565990142,27.02819298150533],[-75.59068066885303,27.028166533263487],[-75.59082427055513,27.027803480620094],[-75.59080058240362,27.02779096281282],[-75.59080579338749,27.027775701534186],[-75.59072020616742,27.027751123565796],[-75.59070913719133,27.027770758375436],[-75.59062681265705,27.027852476268514],[-75.59048583237794,27.028156719037053],[-75.590433270739,27.028198803661958],[-75.59008398233762,27.028896817805947],[-75.5900320717296,27.02887268041458],[-75.5900015546835,27.02882568751895],[-75.59014144236913,27.02852559337271],[-75.5901440255087,27.028472585896033],[-75.59026070474916,27.02821624664702],[-75.59022748442261,27.028204182937905],[-75.59009516435697,27.028486857794636],[-75.59008993490026,27.028463223738857],[-75.59006825443957,27.028452316571965],[-75.59003775021105,27.02845377177517],[-75.59001898864292,27.02845978402547],[-75.59014940211728,27.028177199998396],[-75.59008507025327,27.0281563848956],[-75.59018951649215,27.027919393315344],[-75.59016582938284,27.027906875302374],[-75.59017926041574,27.027875527498892],[-75.59007408244682,27.02784301316647],[-75.58966906392692,27.02857556837567],[-75.58963099856206,27.0285584690688],[-75.59009715857015,27.027732731381793],[-75.59011990831858,27.027593111337463],[-75.59012237178978,27.027577991800023],[-75.59006980965574,27.027513966243696],[-75.5900055516055,27.02754262024307],[-75.58930489267966,27.028492137965532],[-75.58876678282597,27.0281723497058],[-75.58977095630658,27.02730149695775],[-75.58973838663358,27.027274235028507],[-75.58967840014648,27.027224024152485],[-75.58951355824512,27.027281359702464],[-75.58945051047563,27.02721783432113],[-75.5895804814334,27.027056391284862],[-75.58947135683832,27.026957531783108],[-75.58886345134462,27.027421989025363],[-75.58850206933054,27.02769809505026],[-75.5880955290732,27.027002683614253],[-75.58896362318379,27.02672138918119],[-75.58893822653414,27.026603099007232],[-75.58893774248591,27.026600842976695],[-75.58870305177923,27.026641038916615],[-75.58866795656536,27.02646011900084],[-75.58864239062815,27.026328323864327],[-75.5885780236967,27.026338239625645],[-75.58792055103075,27.02643952485521],[-75.5877633008904,27.02601370306695],[-75.58875601951242,27.02598852881977],[-75.5887689292836,27.025916261309494],[-75.58903393915323,27.025903620641717],[-75.58902776788145,27.0257998489124],[-75.58834050064071,27.025817276015022],[-75.58839688579393,27.025382966711867],[-75.58820881419378,27.025339050789885],[-75.58797770162812,27.025310836582918],[-75.58795598327569,27.02542788178896],[-75.58756831494239,27.02537130869956],[-75.58756537693556,27.024891382560885],[-75.58746265879002,27.02488277086103],[-75.58746518493143,27.02485887740079],[-75.58811370421095,27.02491324463568],[-75.58865904066799,27.02501689039099],[-75.5888059695362,27.025060209619756],[-75.58881493833634,27.025034191782414],[-75.58912343402966,27.025093689376803],[-75.58913861220823,27.025043491168876],[-75.58917619516617,27.025048522280116],[-75.58916784476381,27.025004564537365],[-75.58864436042855,27.024850400150193],[-75.58825433450166,27.02477884095671],[-75.58826261407805,27.024676937326046],[-75.58751202290166,27.02454616800711],[-75.5875153828991,27.024530207584764],[-75.58749076960763,27.024526090328333],[-75.58749418656056,27.024509862534067],[-75.58753813809487,27.024509471689658],[-75.5876202211343,27.02450726204166],[-75.58769778274575,27.024493326520822],[-75.58775948535678,27.024469911311737],[-75.58780753825978,27.02444202862575],[-75.5878388370748,27.024421769431186],[-75.58788660198041,27.024421196264],[-75.5878864844656,27.024387081579437],[-75.58782054941317,27.024371460606332],[-75.58773143116271,27.02435182709999],[-75.58765822074119,27.024344390278817],[-75.58766288933836,27.024255149568948],[-75.58764846684196,27.024254553697194],[-75.58764968933421,27.02423118493499],[-75.58766253004116,27.02422204205398],[-75.58766693407318,27.024199654058386],[-75.58766571977111,27.024179239467458],[-75.58765478233059,27.024166568670235],[-75.58765579192851,27.024147264287627],[-75.58767951268786,27.024148244193345],[-75.5876788749459,27.024160436393522],[-75.58779956878507,27.02416542267982],[-75.58780436209503,27.024073810678132],[-75.58768784350669,27.024068997431836],[-75.58768524440521,27.024089594168995],[-75.58765443537693,27.0240859450629],[-75.58765863763871,27.024060154040647],[-75.58766565734801,27.024049583313772],[-75.58767287877401,27.024042414753634],[-75.58767347031576,27.02402020801506],[-75.5876649327363,27.0240052605205],[-75.58766041130166,27.023993533868264],[-75.58766220153983,27.023959327687873],[-75.58779636837575,27.023964870170243],[-75.58798159228053,27.023928739005832],[-75.58798068246817,27.0239134280406],[-75.58799131005729,27.023912875349456],[-75.58837333185706,27.023892992603848],[-75.58890638975689,27.02391874864883],[-75.58893006224983,27.023898853505656],[-75.58892783670298,27.023861426485905],[-75.58892742485025,27.02381869119783],[-75.58892667214388,27.023740669656668],[-75.58709321894639,27.023719135974382],[-75.5870063067389,27.02335801535683],[-75.5877594221065,27.023360252542048],[-75.5877893053794,27.023305365458953],[-75.58770920002625,27.022999286458045],[-75.58695503326946,27.023121593777013],[-75.58689797576146,27.022921386921432],[-75.58758319946408,27.022665438312483],[-75.58907453646576,27.023076889385997],[-75.58902794663835,27.022639685325593],[-75.58771989008206,27.022261515815956],[-75.5875638593979,27.022268217719347],[-75.58679559338974,27.022494877809493],[-75.58675223748077,27.02233419954719],[-75.58737556561687,27.02214834785039],[-75.58730568940882,27.021961142310907],[-75.58673693199829,27.02212044218366],[-75.58666907540717,27.021934878982393],[-75.58729640053693,27.02175162274571],[-75.58752624883627,27.02168123067546],[-75.58785231740981,27.021604975522166],[-75.5879163233478,27.02179070314754],[-75.58885564975824,27.022061596193822],[-75.58888130979985,27.02199997354363],[-75.58883002411504,27.021979698615134],[-75.58880469711778,27.021723143093798],[-75.58884834568327,27.021729883474787],[-75.5888923042975,27.02173667084429],[-75.58889091810809,27.021710793101377],[-75.58884052379179,27.02168025450585],[-75.58842996054871,27.0214314544035],[-75.58867456989557,27.021348321069805],[-75.58862729954151,27.020857908283308],[-75.5886267672235,27.020852380862564],[-75.5883918987695,27.020920754616785],[-75.586515441233,27.021466997879763],[-75.58645050152259,27.02122770594186],[-75.58724359671275,27.021003440930645],[-75.58734456708028,27.02094204336046],[-75.58733795687581,27.02092676495043],[-75.58764915245615,27.02082521219987],[-75.58764699381727,27.02081846411251],[-75.58763987753164,27.0207962153997],[-75.58798831823992,27.020705165189714],[-75.58797950421221,27.020684794942042],[-75.58829740166001,27.020600243070383],[-75.58828307216183,27.020548984323142],[-75.5887210895871,27.02045062606893],[-75.5887759949465,27.020367905152913],[-75.58879433649443,27.020340272389287],[-75.58879037788252,27.020302401025692],[-75.58871312863016,27.02026595003311],[-75.58829397333331,27.02037041476943],[-75.58828121466311,27.02034848460323],[-75.5879952175451,27.02042301886994],[-75.58755644236675,27.020557719181795],[-75.58752588956244,27.020569329409916],[-75.58732559563609,27.020645445763623],[-75.58707374449105,27.020737531873205],[-75.58703706685351,27.020773689668044],[-75.58636425208252,27.02095820549562],[-75.58632848396803,27.020470394239204],[-75.58634357815177,27.020355622752493],[-75.58673467403896,27.020283991108343],[-75.58708349557999,27.020220100539294],[-75.58709643865666,27.020245481784265],[-75.58714927886767,27.020258774685924],[-75.58874859991506,27.019825225265375],[-75.5887475542216,27.01981610980362],[-75.5887101506783,27.01948990590986],[-75.58870874555562,27.01947765218768],[-75.58826241434012,27.019507202480874],[-75.5869792522979,27.019832308752253],[-75.58693932490668,27.01984242406951],[-75.58693271487842,27.019827145700145],[-75.58646210501425,27.019944186764608],[-75.58672841186086,27.019256660098396],[-75.58760169568417,27.01899436696851],[-75.58768148843393,27.018970189977978],[-75.58852280469063,27.018745573336187],[-75.58849420982571,27.01857215987997],[-75.58861967647525,27.018535645037044],[-75.58860558910804,27.018382882602193],[-75.58800390454417,27.018582013767936],[-75.58746632126537,27.018759931696234],[-75.58690744365975,27.018944897163916],[-75.58722046575842,27.017971106091974],[-75.58761429272738,27.017839565532153],[-75.58855530085242,27.017525255825813],[-75.58853461704707,27.017289936957713],[-75.58847102840429,27.01730576632099],[-75.58845620427749,27.017257420953147],[-75.5874413725979,27.017528163352456],[-75.58739514275052,27.01754049664437],[-75.58762301098471,27.016911137222383],[-75.58782896360833,27.01688447787004],[-75.58793608242154,27.016870611164233],[-75.58793019886653,27.016834317236743],[-75.58791347532758,27.016836481767328],[-75.58790994164984,27.016814682832646],[-75.58792533892728,27.016812689811804],[-75.587922072145,27.016792538877688],[-75.58804996971897,27.01677598357849],[-75.58804787529456,27.016763068886664],[-75.58799008561263,27.016770549072984],[-75.58798545289626,27.016741972402126],[-75.58767068478002,27.016770747176643],[-75.58769266258868,27.016705531728107],[-75.58776938215149,27.01647788099104],[-75.5879395031773,27.015973073654372],[-75.58806134561,27.015758422627073],[-75.58833595163594,27.015810112218094],[-75.58835062030815,27.015812873499947],[-75.58837643265781,27.01573247432802],[-75.58812439952649,27.015669325080854],[-75.58811557152723,27.015667112853258],[-75.58816204082174,27.01547107043097],[-75.58826717207032,27.01529596410267],[-75.58838055086808,27.01510712026498],[-75.5884028322117,27.015061445213863],[-75.58845015580464,27.014964433337227],[-75.58850462434549,27.014852775719397],[-75.58853040296526,27.01486773544725],[-75.58876761388304,27.015005395508037],[-75.58879747289534,27.01499305157497],[-75.58880612664787,27.014958514099334],[-75.58856682332849,27.01481240550129],[-75.58854899425472,27.01480152040223],[-75.5886533950557,27.014658684040263],[-75.58865650106881,27.014654434313183],[-75.58873670632707,27.01466562420286],[-75.5889336918323,27.01478863265221],[-75.58894372159025,27.014777234271627],[-75.58898186587764,27.014801349948264],[-75.5889928503078,27.01479000584027],[-75.58901789385983,27.01476414201096],[-75.58901401450274,27.01476069690971],[-75.5888822441988,27.014643668080918],[-75.58889652544266,27.014626606826496],[-75.58884932910362,27.014584719698757],[-75.58882062902354,27.014559247820195],[-75.58882408805334,27.01455604870976],[-75.58888442398917,27.014500240161528],[-75.58871072114142,27.014348876759303],[-75.58869729396815,27.014337176568286],[-75.58878522894487,27.01415752750227],[-75.58894365753686,27.01383385784163],[-75.58913260709662,27.013667288830696],[-75.58922802024816,27.013583177009707],[-75.58939429901918,27.013436592829464],[-75.58945009302619,27.01338740724075],[-75.58958855419264,27.01354722963464],[-75.58961689014032,27.013579936883325],[-75.58973339424949,27.013464279654347],[-75.58976809878372,27.01342982747104],[-75.58994845070859,27.013638297659814],[-75.59006579997836,27.013773942954803],[-75.59008205046622,27.01376274399636],[-75.59032570903946,27.014045211164188],[-75.59050515602613,27.01392787976488],[-75.58994740077223,27.013269846015167],[-75.5900330344247,27.01318258223244],[-75.58957348886841,27.0126923833915],[-75.58956604493025,27.012684441967757],[-75.58952420705879,27.012677660415054],[-75.5895454556242,27.0126279660927],[-75.58959205821746,27.012518972488262],[-75.58992525057006,27.01177151413522],[-75.58996112176273,27.011690621323865],[-75.59033906537373,27.010838305189722],[-75.59042001198628,27.010655756430335],[-75.59131641882728,27.00863415634082],[-75.59159163411356,27.00801346467665],[-75.59190770509323,27.00737983364289],[-75.59222432354842,27.007117311553305],[-75.59251180149502,27.007048146840987],[-75.59254256913441,27.00712346725129],[-75.59262246451871,27.007100460824773],[-75.59262598533923,27.007119489558644],[-75.59273912085523,27.007092765327027],[-75.59275739158998,27.006922577154462],[-75.59288227811443,27.006911280365703],[-75.59290799308981,27.006908954636298],[-75.59292214003976,27.006907674666696],[-75.59360935512748,27.006845507450876],[-75.594346297064,27.00616106553249],[-75.59438228661034,27.006261217520805],[-75.59443220560193,27.006400131474706],[-75.5945580014254,27.00629686896102],[-75.5945438053994,27.006249259375394],[-75.59446845294492,27.005996546454746],[-75.59527016816197,27.005446792217796],[-75.59534450118728,27.005518013853667],[-75.59567106320469,27.005830906054978],[-75.59571943332806,27.005877250771846],[-75.59572923722797,27.005886644392035],[-75.59577247532738,27.00592807793306],[-75.59577872767667,27.005934075693784],[-75.5957787578271,27.005934091881723],[-75.59577879377366,27.005934106945848],[-75.5957788308255,27.005934106225286],[-75.59625337852526,27.006037784376556],[-75.5963327759861,27.00605316089425],[-75.5964011779755,27.006066407084873],[-75.59645447297142,27.006081719079813],[-75.59650935023883,27.006097486625272],[-75.59651593279628,27.006099377586654],[-75.59651604693585,27.00609893990013],[-75.59651698209528,27.00609537625901],[-75.59795262241525,27.00644216406081],[-75.59807990123018,27.006472909526103],[-75.59811661217911,27.006349498763786],[-75.59919672481675,27.006579162632583],[-75.59919691241907,27.006579202636647],[-75.59921995712098,27.00658410258615],[-75.59958929195987,27.00666263522465],[-75.60023675624636,27.00680030655367],[-75.600248651876,27.00680283562123],[-75.60022905947281,27.00698514369046],[-75.60021978847423,27.007071411011005],[-75.60019870028871,27.007267635162055],[-75.60018385399938,27.00740577427163],[-75.60017793649868,27.007460832663906],[-75.60015780732107,27.007648128574036],[-75.60012955451562,27.00791102008352],[-75.60012906177202,27.00791560339346],[-75.6000967239044,27.008216517775274],[-75.60007111516722,27.00845480596446],[-75.60007105366496,27.008455387399877],[-75.60007104881564,27.008455424329373],[-75.6000075093337,27.00904668178372],[-75.59999474805902,27.009165424820054],[-75.59999456828463,27.00916709373742],[-75.59998551128068,27.009251376643057],[-75.59996564164942,27.009436272322397],[-75.59989137531933,27.00988189983276],[-75.59988134642833,27.009942073957475],[-75.59985105608285,27.010123822216947],[-75.59979711601298,27.010447486408932],[-75.59972627480806,27.010872556417304],[-75.59971878778256,27.01091748611829],[-75.59971114417608,27.01096335370964],[-75.59970143854808,27.011021591540988],[-75.59970073584947,27.011025810621618],[-75.59967372869208,27.011187862500336],[-75.59963297350347,27.011432418118112],[-75.59962156167354,27.011500893396413],[-75.5996125202016,27.01155514210739],[-75.59951505629844,27.012139987851516],[-75.59950081608133,27.01222543575831],[-75.59950066417622,27.012226351586413],[-75.59950059104186,27.012226789269906],[-75.59949044014404,27.01228770270877],[-75.59943377765015,27.01262771483691],[-75.59942039230948,27.012708035815418],[-75.59931361890678,27.01320217792429],[-75.5993072000596,27.01323188824997],[-75.5990794287893,27.01389190702229],[-75.598669596407,27.014938237345646],[-75.59866950627482,27.014938467676835],[-75.59865338194113,27.01497963448101],[-75.59855958311468,27.01510888073047],[-75.59834971367859,27.01539806364091],[-75.59786897922197,27.016060476980424],[-75.59786635688842,27.01606409069925],[-75.59786213207644,27.016069912896434],[-75.5978296704235,27.016114644035696],[-75.59778164073599,27.016168584209996],[-75.59773998402551,27.0162153672569],[-75.59766532592694,27.016299213206608],[-75.59767722464562,27.016313231252926],[-75.59767945475387,27.016315858746363],[-75.59769189120064,27.01633051025546],[-75.59773694129231,27.016383583787285],[-75.59774038649223,27.016387642687484],[-75.59774686530534,27.016395276348288],[-75.59842779148445,27.017197487473283],[-75.598649065442,27.017458176719607],[-75.59864932602791,27.01745848462646],[-75.5986511237194,27.017460602641496],[-75.59860451217462,27.01748565228466],[-75.59849495576789,27.017544530270786],[-75.59830206643778,27.01764819196833],[-75.59834475276192,27.017789205224588],[-75.59839216593018,27.017945834254114],[-75.59844994616897,27.018136707752518],[-75.59849647887275,27.01833204050638],[-75.59854380383793,27.0185307063407],[-75.59855652214286,27.018682325882818],[-75.5985564220084,27.01872015214107],[-75.59855556561246,27.019040550529024],[-75.59856481900042,27.019130344951567],[-75.59856668216601,27.01914842728303],[-75.59860039931051,27.01947560755005],[-75.59864188993411,27.019878193883674],[-75.59874945149059,27.020921921479793],[-75.59877268401833,27.020918331053036],[-75.59879502765288,27.020914876831867],[-75.59891931369248,27.02088972510057],[-75.59891935139765,27.020889718230467],[-75.59909740809384,27.02085368432719],[-75.59909744570528,27.02085367571239],[-75.59927058272385,27.02081863855065],[-75.5992706194081,27.020818630850098],[-75.59927070149575,27.020818614199015],[-75.59927073915401,27.020818606456476],[-75.59927076619188,27.020818600920084],[-75.59927169531382,27.020818414008314],[-75.5993206535628,27.02080850509282],[-75.59933039903783,27.020806532465315],[-75.59935604732391,27.02080286144119],[-75.59935616647054,27.020802844067983],[-75.59936514148433,27.020801558633387],[-75.59968584071905,27.020755637676565],[-75.59968596083952,27.02075562026103],[-75.59987608413108,27.020728396043104],[-75.59987613166982,27.020728390497652],[-75.59987620434518,27.02072838037194],[-75.59988344130439,27.020727343760722],[-75.59997745126293,27.02071388216893],[-75.59999358668752,27.020711571222723],[-75.60001383570373,27.020708672106085],[-75.60001395582411,27.020708654690132],[-75.60002404886397,27.020707209983293],[-75.60026604515338,27.020690578449393],[-75.60041699014856,27.020680204009913],[-75.60041711166451,27.020680194402413],[-75.60044452238115,27.02067831124157],[-75.60046380549052,27.020676986369075],[-75.60047538412182,27.02067619106606],[-75.60047550475745,27.02067618324506],[-75.60059451026933,27.02066800311471],[-75.6006218888352,27.02066612128792],[-75.60065833165424,27.02066361629921],[-75.60077120555184,27.02065585928867],[-75.60083211770912,27.0206516729118],[-75.60086694299993,27.020649279513666],[-75.6009101828435,27.020646308408764],[-75.60091030343222,27.020646299714908],[-75.60091040556173,27.02064629269086],[-75.60116730666539,27.020628636224902],[-75.60147485726077,27.020607499499032],[-75.60147660514892,27.020607379575864],[-75.6014767267583,27.020607371711638],[-75.60152521314042,27.020604040432378],[-75.60156223171154,27.02060149541761],[-75.60175103258966,27.02058852024784],[-75.601933820435,27.020575958643462],[-75.60193394199743,27.020575949906327],[-75.60196508768826,27.020573810011427],[-75.60196521027157,27.020573802104554],[-75.60217829941897,27.020559157504117],[-75.60235736381235,27.02054685176353],[-75.60237106276855,27.020545909742125],[-75.60237118247669,27.02054590283308],[-75.60245346873678,27.020540246674557],[-75.60245358937203,27.02054023885104],[-75.6026384886774,27.020527531528824],[-75.60263860931258,27.020527523705116],[-75.60264901485029,27.020526808437133],[-75.60277660000318,27.020518040598798],[-75.60277671985187,27.020518036306143],[-75.60296258430589,27.020517401634855],[-75.60297206983054,27.020517369513566],[-75.60297218991367,27.020517369582308],[-75.6029770293128,27.02051735328943],[-75.60297715134394,27.02051735327415],[-75.60301082699934,27.02051723910238],[-75.60318955072047,27.02051663294428],[-75.6033509539379,27.02051608517799],[-75.60335107592215,27.020516084289984],[-75.6033620275334,27.02051604749538],[-75.60336214956453,27.020516047479628],[-75.60336677124609,27.0205160309368],[-75.60356210201586,27.02051536900789],[-75.60357724683232,27.020515317499697],[-75.60393326151728,27.020514110299214],[-75.60395257908449,27.020514044908232],[-75.60395265125412,27.02051404354464],[-75.60397989948373,27.020513951777417],[-75.6039801220242,27.02051395092378],[-75.60398024308131,27.02051395094925],[-75.60401219694356,27.020513842476944],[-75.60408627738661,27.020513591610882],[-75.6040863994177,27.020513591594217],[-75.60408863433246,27.02051374177562],[-75.60412658141725,27.02051622953066],[-75.60441708707373,27.020535277470753],[-75.60452961374281,27.020542656231715],[-75.60490916816538,27.02056755311729],[-75.6049376367068,27.02056942117864],[-75.60505147744199,27.020576888661417],[-75.60505566674527,27.020577164357647],[-75.6050557882716,27.020577173104947],[-75.60505650142343,27.020577218410093],[-75.60508216884563,27.020578900363997],[-75.6052113715497,27.020587375863478],[-75.60526764592463,27.020591059947268],[-75.60527160984941,27.02059132000065],[-75.60531069355781,27.020593883286843],[-75.60536985455862,27.020597763668768],[-75.60555097822764,27.02060964360982],[-75.60555272672511,27.020609771024738],[-75.60555285042285,27.02060976568825],[-75.60555592966838,27.02060996771851],[-75.6055772531162,27.020611365674604],[-75.6056283767137,27.020516870431692],[-75.60609634588994,27.02053212149265],[-75.60629882126054,27.020538719252684],[-75.6062920132369,27.02056464180315],[-75.60636928622644,27.020578020586363],[-75.60633591180388,27.02066113586802],[-75.60507017255749,27.023813181533555],[-75.60485790019102,27.02434264541919],[-75.60474152739899,27.0246329057415],[-75.60468990840236,27.024769713413885],[-75.60467528993439,27.02485511302789],[-75.60482584413103,27.02501050006589],[-75.60379256616739,27.026164899512334],[-75.60366856893607,27.02629022735462],[-75.6033503072326,27.026484522040878],[-75.60316664248704,27.02641010977789],[-75.60335547252048,27.026249705741066],[-75.60339371247224,27.026209498414108],[-75.60332470906978,27.026174402936647],[-75.60335955390002,27.02611729805954],[-75.60330046346824,27.02608812741633],[-75.60323780592542,27.026115173811544],[-75.60320391037261,27.026129804871317],[-75.60296725364492,27.026231955994263],[-75.60291283771961,27.0262814642533],[-75.60289471067064,27.026418805601406],[-75.60292612403664,27.026545256253385],[-75.60305983170808,27.026824631816268],[-75.60283187881481,27.027010357156133],[-75.60199879646605,27.02664349885646],[-75.60193612155943,27.026615899150542],[-75.60178942613105,27.026591127655383],[-75.60032106209604,27.026343158849297],[-75.60029504331352,27.02655679283309],[-75.59997371497516,27.026617098294565],[-75.5996347642793,27.026680710553293],[-75.59916036939435,27.026769739529048],[-75.59897902030285,27.026803772569192],[-75.59863168282196,27.026492784239935],[-75.5982745535733,27.026274384958203],[-75.5982482989931,27.026262125585397],[-75.5982455470627,27.026260840741],[-75.59820903419912,27.02628987675101],[-75.59813636611185,27.026251033138692],[-75.59810129835458,27.02627863587825],[-75.59815518966158,27.026336117180858],[-75.59813328190455,27.02635353877271],[-75.59821432852364,27.026456128054708],[-75.59799922365141,27.02648402157957],[-75.59749237096216,27.026549744293842],[-75.59745810309524,27.026495933789665],[-75.59738363920978,27.026541107343885],[-75.59735891340486,27.026556107444716],[-75.59703414922028,27.02623892477404],[-75.59694525043993,27.026311402215864],[-75.59727729130192,27.026630370473075],[-75.5969261744631,27.026834767202725],[-75.59641317259306,27.0263261080404],[-75.59636476901451,27.026356138654695],[-75.59626864712727,27.026266892526966],[-75.59619767600712,27.026319323210572],[-75.59673138695732,27.02685471661205],[-75.59640412119386,27.027098492609028],[-75.59587918418988,27.026549888884354],[-75.59582200712617,27.026593131568823],[-75.595942864726,27.02673664240792],[-75.59591089088222,27.026761623637007],[-75.5959241967062,27.02678444627993],[-75.59589698979957,27.026809200490106],[-75.59626207213076,27.02724174271176],[-75.59611453225575,27.02733948488894],[-75.59605742936243,27.02737731407832],[-75.59578068767127,27.027023727441232],[-75.59575676968359,27.02703932540855],[-75.59572777096612,27.02705823726721],[-75.59599711090982,27.02740791248928],[-75.59547737215814,27.027790944659433],[-75.5953647807827,27.027679847179307],[-75.59515360313272,27.027471472887463],[-75.59509969348292,27.027529486936814],[-75.59534752862211,27.027758636245487],[-75.59468424550047,27.028299915343222],[-75.5943881973849,27.0285059501513],[-75.59389458480064,27.028638582479438],[-75.59390623286515,27.028654404119045],[-75.593231848544,27.028862616114818],[-75.59323334880128,27.028810684093713],[-75.59318924183174,27.028820914668966],[-75.59307040551553,27.028848478432494],[-75.5931298547766,27.02843348886989],[-75.5930171388943,27.02841566327925],[-75.59286005567117,27.028963595166175],[-75.59167795114824,27.029192552831073],[-75.5916146894633,27.029205805213596],[-75.591592714257,27.029206000626584],[-75.59156873122402,27.02920458520446],[-75.59154524539487,27.029195469699058],[-75.59152451891757,27.029184517428682],[-75.59151106446052,27.02916724649221],[-75.5915049325796,27.029144508978185],[-75.59150376967895,27.029124946023213],[-75.5915103836142,27.02910757129121],[-75.59152944149827,27.02909045638643],[-75.59155437028741,27.029075619503104],[-75.59158532151535,27.029065614270465],[-75.59271324285021,27.028848209827476],[-75.59275423687338,27.028689955303815],[-75.59271641315634,27.028682166675573],[-75.59272892953913,27.02863385039759],[-75.59274520441518,27.028637201460356],[-75.59276158884947,27.028573949918307],[-75.59278718435438,27.028579219843326],[-75.59279147965496,27.028562638130243],[-75.59272059847282,27.028536164183514],[-75.59262360917396,27.028472552388074],[-75.5924682867686,27.028392529382337],[-75.59237570320256,27.028362825573584],[-75.59225690537497,27.02833437214963],[-75.59211678608929,27.02830906847974],[-75.59198419503858,27.028289801934587],[-75.59188321698235,27.028279691135484],[-75.59180482537424,27.028287693919367],[-75.59173132754027,27.02829759695689],[-75.59169081302446,27.028299528533104],[-75.591671622112,27.028298311958725],[-75.59161856004006,27.028290180404042],[-75.59160790871778,27.028312012179047],[-75.59162534908971,27.028323975652306],[-75.59158875576074,27.028391825754433],[-75.5915986679309,27.02839775012935],[-75.59157221921501,27.02843526342843],[-75.59153596594676,27.0284284621934],[-75.59142116601924,27.028627988477837],[-75.5913482803584,27.028608007921264],[-75.59123999738108,27.028796560439787],[-75.59134550761145,27.028842706523644],[-75.59131241517377,27.02888906634026],[-75.59118244103738,27.028833424360293],[-75.59086120173902,27.029339201130778],[-75.5908194240282,27.029319869515867],[-75.59158132510146,27.028065917081918],[-75.59156451629217,27.02806458671232],[-75.59148983316346,27.028083501878744],[-75.59144517820923,27.0281235036787],[-75.5913234602268,27.028295126995275],[-75.59129767700557,27.028285950229563],[-75.59124161936893,27.028307815546047],[-75.59118269174795,27.02836180421421],[-75.59048455478845,27.029442120385184],[-75.59045595698339,27.02944348415618],[-75.59012360902518,27.029280213215582]]]}},{"type":"Feature","properties":{"Ward_Num":8,"Shape_Leng":38877.8311683,"Shape_Area":34403335.3917},"geometry":{"type":"Polygon","coordinates":[[[-75.59874945149059,27.020921921479793],[-75.59864188993411,27.019878193883674],[-75.59860039931051,27.01947560755005],[-75.59856668216601,27.01914842728303],[-75.59856481900042,27.019130344951567],[-75.59855556561246,27.019040550529024],[-75.5985564220084,27.01872015214107],[-75.59855652214286,27.018682325882818],[-75.59854380383793,27.0185307063407],[-75.59849647887275,27.01833204050638],[-75.59844994616897,27.018136707752518],[-75.59839216593018,27.017945834254114],[-75.59834475276192,27.017789205224588],[-75.59830206643778,27.01764819196833],[-75.59849495576789,27.017544530270786],[-75.59860451217462,27.01748565228466],[-75.5986511237194,27.017460602641496],[-75.59864932602791,27.01745848462646],[-75.598649065442,27.017458176719607],[-75.59842779148445,27.017197487473283],[-75.59774686530534,27.016395276348288],[-75.59774038649223,27.016387642687484],[-75.59773694129231,27.016383583787285],[-75.59769189120064,27.01633051025546],[-75.59767945475387,27.016315858746363],[-75.59767722464562,27.016313231252926],[-75.59766532592694,27.016299213206608],[-75.59773998402551,27.0162153672569],[-75.59778164073599,27.016168584209996],[-75.5978296704235,27.016114644035696],[-75.59786213207644,27.016069912896434],[-75.59786635688842,27.01606409069925],[-75.59786897922197,27.016060476980424],[-75.59834971367859,27.01539806364091],[-75.59855958311468,27.01510888073047],[-75.59865338194113,27.01497963448101],[-75.59866950627482,27.014938467676835],[-75.598669596407,27.014938237345646],[-75.5990794287893,27.01389190702229],[-75.5993072000596,27.01323188824997],[-75.59931361890678,27.01320217792429],[-75.59942039230948,27.012708035815418],[-75.59943377765015,27.01262771483691],[-75.59949044014404,27.01228770270877],[-75.59950059104186,27.012226789269906],[-75.59950066417622,27.012226351586413],[-75.59950081608133,27.01222543575831],[-75.59951505629844,27.012139987851516],[-75.5996125202016,27.01155514210739],[-75.59962156167354,27.011500893396413],[-75.59963297350347,27.011432418118112],[-75.59967372869208,27.011187862500336],[-75.59970073584947,27.011025810621618],[-75.59970143854808,27.011021591540988],[-75.59971114417608,27.01096335370964],[-75.59971878778256,27.01091748611829],[-75.59972627480806,27.010872556417304],[-75.59979711601298,27.010447486408932],[-75.59985105608285,27.010123822216947],[-75.59988134642833,27.009942073957475],[-75.59989137531933,27.00988189983276],[-75.59996564164942,27.009436272322397],[-75.59998551128068,27.009251376643057],[-75.59999456828463,27.00916709373742],[-75.59999474805902,27.009165424820054],[-75.6000075093337,27.00904668178372],[-75.60007104881564,27.008455424329373],[-75.60007105366496,27.008455387399877],[-75.60007111516722,27.00845480596446],[-75.6000967239044,27.008216517775274],[-75.60012906177202,27.00791560339346],[-75.60012955451562,27.00791102008352],[-75.60015780732107,27.007648128574036],[-75.60017793649868,27.007460832663906],[-75.60018385399938,27.00740577427163],[-75.60019870028871,27.007267635162055],[-75.60021978847423,27.007071411011005],[-75.60022905947281,27.00698514369046],[-75.600248651876,27.00680283562123],[-75.60062684767192,27.006883253106587],[-75.60104780294425,27.00697276278403],[-75.6014911655538,27.00706703757523],[-75.60186168463827,27.007145824582754],[-75.60189342147898,27.0071525725411],[-75.60192447900442,27.007159175789027],[-75.60192666208816,27.007159640353414],[-75.6019583249658,27.007166373993552],[-75.602450097926,27.007270945446244],[-75.60248115462072,27.00727754943008],[-75.60249143902745,27.00725063761323],[-75.60249631178404,27.00723788926131],[-75.6024965625226,27.007237233221108],[-75.60250254764715,27.007221571845566],[-75.60251203467975,27.007196750752065],[-75.60255078237083,27.007095363337164],[-75.6026250704787,27.00690098806092],[-75.6026820213585,27.007062554502035],[-75.60275304697798,27.00726404823415],[-75.6027565239049,27.007273912496043],[-75.60277183887335,27.007317360354225],[-75.60277258834364,27.007319482302883],[-75.60277268059465,27.00731974585966],[-75.60278955839782,27.007367627212197],[-75.60282684280438,27.00747340060102],[-75.60285850360646,27.007563219291352],[-75.60285946173876,27.0075659363833],[-75.60291231592262,27.007715878551895],[-75.60296310116776,27.007859957786188],[-75.60303214778801,27.008055840438338],[-75.60313693793903,27.00835312277791],[-75.603185905359,27.008492041013447],[-75.60339029648902,27.009071888754853],[-75.60348761905684,27.00934797661906],[-75.60362226213464,27.00972998420315],[-75.60363897493075,27.00977739129814],[-75.60366208709375,27.009842955391946],[-75.60366365055266,27.00984641840964],[-75.60371717895802,27.009965010600332],[-75.60378736007131,27.010120498158223],[-75.60406665293986,27.01073928016123],[-75.60418321591453,27.010997523754824],[-75.6060173758313,27.01027484192589],[-75.6058922694449,27.010010227986346],[-75.6059020843273,27.010006379821597],[-75.60685406600986,27.009633128520946],[-75.60757698595329,27.009349678966974],[-75.60761523152208,27.009334683483658],[-75.60788165009929,27.009230226330036],[-75.60792408165827,27.00921358992434],[-75.60793010218349,27.009211229057744],[-75.60793866073573,27.009207872950604],[-75.60794049714575,27.009207153679586],[-75.6080059220119,27.00918150196714],[-75.60830912789565,27.00906789621531],[-75.60924958537002,27.00871552607052],[-75.60927590724006,27.008705663803156],[-75.60933770192179,27.008682511095028],[-75.6093465151262,27.008679209438704],[-75.60936872936715,27.008670885829382],[-75.6094517125206,27.008639793837467],[-75.60947453052788,27.00863124478758],[-75.60948810856446,27.00862615659626],[-75.61071359549676,27.00816699790613],[-75.61078157028652,27.008141529672837],[-75.61080448461577,27.008132943798476],[-75.61081021777602,27.008130796256925],[-75.61083712767787,27.008120713190795],[-75.61086024297737,27.00811205304818],[-75.61088624202631,27.008102311827905],[-75.61088769544874,27.008101768170057],[-75.6109350348729,27.00808403099479],[-75.61129927194901,27.008843610042607],[-75.61134562925628,27.00882589932159],[-75.61135364129056,27.00882283842678],[-75.61136039466938,27.00882025857536],[-75.61139875146348,27.008805605603495],[-75.6114572008509,27.00878327448942],[-75.61146758293597,27.008779308567256],[-75.61148224981031,27.008773705283772],[-75.61159200694509,27.008731774207128],[-75.61313542297728,27.008142135503835],[-75.61465371939705,27.00756210122422],[-75.61585244345333,27.00710416126725],[-75.61600194581759,27.007047048746696],[-75.61612028966636,27.007001838419274],[-75.61612493869843,27.007000062694846],[-75.61663832618503,27.006803938071656],[-75.61667339878984,27.006790539827765],[-75.61700703277253,27.00666308846158],[-75.61742994076234,27.006501530009853],[-75.6174752673862,27.0064842141689],[-75.61767387556986,27.00640834231335],[-75.61775373973514,27.006377832731832],[-75.61776721985247,27.00637268290521],[-75.61777349941913,27.006370283981802],[-75.61778898793044,27.006364367032397],[-75.61854077643063,27.00610483450791],[-75.61862448002508,27.00607593809201],[-75.61873561103691,27.00603757302563],[-75.61876539386388,27.006027291678404],[-75.61879600171669,27.006016725434254],[-75.61880780425312,27.00601265089963],[-75.61881798259023,27.006009137151644],[-75.61893068401241,27.005970230885975],[-75.61900297067331,27.005942303101452],[-75.61912042685637,27.005901741198283],[-75.6194573759893,27.005764632483963],[-75.61958543445984,27.00571252402814],[-75.6198955745623,27.00559770627],[-75.62001521068366,27.005566754467402],[-75.62013467617541,27.00554649644279],[-75.62015387801098,27.00554661447058],[-75.62020930025047,27.005527421972836],[-75.62021219677699,27.005526418753348],[-75.62026186506237,27.00550921610808],[-75.62029111690924,27.00549908667686],[-75.62047054458621,27.005436949503196],[-75.6205683002209,27.005403096744104],[-75.62068621737053,27.00536226116731],[-75.62069532753455,27.005359105603887],[-75.62077954990666,27.0053299391671],[-75.62116095362069,27.00519785342184],[-75.62116640843088,27.005195964742406],[-75.62115011768779,27.005157304234938],[-75.62101189570625,27.004829282550045],[-75.62099694742426,27.004771025186148],[-75.62087427900852,27.00429293092076],[-75.62078163729969,27.003931867270964],[-75.6208009048509,27.00385051751806],[-75.62098209660883,27.003085475050405],[-75.62098216329153,27.00308519151548],[-75.62098655102885,27.003081185206252],[-75.62131588317219,27.002780447117452],[-75.62133197905561,27.002765748204336],[-75.62155886822168,27.002841268359173],[-75.62175332082674,27.00290599068931],[-75.62224188628247,27.002936166149194],[-75.62266739937257,27.0028980997857],[-75.6226856819561,27.002882978021233],[-75.6227903207342,27.0027964278853],[-75.62285018924507,27.00274690892335],[-75.62275679277286,27.002491535177192],[-75.62264715121783,27.00219174093988],[-75.62262828895028,27.002140165705374],[-75.62261787539047,27.002111692884082],[-75.62251540924488,27.001831520069647],[-75.62249805077614,27.00178405794709],[-75.62233643630682,27.001818455856537],[-75.62216228132898,27.001855522180435],[-75.62195907670218,27.001898771515048],[-75.62156399154998,27.00170384518829],[-75.6215714767873,27.00152332571033],[-75.62157864064257,27.001350576052772],[-75.62159433422654,27.000972146675377],[-75.6220793932862,27.00050848145261],[-75.6222067084513,27.000386781647226],[-75.62241792942525,27.000184877818885],[-75.62338277341127,26.9997555753944],[-75.62378620723875,26.999593883792922],[-75.62385440246729,26.999520562678082],[-75.6239710941743,26.999395100247444],[-75.62423894916691,26.99938235085393],[-75.62436334320961,26.99937642978258],[-75.62446068402207,26.9993461453781],[-75.62454755750082,26.99931911844017],[-75.62463370334979,26.999292317930433],[-75.62458501340437,26.999062006481658],[-75.62457902744836,26.999033693741755],[-75.62465165880637,26.99898986504128],[-75.62467727881752,26.99897440488535],[-75.62474992239115,26.99893056946621],[-75.625025796619,26.99827624788816],[-75.62519650379326,26.998067128126866],[-75.6252274888221,26.998029170133435],[-75.62535979921721,26.998045528031863],[-75.6253839501636,26.998048513894297],[-75.62550487390838,26.998063463764783],[-75.62571785375161,26.998338300397187],[-75.62595039516646,26.998279738879063],[-75.62604171233522,26.99831961761888],[-75.62621394742487,26.998394834623753],[-75.62629363979126,26.99842963679437],[-75.62632820003526,26.99853133305815],[-75.62638894374645,26.998710074190015],[-75.62649595356233,26.99881167175599],[-75.62655567558677,26.998868374140393],[-75.62652768692034,26.999059689131666],[-75.62669160898031,26.999170627183716],[-75.62694657032074,26.9991584931824],[-75.62707756516212,26.999237006800417],[-75.62709601690474,26.9992480660151],[-75.62713439819744,26.99927107154816],[-75.62715309106713,26.999282275916247],[-75.62726098755758,26.999346945148105],[-75.62731363868917,26.999378501932693],[-75.62746868989262,26.99945266679873],[-75.62790065715002,26.999659290011717],[-75.62874591632392,27.000490091537564],[-75.62877227504305,27.000515998952636],[-75.62923730522053,27.00097306516677],[-75.62952579945194,27.0013021623324],[-75.62952879731597,27.00130558182642],[-75.62980837865777,27.001624513737678],[-75.62986847005192,27.001693062965227],[-75.62999671383626,27.00183935609734],[-75.63009981097622,27.001926965525342],[-75.63018677465801,27.00200086603506],[-75.63047307365873,27.002244156503625],[-75.63056459118145,27.00230046595883],[-75.6307875817212,27.002437670584147],[-75.63084224033338,27.002471301818165],[-75.63101329208895,27.0025765481387],[-75.63102718394083,27.002585095345236],[-75.63113850989293,27.00265359403704],[-75.63119949165038,27.002662983581107],[-75.63119042356674,27.002674695898648],[-75.63118232006512,27.00268437469601],[-75.63117516318336,27.00269507902978],[-75.63116554540217,27.002708104795175],[-75.63115991714037,27.00271572732222],[-75.63115187316076,27.00272647017144],[-75.63114263818075,27.002737262982517],[-75.6311382632225,27.00274438170653],[-75.63113295520489,27.002750743586596],[-75.63112832722105,27.002758669777325],[-75.63112959967721,27.002760215360876],[-75.63112965716526,27.002761277753883],[-75.63113067659756,27.002763630804203],[-75.63113260340751,27.002766211991943],[-75.63113397653888,27.002769618071714],[-75.6311359004278,27.002772199386243],[-75.63113812330732,27.002774768593532],[-75.63114092276726,27.00277704435893],[-75.6311440788005,27.002780372154643],[-75.63114723478682,27.002783699078016],[-75.63115119343925,27.002785391194568],[-75.63115518199858,27.002787617954247],[-75.63115918189104,27.00279010825831],[-75.63116318475218,27.00279259930763],[-75.63116807767459,27.002795052586283],[-75.63117895068605,27.00279804444962],[-75.63120523120861,27.0028054312483],[-75.63123176753899,27.00281200782915],[-75.63124442048893,27.002814920654],[-75.6312582605913,27.002817784555024],[-75.63127190442442,27.00282252271817],[-75.63128582983806,27.00282698111969],[-75.63129329808875,27.002829335687743],[-75.63131034465448,27.002834709467894],[-75.6313347186697,27.002839781700054],[-75.63136200112027,27.00284366012903],[-75.63138711734308,27.002846034400328],[-75.63141624856628,27.002845568609708],[-75.63144503770269,27.002844318559596],[-75.63145860349435,27.002842131309052],[-75.63147190288878,27.002840486320075],[-75.63148521580018,27.002839109150433],[-75.63149971474739,27.002837680479338],[-75.63152658284974,27.002833848097634],[-75.6315362896377,27.002831828401153],[-75.63154475377445,27.002828796024048],[-75.63155529391335,27.002825672627317],[-75.63156456075323,27.002821006310356],[-75.63157209182395,27.002817217090993],[-75.63157957863423,27.002812628065787],[-75.63158706349613,27.002808039124634],[-75.63160635536777,27.002790677272927],[-75.63162301760309,27.002774232206114],[-75.63164094801638,27.002753734799626],[-75.63165540261708,27.002734984781963],[-75.63166166854327,27.002724320844504],[-75.63166528287456,27.00271963243601],[-75.63166886850486,27.002714413703405],[-75.63167814465277,27.002704419029612],[-75.63168807126378,27.002695460124503],[-75.63170770239282,27.00267888525301],[-75.63173090791166,27.002662420948656],[-75.63174299976936,27.0026549662226],[-75.63175412991073,27.002647343426723],[-75.63175504945234,27.002646714222692],[-75.63177070970009,27.00263377659656],[-75.63177567135072,27.00263196293131],[-75.6317781974542,27.002629187516867],[-75.63178106578812,27.002627198967808],[-75.63178384476619,27.002623613468533],[-75.63178544067975,27.00262008021769],[-75.63178817553721,27.00261569753051],[-75.63179091428937,27.0026113146742],[-75.63179811422354,27.002601407527912],[-75.63180059732028,27.002597837499906],[-75.63180343671492,27.002595314265527],[-75.63180527012993,27.00259070493824],[-75.63180692057067,27.00258823333403],[-75.63180766679116,27.00258553783342],[-75.63180870889116,27.002582826861374],[-75.63180951553016,27.002581193625783],[-75.63180941479176,27.00257933225945],[-75.63180932849853,27.002577737799463],[-75.63180922771295,27.00257587556092],[-75.63180824848757,27.002574319876512],[-75.63180814770202,27.00257245763798],[-75.63180810455542,27.002571660408034],[-75.6318088968436,27.00256976201064],[-75.63180881040876,27.002568164934026],[-75.63180959977561,27.00256626666354],[-75.63181040335154,27.00256463093818],[-75.63181154623676,27.002563782204774],[-75.63181322858271,27.002561846031018],[-75.63181403225292,27.00256021205012],[-75.63181600755689,27.002558260531703],[-75.63181770420616,27.002556588647423],[-75.63181883259878,27.00255547213543],[-75.63182052632668,27.002553800377992],[-75.63182256116977,27.002552912911128],[-75.63183191522765,27.00254984099086],[-75.63184538016952,27.002545791449556],[-75.63185855010997,27.00254175559123],[-75.63188603180238,27.002532833432916],[-75.63190880778427,27.002524917343703],[-75.63191173263577,27.002523991225388],[-75.63192312250136,27.00252003178556],[-75.63193445087727,27.002515008377603],[-75.63195576743644,27.002502092625992],[-75.63199197283635,27.002485666111816],[-75.63200832408428,27.002519580637355],[-75.6320364045531,27.00257782445767],[-75.6322337676317,27.00298715783437],[-75.6324099230969,27.003352509683783],[-75.63257177132212,27.00368818358414],[-75.63258308301539,27.00371164540849],[-75.63270109159565,27.003956401197986],[-75.63294619963484,27.00446476252023],[-75.63304088093867,27.004661135731755],[-75.6332265288342,27.0050461794234],[-75.63338269863095,27.005370083073924],[-75.63339771959778,27.005401236848282],[-75.63339371578972,27.005436861171827],[-75.6333679199904,27.00566641209868],[-75.63325690173859,27.006654345881163],[-75.63322756048957,27.00691544045679],[-75.63313326600982,27.007754562406912],[-75.63309549437406,27.00809069935137],[-75.63309452212442,27.008099352693403],[-75.63308165562914,27.008213851220113],[-75.63308164905494,27.008213910084663],[-75.63306707629913,27.008343590047815],[-75.6330612964509,27.00839502345411],[-75.63294509610353,27.009429148558564],[-75.63289841658911,27.009428788275315],[-75.6328842636459,27.009427561676542],[-75.63286776377498,27.0094261309996],[-75.63150175849879,27.009307717688035],[-75.63143666539388,27.009295272260797],[-75.63140486817336,27.00931524168922],[-75.63122203747677,27.009365711688314],[-75.63111775764838,27.009384272719885],[-75.63098964011733,27.00939425453406],[-75.63056840730542,27.00937743968314],[-75.63051228461576,27.009375199192384],[-75.62953768849388,27.00932735201398],[-75.6280437419157,27.00929839527961],[-75.62741161941582,27.009260481457215],[-75.62604750390032,27.009209811204315],[-75.62534874382588,27.00918770087169],[-75.62440657234819,27.009130551371285],[-75.62404759648142,27.00912724003891],[-75.62373572002303,27.009131400464337],[-75.6233353200643,27.009148517616104],[-75.62295005145724,27.009190171626777],[-75.6223540529634,27.00931374020893],[-75.622237842793,27.0093486866634],[-75.6222359974138,27.009568149157058],[-75.62188080959677,27.009704498740184],[-75.62188574048095,27.009465383488685],[-75.62164242545178,27.009553749998584],[-75.62170416681757,27.00962759375479],[-75.62179703166503,27.009742612442185],[-75.6198996934481,27.01047279805469],[-75.61993435210344,27.010573524152893],[-75.61905592022252,27.010913945185226],[-75.61901778858805,27.01091576104636],[-75.61895907546888,27.010892963113932],[-75.61891841932741,27.010852241693566],[-75.6186991396271,27.010942877604407],[-75.61295306656484,27.01320429865969],[-75.6082470840314,27.015013548811886],[-75.60741370790532,27.016273174996492],[-75.6073601143744,27.016497530501855],[-75.60713220053636,27.01736540985308],[-75.60685529857795,27.01841981206774],[-75.60629882126054,27.020538719252684],[-75.60609634588994,27.02053212149265],[-75.6056283767137,27.020516870431692],[-75.6055772531162,27.020611365674604],[-75.60555592966838,27.02060996771851],[-75.60555285042285,27.02060976568825],[-75.60555272672511,27.020609771024738],[-75.60555097822764,27.02060964360982],[-75.60536985455862,27.020597763668768],[-75.60531069355781,27.020593883286843],[-75.60527160984941,27.02059132000065],[-75.60526764592463,27.020591059947268],[-75.6052113715497,27.020587375863478],[-75.60508216884563,27.020578900363997],[-75.60505650142343,27.020577218410093],[-75.6050557882716,27.020577173104947],[-75.60505566674527,27.020577164357647],[-75.60505147744199,27.020576888661417],[-75.6049376367068,27.02056942117864],[-75.60490916816538,27.02056755311729],[-75.60452961374281,27.020542656231715],[-75.60441708707373,27.020535277470753],[-75.60412658141725,27.02051622953066],[-75.60408863433246,27.02051374177562],[-75.6040863994177,27.020513591594217],[-75.60408627738661,27.020513591610882],[-75.60401219694356,27.020513842476944],[-75.60398024308131,27.02051395094925],[-75.6039801220242,27.02051395092378],[-75.60397989948373,27.020513951777417],[-75.60395265125412,27.02051404354464],[-75.60395257908449,27.020514044908232],[-75.60393326151728,27.020514110299214],[-75.60357724683232,27.020515317499697],[-75.60356210201586,27.02051536900789],[-75.60336677124609,27.0205160309368],[-75.60336214956453,27.020516047479628],[-75.6033620275334,27.02051604749538],[-75.60335107592215,27.020516084289984],[-75.6033509539379,27.02051608517799],[-75.60318955072047,27.02051663294428],[-75.60301082699934,27.02051723910238],[-75.60297715134394,27.02051735327415],[-75.6029770293128,27.02051735328943],[-75.60297218991367,27.020517369582308],[-75.60297206983054,27.020517369513566],[-75.60296258430589,27.020517401634855],[-75.60277671985187,27.020518036306143],[-75.60277660000318,27.020518040598798],[-75.60264901485029,27.020526808437133],[-75.60263860931258,27.020527523705116],[-75.6026384886774,27.020527531528824],[-75.60245358937203,27.02054023885104],[-75.60245346873678,27.020540246674557],[-75.60237118247669,27.02054590283308],[-75.60237106276855,27.020545909742125],[-75.60235736381235,27.02054685176353],[-75.60217829941897,27.020559157504117],[-75.60196521027157,27.020573802104554],[-75.60196508768826,27.020573810011427],[-75.60193394199743,27.020575949906327],[-75.601933820435,27.020575958643462],[-75.60175103258966,27.02058852024784],[-75.60156223171154,27.02060149541761],[-75.60152521314042,27.020604040432378],[-75.6014767267583,27.020607371711638],[-75.60147660514892,27.020607379575864],[-75.60147485726077,27.020607499499032],[-75.60116730666539,27.020628636224902],[-75.60091040556173,27.02064629269086],[-75.60091030343222,27.020646299714908],[-75.6009101828435,27.020646308408764],[-75.60086694299993,27.020649279513666],[-75.60083211770912,27.0206516729118],[-75.60077120555184,27.02065585928867],[-75.60065833165424,27.02066361629921],[-75.6006218888352,27.02066612128792],[-75.60059451026933,27.02066800311471],[-75.60047550475745,27.02067618324506],[-75.60047538412182,27.02067619106606],[-75.60046380549052,27.020676986369075],[-75.60044452238115,27.02067831124157],[-75.60041711166451,27.020680194402413],[-75.60041699014856,27.020680204009913],[-75.60026604515338,27.020690578449393],[-75.60002404886397,27.020707209983293],[-75.60001395582411,27.020708654690132],[-75.60001383570373,27.020708672106085],[-75.59999358668752,27.020711571222723],[-75.59997745126293,27.02071388216893],[-75.59988344130439,27.020727343760722],[-75.59987620434518,27.02072838037194],[-75.59987613166982,27.020728390497652],[-75.59987608413108,27.020728396043104],[-75.59968596083952,27.02075562026103],[-75.59968584071905,27.020755637676565],[-75.59936514148433,27.020801558633387],[-75.59935616647054,27.020802844067983],[-75.59935604732391,27.02080286144119],[-75.59933039903783,27.020806532465315],[-75.5993206535628,27.02080850509282],[-75.59927169531382,27.020818414008314],[-75.59927076619188,27.020818600920084],[-75.59927073915401,27.020818606456476],[-75.59927070149575,27.020818614199015],[-75.5992706194081,27.020818630850098],[-75.59927058272385,27.02081863855065],[-75.59909744570528,27.02085367571239],[-75.59909740809384,27.02085368432719],[-75.59891935139765,27.020889718230467],[-75.59891931369248,27.02088972510057],[-75.59879502765288,27.020914876831867],[-75.59877268401833,27.020918331053036],[-75.59874945149059,27.020921921479793]]]}},{"type":"Feature","properties":{"Ward_Num":7,"Shape_Leng":23265.8937957,"Shape_Area":21343596.1037},"geometry":{"type":"Polygon","coordinates":[[[-75.6026250704787,27.00690098806092],[-75.60277650388058,27.00650476175439],[-75.60286322401736,27.006277857709147],[-75.60296765837175,27.006004606158545],[-75.60326387949793,27.005229557045936],[-75.60329796743713,27.005163418582455],[-75.60331717159424,27.005126157971524],[-75.60338358220696,27.004997307453905],[-75.60356137805441,27.00476531354525],[-75.60357489240211,27.004747679501353],[-75.60357950116328,27.004741665859267],[-75.60358257492189,27.004737655836244],[-75.60358631815558,27.004732772379825],[-75.60358998743426,27.0047279839129],[-75.60359966187876,27.004715359892998],[-75.60370005753097,27.00458436170449],[-75.60373704235748,27.004536102461692],[-75.60382478155674,27.004421618025322],[-75.60386353928995,27.0043710449974],[-75.60387385141911,27.00436362168735],[-75.60389172224089,27.00435075430045],[-75.60389369653132,27.004349333240413],[-75.60389719678996,27.004346812085043],[-75.60390941826145,27.004338012478463],[-75.60392337150265,27.00432796488707],[-75.60396524446212,27.004297814536944],[-75.60424332614774,27.00409758395202],[-75.60425355634398,27.004090217471447],[-75.60434923935857,27.00402132232854],[-75.60462923799857,27.00381971237943],[-75.60478475537826,27.0037077344808],[-75.60482474179555,27.003678942513755],[-75.60482712477972,27.003677226657686],[-75.60482777124575,27.003676760752782],[-75.60487502129818,27.00364274018857],[-75.60513719687653,27.00345396644336],[-75.60521136777517,27.003400560710094],[-75.60584105091273,27.002947170770316],[-75.60584156957745,27.002946796928047],[-75.60588337441835,27.002916695990518],[-75.60590720948176,27.002899534347538],[-75.60592392108396,27.002887501754273],[-75.60595635102382,27.002864150869968],[-75.60597957436536,27.002847430017823],[-75.6060309165205,27.002810462642955],[-75.6063103122219,27.00260929054503],[-75.60632674276808,27.002597460612446],[-75.6063534274801,27.00257824547927],[-75.60637497341655,27.00256273262458],[-75.60639541528097,27.00254801492409],[-75.60696899724796,27.002135024476868],[-75.60755119824762,27.001715830113678],[-75.60801073213872,27.001384963284153],[-75.6084890260835,27.001040587347717],[-75.60906484615603,27.00062599682257],[-75.60964601978783,27.000207552524515],[-75.61023945101373,26.999780287507367],[-75.61083531333708,26.99935127408495],[-75.61142797695095,26.998924567307377],[-75.61204441868828,26.99850181035629],[-75.61266397805797,26.998015770277675],[-75.61320549336081,26.998410572032693],[-75.61379033122343,26.998830509929483],[-75.61403621808613,26.99900406527145],[-75.61408168830081,26.999036159020932],[-75.61409933943318,26.999048917269477],[-75.61459998516483,26.999392245232205],[-75.61467604914593,26.999475041978904],[-75.61485638641149,26.999671340400084],[-75.61492805631828,26.999709233780482],[-75.6149482050906,26.999719887058465],[-75.6149556061678,26.999723800207622],[-75.61495645004895,26.999724246310272],[-75.61496834788514,26.999730537968613],[-75.61498484986818,26.99973926294101],[-75.61518350826805,26.999844304795005],[-75.615190946617,26.999850303210845],[-75.61519111392484,26.999850437607105],[-75.61519179856138,26.99985098938856],[-75.6151989767161,26.99985677786611],[-75.61521611356793,26.999870598597205],[-75.61532784720825,26.999733285306124],[-75.61532792499129,26.999733189268728],[-75.61533024728072,26.999730335733386],[-75.6153307753204,26.999730752654347],[-75.61533099690428,26.999730481662198],[-75.61568069305372,26.999303972309487],[-75.61587177924159,26.999070913391577],[-75.61817878564199,26.99625723203997],[-75.6182080270222,26.996221566712677],[-75.6186540087307,26.995666573068334],[-75.61868345731146,26.99562992651379],[-75.61902359385333,26.995206652498045],[-75.61922659877251,26.994954028138146],[-75.61922670948005,26.994953891331892],[-75.61926901196699,26.994975678804135],[-75.61932697529684,26.995005532544667],[-75.6193639635412,26.995024582832976],[-75.61941703131451,26.99506479514849],[-75.61947760407968,26.995095908419756],[-75.61954311029722,26.995138417345363],[-75.6196072917634,26.995180067372697],[-75.61980700118755,26.995264778638884],[-75.61995937757702,26.995338145533367],[-75.62041708486407,26.995526554157678],[-75.62061082297693,26.995606303194688],[-75.62089847121221,26.995726701207104],[-75.62101505294467,26.99577549838498],[-75.62140770722877,26.99593941722984],[-75.62146369438132,26.995961035089366],[-75.62196356396444,26.99615579028467],[-75.62245226105014,26.996365647562897],[-75.62306833970688,26.996593726811756],[-75.62325595240806,26.996650847305173],[-75.62346734830061,26.99672917632778],[-75.62355416533099,26.996768754638065],[-75.62360763007543,26.996788550301464],[-75.62367559390748,26.99682222600425],[-75.62394103026944,26.996943636229812],[-75.62424921863241,26.997094095426103],[-75.6245975177348,26.99725624372134],[-75.62489120545655,26.99739282298513],[-75.62499074462747,26.997443451924063],[-75.6252483501375,26.997694550519682],[-75.62543482543363,26.99787631606006],[-75.62550487390838,26.998063463764783],[-75.6253839501636,26.998048513894297],[-75.62535979921721,26.998045528031863],[-75.6252274888221,26.998029170133435],[-75.62519650379326,26.998067128126866],[-75.625025796619,26.99827624788816],[-75.62474992239115,26.99893056946621],[-75.62467727881752,26.99897440488535],[-75.62465165880637,26.99898986504128],[-75.62457902744836,26.999033693741755],[-75.62458501340437,26.999062006481658],[-75.62463370334979,26.999292317930433],[-75.62454755750082,26.99931911844017],[-75.62446068402207,26.9993461453781],[-75.62436334320961,26.99937642978258],[-75.62423894916691,26.99938235085393],[-75.6239710941743,26.999395100247444],[-75.62385440246729,26.999520562678082],[-75.62378620723875,26.999593883792922],[-75.62338277341127,26.9997555753944],[-75.62241792942525,27.000184877818885],[-75.6222067084513,27.000386781647226],[-75.6220793932862,27.00050848145261],[-75.62159433422654,27.000972146675377],[-75.62157864064257,27.001350576052772],[-75.6215714767873,27.00152332571033],[-75.62156399154998,27.00170384518829],[-75.62195907670218,27.001898771515048],[-75.62216228132898,27.001855522180435],[-75.62233643630682,27.001818455856537],[-75.62249805077614,27.00178405794709],[-75.62251540924488,27.001831520069647],[-75.62261787539047,27.002111692884082],[-75.62262828895028,27.002140165705374],[-75.62264715121783,27.00219174093988],[-75.62275679277286,27.002491535177192],[-75.62285018924507,27.00274690892335],[-75.6227903207342,27.0027964278853],[-75.6226856819561,27.002882978021233],[-75.62266739937257,27.0028980997857],[-75.62224188628247,27.002936166149194],[-75.62175332082674,27.00290599068931],[-75.62155886822168,27.002841268359173],[-75.62133197905561,27.002765748204336],[-75.62131588317219,27.002780447117452],[-75.62098655102885,27.003081185206252],[-75.62098216329153,27.00308519151548],[-75.62098209660883,27.003085475050405],[-75.6208009048509,27.00385051751806],[-75.62078163729969,27.003931867270964],[-75.62087427900852,27.00429293092076],[-75.62099694742426,27.004771025186148],[-75.62101189570625,27.004829282550045],[-75.62115011768779,27.005157304234938],[-75.62116640843088,27.005195964742406],[-75.62116095362069,27.00519785342184],[-75.62077954990666,27.0053299391671],[-75.62069532753455,27.005359105603887],[-75.62068621737053,27.00536226116731],[-75.6205683002209,27.005403096744104],[-75.62047054458621,27.005436949503196],[-75.62029111690924,27.00549908667686],[-75.62026186506237,27.00550921610808],[-75.62021219677699,27.005526418753348],[-75.62020930025047,27.005527421972836],[-75.62015387801098,27.00554661447058],[-75.62013467617541,27.00554649644279],[-75.62001521068366,27.005566754467402],[-75.6198955745623,27.00559770627],[-75.61958543445984,27.00571252402814],[-75.6194573759893,27.005764632483963],[-75.61912042685637,27.005901741198283],[-75.61900297067331,27.005942303101452],[-75.61893068401241,27.005970230885975],[-75.61881798259023,27.006009137151644],[-75.61880780425312,27.00601265089963],[-75.61879600171669,27.006016725434254],[-75.61876539386388,27.006027291678404],[-75.61873561103691,27.00603757302563],[-75.61862448002508,27.00607593809201],[-75.61854077643063,27.00610483450791],[-75.61778898793044,27.006364367032397],[-75.61777349941913,27.006370283981802],[-75.61776721985247,27.00637268290521],[-75.61775373973514,27.006377832731832],[-75.61767387556986,27.00640834231335],[-75.6174752673862,27.0064842141689],[-75.61742994076234,27.006501530009853],[-75.61700703277253,27.00666308846158],[-75.61667339878984,27.006790539827765],[-75.61663832618503,27.006803938071656],[-75.61612493869843,27.007000062694846],[-75.61612028966636,27.007001838419274],[-75.61600194581759,27.007047048746696],[-75.61585244345333,27.00710416126725],[-75.61465371939705,27.00756210122422],[-75.61313542297728,27.008142135503835],[-75.61159200694509,27.008731774207128],[-75.61148224981031,27.008773705283772],[-75.61146758293597,27.008779308567256],[-75.6114572008509,27.00878327448942],[-75.61139875146348,27.008805605603495],[-75.61136039466938,27.00882025857536],[-75.61135364129056,27.00882283842678],[-75.61134562925628,27.00882589932159],[-75.61129927194901,27.008843610042607],[-75.6109350348729,27.00808403099479],[-75.61088769544874,27.008101768170057],[-75.61088624202631,27.008102311827905],[-75.61086024297737,27.00811205304818],[-75.61083712767787,27.008120713190795],[-75.61081021777602,27.008130796256925],[-75.61080448461577,27.008132943798476],[-75.61078157028652,27.008141529672837],[-75.61071359549676,27.00816699790613],[-75.60948810856446,27.00862615659626],[-75.60947453052788,27.00863124478758],[-75.6094517125206,27.008639793837467],[-75.60936872936715,27.008670885829382],[-75.6093465151262,27.008679209438704],[-75.60933770192179,27.008682511095028],[-75.60927590724006,27.008705663803156],[-75.60924958537002,27.00871552607052],[-75.60830912789565,27.00906789621531],[-75.6080059220119,27.00918150196714],[-75.60794049714575,27.009207153679586],[-75.60793866073573,27.009207872950604],[-75.60793010218349,27.009211229057744],[-75.60792408165827,27.00921358992434],[-75.60788165009929,27.009230226330036],[-75.60761523152208,27.009334683483658],[-75.60757698595329,27.009349678966974],[-75.60685406600986,27.009633128520946],[-75.6059020843273,27.010006379821597],[-75.6058922694449,27.010010227986346],[-75.6060173758313,27.01027484192589],[-75.60418321591453,27.010997523754824],[-75.60406665293986,27.01073928016123],[-75.60378736007131,27.010120498158223],[-75.60371717895802,27.009965010600332],[-75.60366365055266,27.00984641840964],[-75.60366208709375,27.009842955391946],[-75.60363897493075,27.00977739129814],[-75.60362226213464,27.00972998420315],[-75.60348761905684,27.00934797661906],[-75.60339029648902,27.009071888754853],[-75.603185905359,27.008492041013447],[-75.60313693793903,27.00835312277791],[-75.60303214778801,27.008055840438338],[-75.60296310116776,27.007859957786188],[-75.60291231592262,27.007715878551895],[-75.60285946173876,27.0075659363833],[-75.60285850360646,27.007563219291352],[-75.60282684280438,27.00747340060102],[-75.60278955839782,27.007367627212197],[-75.60277268059465,27.00731974585966],[-75.60277258834364,27.007319482302883],[-75.60277183887335,27.007317360354225],[-75.6027565239049,27.007273912496043],[-75.60275304697798,27.00726404823415],[-75.6026820213585,27.007062554502035],[-75.6026250704787,27.00690098806092]]]}},{"type":"Feature","properties":{"Ward_Num":6,"Shape_Leng":20217.2688053,"Shape_Area":13455448.7681},"geometry":{"type":"Polygon","coordinates":[[[-75.600248651876,27.00680283562123],[-75.60023675624636,27.00680030655367],[-75.59958929195987,27.00666263522465],[-75.59921995712098,27.00658410258615],[-75.59919691241907,27.006579202636647],[-75.59919672481675,27.006579162632583],[-75.59811661217911,27.006349498763786],[-75.59807990123018,27.006472909526103],[-75.59795262241525,27.00644216406081],[-75.59651698209528,27.00609537625901],[-75.59651604693585,27.00609893990013],[-75.59651593279628,27.006099377586654],[-75.59650935023883,27.006097486625272],[-75.59645447297142,27.006081719079813],[-75.5964011779755,27.006066407084873],[-75.5963327759861,27.00605316089425],[-75.59625337852526,27.006037784376556],[-75.5957788308255,27.005934106225286],[-75.59577879377366,27.005934106945848],[-75.5957787578271,27.005934091881723],[-75.59577872767667,27.005934075693784],[-75.59577247532738,27.00592807793306],[-75.59572923722797,27.005886644392035],[-75.59571943332806,27.005877250771846],[-75.59567106320469,27.005830906054978],[-75.59534450118728,27.005518013853667],[-75.59527016816197,27.005446792217796],[-75.59541920649536,27.005344591821316],[-75.59545216948611,27.00531259757573],[-75.59554123345264,27.005226151218977],[-75.5958334306375,27.00493066266454],[-75.59586774829852,27.004952105657708],[-75.59610746953823,27.005101892240983],[-75.59614426996943,27.005051160159155],[-75.59620555519328,27.004966674932728],[-75.595928504645,27.004793029473507],[-75.59600945192747,27.004707261812598],[-75.59608028052241,27.004547747714184],[-75.59640515024415,27.004609050080905],[-75.59645552586547,27.004491464678487],[-75.59616766330407,27.004377205363827],[-75.59637878756347,27.003875687358633],[-75.59641607595026,27.003779201689753],[-75.59647680982586,27.003594570748465],[-75.59653511887473,27.0034020079261],[-75.59657511432793,27.003269924994164],[-75.59687892418842,27.00336294847307],[-75.59690583586327,27.003284875981088],[-75.59660488552633,27.003191715526928],[-75.5966358482946,27.003085292550445],[-75.59662109314189,27.003078316368292],[-75.59662268735485,27.00307282983465],[-75.59664026658696,27.003012313508066],[-75.59666633492697,27.002922578814314],[-75.59687377868329,27.002262526008796],[-75.59746969263796,27.000443242813464],[-75.59750106741912,27.00035983462418],[-75.59760812342334,27.000394605629904],[-75.59805088452067,27.000538408577032],[-75.59846097360548,27.000167320265724],[-75.59789624022412,26.9999730933765],[-75.59771141728102,26.99990952697362],[-75.5977894204655,26.999741983017465],[-75.59831214012911,26.999915024116323],[-75.59833479109936,26.99984568343498],[-75.59787750544358,26.99967976215436],[-75.59815799555626,26.999444544336136],[-75.5983866956474,26.99951470187029],[-75.59850466536847,26.99955089089973],[-75.59851957839142,26.999506293069178],[-75.59853713875002,26.999453777516322],[-75.59864439553509,26.999486266328965],[-75.59869290813192,26.99950096155619],[-75.59873682173631,26.999403302839116],[-75.59834016427028,26.99925800945984],[-75.59828334985671,26.9992371986121],[-75.59837403473878,26.999154376137437],[-75.59890799317873,26.99932347073715],[-75.59893511767682,26.999273115200634],[-75.59895232258205,26.999278228958673],[-75.59900595955523,26.999294170266765],[-75.59926100624111,26.999369971432923],[-75.59932312509923,26.99931508486757],[-75.59847719386364,26.99904267263358],[-75.59865222054451,26.998879788738996],[-75.59903562996797,26.99852298154829],[-75.5992956769981,26.99874858159147],[-75.59945270407472,26.99860245071243],[-75.59919833456543,26.998371566510105],[-75.59947966322054,26.998109759123484],[-75.59972197215549,26.998351865589527],[-75.59988174165659,26.99820318293293],[-75.59961784647571,26.997981164796045],[-75.59993020702306,26.997690480089222],[-75.60018326964443,26.997922579025886],[-75.6003455796823,26.99777153245133],[-75.60006943184413,26.997560918036356],[-75.60037218093575,26.997279178304318],[-75.6006293185994,26.99750748585725],[-75.60079553090937,26.997352808448873],[-75.60052856292481,26.99713365024948],[-75.60091297139166,26.99677592260871],[-75.60116453952372,26.997009412226305],[-75.60123976873457,26.996939404169872],[-75.60131902715152,26.996865646672102],[-75.60105553272678,26.996643255413677],[-75.60141768398111,26.99630624202821],[-75.6016744489434,26.996534895873385],[-75.60175990620888,26.9964553700425],[-75.60185721982788,26.996364813082316],[-75.60160202939298,26.996134694080126],[-75.6022932732031,26.99549143803137],[-75.60311027361263,26.994731163772745],[-75.60322308488337,26.99462618471118],[-75.60326915645284,26.994583312583813],[-75.60329768565168,26.994556763902075],[-75.60330674120705,26.994548337248496],[-75.60329751979253,26.994401068064352],[-75.60324318641646,26.994442854852394],[-75.60317622064522,26.994494357287454],[-75.6031707493307,26.99449856496339],[-75.60302724668072,26.99456559530682],[-75.60277283716906,26.994684429618015],[-75.60289355162904,26.99455636394801],[-75.60294199954784,26.994551535656583],[-75.60338654831833,26.99430197631932],[-75.60380789215834,26.993920404339775],[-75.60429562985098,26.993440849622058],[-75.60449848029597,26.993286499939664],[-75.60479401206587,26.993242177389924],[-75.60501431418614,26.993209135042058],[-75.60502494553023,26.99321749922579],[-75.60504998756328,26.993237197821813],[-75.60512922578211,26.993299534457755],[-75.60552005923383,26.993607008733207],[-75.60556421226778,26.993641742290226],[-75.60556142226241,26.99364439450662],[-75.60560067141155,26.993679872958033],[-75.60581937872367,26.993877560103414],[-75.60592992173558,26.993977479145613],[-75.60634825026845,26.99435560263512],[-75.60660377972776,26.994586575084686],[-75.6068889462494,26.99484368177653],[-75.6069263474466,26.994877403746223],[-75.60697021961047,26.994916959155752],[-75.60649461254496,26.995430102277282],[-75.60649702485222,26.995432293951716],[-75.60654314064608,26.99547418761389],[-75.60660885353664,26.995533885014957],[-75.6080236268242,26.996819151796505],[-75.60806502541958,26.996856762000636],[-75.60815353196433,26.996937167640983],[-75.60838285844133,26.997142367852085],[-75.60890349345951,26.99760823521433],[-75.60918953637307,26.997864186488354],[-75.61076721872796,26.99927592517894],[-75.61083531333708,26.99935127408495],[-75.61023945101373,26.999780287507367],[-75.60964601978783,27.000207552524515],[-75.60906484615603,27.00062599682257],[-75.6084890260835,27.001040587347717],[-75.60801073213872,27.001384963284153],[-75.60755119824762,27.001715830113678],[-75.60696899724796,27.002135024476868],[-75.60639541528097,27.00254801492409],[-75.60637497341655,27.00256273262458],[-75.6063534274801,27.00257824547927],[-75.60632674276808,27.002597460612446],[-75.6063103122219,27.00260929054503],[-75.6060309165205,27.002810462642955],[-75.60597957436536,27.002847430017823],[-75.60595635102382,27.002864150869968],[-75.60592392108396,27.002887501754273],[-75.60590720948176,27.002899534347538],[-75.60588337441835,27.002916695990518],[-75.60584156957745,27.002946796928047],[-75.60584105091273,27.002947170770316],[-75.60521136777517,27.003400560710094],[-75.60513719687653,27.00345396644336],[-75.60487502129818,27.00364274018857],[-75.60482777124575,27.003676760752782],[-75.60482712477972,27.003677226657686],[-75.60482474179555,27.003678942513755],[-75.60478475537826,27.0037077344808],[-75.60462923799857,27.00381971237943],[-75.60434923935857,27.00402132232854],[-75.60425355634398,27.004090217471447],[-75.60424332614774,27.00409758395202],[-75.60396524446212,27.004297814536944],[-75.60392337150265,27.00432796488707],[-75.60390941826145,27.004338012478463],[-75.60389719678996,27.004346812085043],[-75.60389369653132,27.004349333240413],[-75.60389172224089,27.00435075430045],[-75.60387385141911,27.00436362168735],[-75.60386353928995,27.0043710449974],[-75.60382478155674,27.004421618025322],[-75.60373704235748,27.004536102461692],[-75.60370005753097,27.00458436170449],[-75.60359966187876,27.004715359892998],[-75.60358998743426,27.0047279839129],[-75.60358631815558,27.004732772379825],[-75.60358257492189,27.004737655836244],[-75.60357950116328,27.004741665859267],[-75.60357489240211,27.004747679501353],[-75.60356137805441,27.00476531354525],[-75.60338358220696,27.004997307453905],[-75.60331717159424,27.005126157971524],[-75.60329796743713,27.005163418582455],[-75.60326387949793,27.005229557045936],[-75.60296765837175,27.006004606158545],[-75.60286322401736,27.006277857709147],[-75.60277650388058,27.00650476175439],[-75.6026250704787,27.00690098806092],[-75.60255078237083,27.007095363337164],[-75.60251203467975,27.007196750752065],[-75.60250254764715,27.007221571845566],[-75.6024965625226,27.007237233221108],[-75.60249631178404,27.00723788926131],[-75.60249143902745,27.00725063761323],[-75.60248115462072,27.00727754943008],[-75.602450097926,27.007270945446244],[-75.6019583249658,27.007166373993552],[-75.60192666208816,27.007159640353414],[-75.60192447900442,27.007159175789027],[-75.60189342147898,27.0071525725411],[-75.60186168463827,27.007145824582754],[-75.6014911655538,27.00706703757523],[-75.60104780294425,27.00697276278403],[-75.60062684767192,27.006883253106587],[-75.600248651876,27.00680283562123]]]}},{"type":"Feature","properties":{"Ward_Num":9,"Shape_Leng":99119.0698462,"Shape_Area":45807930.6935},"geometry":{"type":"Polygon","coordinates":[[[-75.58375474076506,27.015543680576435],[-75.58469684721189,27.013814750528137],[-75.58424756785251,27.013590481842492],[-75.58327599915683,27.01540272242736],[-75.58314031016124,27.01537165904503],[-75.58295302554508,27.01530893305912],[-75.58284281371756,27.015256179064103],[-75.5837876244222,27.01331553337719],[-75.5837529292202,27.013298786021686],[-75.58326005455709,27.01306087321606],[-75.58304092913986,27.012623290412645],[-75.58295629511272,27.012454279065427],[-75.5824759208057,27.012221853581494],[-75.58236902083837,27.01240549967876],[-75.58179588930167,27.01339008065143],[-75.58169722481594,27.013351781225097],[-75.58167062707422,27.01334145643025],[-75.5810163187736,27.014471539711014],[-75.58070408246328,27.014337889981434],[-75.581472705731,27.012987392876138],[-75.58216614573192,27.011787205723877],[-75.58176293503578,27.01161427090977],[-75.58191531339052,27.011322430355992],[-75.58189857697096,27.011315132709417],[-75.5816085831567,27.01118867900568],[-75.58145241704057,27.011120581096005],[-75.57990774216988,27.013898546896165],[-75.57985358781207,27.013995934832533],[-75.57876822641478,27.013515600449175],[-75.58034331594494,27.010682911631484],[-75.58036388318358,27.01064592038823],[-75.57955529838296,27.010293333332932],[-75.57951715894154,27.01036442853597],[-75.57800271445774,27.013187388474798],[-75.5776629625283,27.013037030460286],[-75.57716742199304,27.01281772534554],[-75.57860940940522,27.010224371040145],[-75.57770136982266,27.009800514329747],[-75.57780990899782,27.009615424130356],[-75.5761154164869,27.008824465454744],[-75.57555339329005,27.009586760336727],[-75.57545661793428,27.00952995405952],[-75.57601225935275,27.008776313360542],[-75.57560425203422,27.008585863162278],[-75.575121310109,27.009266110308236],[-75.57498928946829,27.00919148953574],[-75.57504277293108,27.009116155830224],[-75.57509548534911,27.009145950693064],[-75.57571492731847,27.008273435252182],[-75.57512393593262,27.008017548099257],[-75.57447446477826,27.008935232751234],[-75.57437831060415,27.008881054210942],[-75.5748541699777,27.008204718312037],[-75.57414526284465,27.007897778128534],[-75.56763956730254,27.00831505311318],[-75.56708949526951,27.00806829300228],[-75.5674361353607,27.00772411322811],[-75.56900713956851,27.007623337917284],[-75.56898616572624,27.007361496336827],[-75.56612644576839,27.00754494317514],[-75.5661108372791,27.00735009713608],[-75.5687080694891,27.00718348754951],[-75.56866453390144,27.006639982818587],[-75.56690887685475,27.006752603923907],[-75.56688710056406,27.006480763378033],[-75.56798503359528,27.006410333345872],[-75.56795152155983,27.00599197272975],[-75.5663599838839,27.006094081802072],[-75.5651441831318,27.00617206588172],[-75.56507825537422,27.005349106034203],[-75.5665486943881,27.005254875840752],[-75.57710574699482,27.00457767734322],[-75.5772786330358,27.00472274081245],[-75.5776690488566,27.0046982890402],[-75.58063433648819,27.004512523689986],[-75.5814438592746,27.004234997303172],[-75.58226029139554,27.003301858752383],[-75.58223374462838,27.00316151009342],[-75.58360888346618,27.001609032225446],[-75.58349903300943,27.001535141525295],[-75.58331552486642,27.001411704974938],[-75.58350821020828,27.00118358006172],[-75.58338691295518,27.001101987930095],[-75.58346400430739,27.001010718060268],[-75.58324708674606,27.000864807928934],[-75.58308082728308,27.00106164816961],[-75.58290698140694,27.00094470931091],[-75.5830896627716,27.000728427580466],[-75.58286427192881,27.00057681742057],[-75.58277880201102,27.00067800795295],[-75.5827167413684,27.000636261934464],[-75.58262605853812,27.00074362362754],[-75.58250936852531,27.000665131497026],[-75.58270544475504,27.000432989586567],[-75.58243404712546,27.000250432490066],[-75.58254414897232,27.00012007723147],[-75.5823395698828,26.99998246547903],[-75.58220009939956,27.00014758994424],[-75.58207014137353,27.0000601731907],[-75.58214314113887,26.999973745387273],[-75.58203919781045,26.99990382639137],[-75.58217418433166,26.999744009985395],[-75.5819070222997,26.9995643005152],[-75.58160588716497,26.999920828573693],[-75.58147882772008,26.99983536141247],[-75.58135255696453,26.999984860018678],[-75.58123029140285,26.9999026183413],[-75.58169592080654,26.99935133480748],[-75.58161999743476,26.999300264627855],[-75.5814016423376,26.999558786641927],[-75.5812789683462,26.999476268967236],[-75.5805375951527,27.00035401978651],[-75.58027351604261,27.00017638763974],[-75.5800158752724,27.00048142295518],[-75.5798922721507,27.00039828208409],[-75.5810195061669,26.99915273983472],[-75.58105120806738,26.99911770988275],[-75.580575967448,26.999003857877252],[-75.58040036063908,26.999194235034665],[-75.57968678032196,26.99996782202592],[-75.57957315169942,26.99950394113461],[-75.57939606096458,26.999580653529428],[-75.57952074113044,27.00006960409119],[-75.57908943829942,27.000533883451066],[-75.57898712868271,26.9996172301838],[-75.57883485210958,26.999630821291138],[-75.57892657218035,27.0004525863168],[-75.57877051733476,27.0004665149933],[-75.57883990076596,27.00108814626169],[-75.57874052167035,27.001097016372707],[-75.57845319297662,27.001571092699507],[-75.578217865111,27.00259769215066],[-75.57818276727389,27.002650562248554],[-75.57813509925222,27.00265283699163],[-75.57770904733701,27.002562244343178],[-75.57758561810775,27.002576666470954],[-75.57753904252897,27.0027580714926],[-75.57733883923004,27.00276762465954],[-75.57784735987242,27.001190435442716],[-75.57781801303791,27.000696942266657],[-75.5777481045172,27.00070027842491],[-75.57773306574958,27.001122617948273],[-75.5775855567782,27.001150135109064],[-75.57745054943769,27.00159685984568],[-75.57735134960882,27.001552630352],[-75.5773071446645,27.001591648419435],[-75.57726215602851,27.001644246750573],[-75.57715078950059,27.001700755984608],[-75.57706625207697,27.001726121287863],[-75.57698673550992,27.00175551417897],[-75.57684848888174,27.002244199959097],[-75.57668414131156,27.002213646433944],[-75.57680884648443,27.001738405100078],[-75.57665689160352,27.00166698655988],[-75.57658690804865,27.00186844521298],[-75.57649478613457,27.001842983581643],[-75.5765927436125,27.001561000343973],[-75.57659924690537,27.001510921138767],[-75.57560876386587,27.00157382680309],[-75.5756798725618,27.002287169337485],[-75.57572078165691,27.002814231961793],[-75.57630691080536,27.003426194329396],[-75.57612126155539,27.003439319615033],[-75.57585484581837,27.003195224677118],[-75.5756107734144,27.002971599671632],[-75.57528669406886,27.002988878775103],[-75.575193742118,27.001591180587116],[-75.57513381945795,27.001594375615372],[-75.57475982906564,27.001614316995205],[-75.57476566587714,27.001702081549677],[-75.5744945366008,27.00171653796196],[-75.57448961548056,27.001642542268012],[-75.57416958554708,27.00165960670874],[-75.57417833593874,27.001791172925163],[-75.57409453100841,27.001795641684666],[-75.57416613553892,27.002872294625664],[-75.57357092902419,27.002904032875428],[-75.57356484430989,27.002812548869098],[-75.57317354854055,27.00283341443366],[-75.573179373571,27.002920991113005],[-75.57289267003992,27.002936280016943],[-75.57290350332937,27.00309915354437],[-75.57152639022081,27.003172591956286],[-75.57147632778839,27.002419963788356],[-75.57155256842111,27.00241589797517],[-75.57150730803744,27.00173545103407],[-75.57084443082762,27.001782405622357],[-75.57077314861793,27.001787454735712],[-75.57079286065732,27.001993213084155],[-75.57082664130623,27.002345817430527],[-75.57074567583896,27.002352023914973],[-75.57071122462978,27.00199241917954],[-75.57066999942666,27.001562103571192],[-75.57054973445823,27.00157098435834],[-75.57049936936316,27.00157470391529],[-75.57053617494984,27.00195650360114],[-75.57036162448745,27.001969966432682],[-75.57036346295165,27.001989035836647],[-75.57036893158165,27.002045769586],[-75.56978839684176,27.002090548449196],[-75.56969854426995,27.002026576985923],[-75.56962227646105,27.00203021759243],[-75.56969280834309,27.002572935691152],[-75.56982442187625,27.00285675899113],[-75.56998708278711,27.00301964376689],[-75.57012865243678,27.003149405094423],[-75.57045380456243,27.003150948613804],[-75.57048907020797,27.003422304242008],[-75.56980164363206,27.003438055037037],[-75.56979658199376,27.00335297210348],[-75.56948239636924,27.003214386657717],[-75.56944004334231,27.002823913310593],[-75.56935314170383,27.001684695569885],[-75.56877974711364,27.001552751586843],[-75.56896623735378,27.001140258695024],[-75.5688400135212,27.00109483941783],[-75.56895829781635,27.000833210642753],[-75.56895121045693,27.000714090445307],[-75.56884777447051,27.000582505028103],[-75.56783381046979,27.000166619677106],[-75.5670478392839,27.00021875980474],[-75.56739630718482,27.003504254587817],[-75.56510125516043,27.003656500171665],[-75.56505248735492,27.003479646384438],[-75.56498515870939,27.00331221112927],[-75.56484957621763,27.00312243697851],[-75.56479785746222,27.00305664719238],[-75.56482190077887,27.002978706053312],[-75.56487302642421,27.002873874099198],[-75.5648649252236,27.002737739355847],[-75.56488896837148,27.002659798301735],[-75.56493461058415,27.00262348913462],[-75.56505145878101,27.00249845256585],[-75.56516830664188,27.00237341679007],[-75.56525402216785,27.002207204577868],[-75.56533619304145,27.00198143288416],[-75.56533813144105,27.001853349996914],[-75.56542536621937,27.001712662534057],[-75.56553774420182,27.00167316518034],[-75.56562455984022,27.001686085818847],[-75.56573297383345,27.001740637956903],[-75.56579667078242,27.001686400574158],[-75.56579312616323,27.001626841160142],[-75.56575996894281,27.00155163025055],[-75.56571727713394,27.001476873976042],[-75.56571373356012,27.001417314568645],[-75.56572773785679,27.00133131884873],[-75.56578940921577,27.001243046780733],[-75.56583897495135,27.0011280484473],[-75.56590761630011,27.001124770842825],[-75.56599974727939,27.001130611539423],[-75.5660912700596,27.00112624148368],[-75.56617013666256,27.001101996589817],[-75.5660382177577,27.001005903076333],[-75.56404292385304,27.000251311667654],[-75.56350715339347,27.000502163187036],[-75.56304179494174,27.000661744970042],[-75.56239963563226,27.000809295180783],[-75.56167138831394,27.00091259293279],[-75.5606594848277,27.001017347851057],[-75.55967799752443,27.001072286330416],[-75.55921030439421,27.00106641190153],[-75.55883224698428,27.001052226682965],[-75.55800579374777,27.00113200830467],[-75.55726353373385,27.001280318407655],[-75.55683606654063,27.001389410323814],[-75.55603369619166,27.001649419640202],[-75.55587779013645,27.001834210107365],[-75.55566012072357,27.001542320610053],[-75.55529934237903,27.001542801312628],[-75.55514315355785,27.001543009480528],[-75.55513940797978,27.001543014368494],[-75.55507574378468,27.001498185827312],[-75.55506972221981,27.00149394617867],[-75.55462293872799,27.000830105110868],[-75.55463643364472,27.000782067972665],[-75.55465048253758,27.000732057660905],[-75.55448938919338,27.000086644845755],[-75.55438305849412,26.999660631941158],[-75.55439459196272,26.999349734141898],[-75.5544258792534,26.99909028865698],[-75.55444432118766,26.99908858485699],[-75.55487738986707,26.99904856589064],[-75.55517216806352,26.998897446984955],[-75.55539086635818,26.99875802383996],[-75.55547789045363,26.99876192754787],[-75.55571203514458,26.998601614514488],[-75.55587081515297,26.998465054746035],[-75.55596658967706,26.99833553519342],[-75.55604809120898,26.998190575626424],[-75.55607683148368,26.998112622802747],[-75.55611838914871,26.997969572392158],[-75.55615402675582,26.997895321720648],[-75.55618799107424,26.99779293770722],[-75.55625785174604,26.997676748231402],[-75.55636148064195,26.997567007371075],[-75.55648472436843,26.997476403004136],[-75.55656417760417,26.997434860338025],[-75.55668669835589,26.997422496698405],[-75.55678991099127,26.99747399304116],[-75.5568665044182,26.99766040106527],[-75.55686729265993,26.997764518108706],[-75.55683761517072,26.99788281872365],[-75.5567767824506,26.997982455644607],[-75.5566724369048,26.998080141336157],[-75.55656835221632,26.998238269522957],[-75.55649661700588,26.99843515926982],[-75.55639829616223,26.998746170405866],[-75.55638978796526,26.99888361256082],[-75.55640482002349,26.999023961699375],[-75.5564417373882,26.999195508957776],[-75.55651052916636,26.999397776058732],[-75.55655478066234,26.999468210448267],[-75.5570255867313,26.99952632937376],[-75.55731085770827,26.99938372618869],[-75.55740649700357,26.999532316413877],[-75.5572350989069,26.9996251438683],[-75.55714793606987,26.999946832584833],[-75.55713109833333,27.000008976870024],[-75.55713573668922,27.000017986658726],[-75.55738022249481,27.0004928275966],[-75.55756854458973,27.000516075787026],[-75.55780962697574,27.00047231532417],[-75.55848940127225,27.000451935738987],[-75.55865350671768,27.000573072819005],[-75.55895717792916,27.000683514149987],[-75.55919441327127,27.000734738058057],[-75.55933930261214,27.000766024528453],[-75.55972923895881,27.000755459596494],[-75.56014556654729,27.000739605482522],[-75.56048794467053,27.00071519214684],[-75.5608997459542,27.00067940174688],[-75.56163917584847,27.000595722009383],[-75.56215843349143,27.000514497547016],[-75.56271928856324,27.00040307131604],[-75.5630419145398,27.00032720753975],[-75.56332529258468,27.000208882213805],[-75.56356563708876,27.000096642790304],[-75.56383759359024,26.999954680587948],[-75.56375114945205,26.999885362277205],[-75.56446537325547,26.99929149899784],[-75.56508240556174,26.998606704319684],[-75.56543445338428,26.997838988072377],[-75.56543173965706,26.997757745225766],[-75.56562103350534,26.99774483716021],[-75.56578008136863,26.997733991395286],[-75.56577957006002,26.997733424878955],[-75.56585525758857,26.99772827773944],[-75.56606803152697,26.997713811141747],[-75.56608066816497,26.99771295201724],[-75.56610689731383,26.99771116843483],[-75.56686282259845,26.997659774271476],[-75.56854681477519,26.997545283040346],[-75.56885268564375,26.997524488870777],[-75.56940482939775,26.997486952044625],[-75.56972922355443,26.99746489857635],[-75.57020248432845,26.997432727940712],[-75.5718451748068,26.99732105866082],[-75.57350198484076,26.997208438158154],[-75.57375282998144,26.997191388016677],[-75.57512208044446,26.997098321091908],[-75.57677217885532,26.996986170381692],[-75.57865126996626,26.99685846336914],[-75.57870808395096,26.996854601975],[-75.57878619087806,26.99684929532469],[-75.58008008679575,26.996761365482122],[-75.58223530351727,26.99661491369733],[-75.58334928130192,26.996539220308705],[-75.58512676499132,26.997781613509183],[-75.58545576244778,26.997407429210067],[-75.58575839217461,26.99706323900454],[-75.58603437034773,26.996749361223795],[-75.58630925628101,26.99643672583155],[-75.58659155957821,26.99611565834812],[-75.58686016201898,26.99581017306115],[-75.58713814020474,26.99549402615372],[-75.58741560762124,26.99517846195369],[-75.5878241569535,26.994713823970855],[-75.5881748372982,26.99431499542704],[-75.58817899398777,26.99431862763799],[-75.58844975087084,26.994555273528807],[-75.58853483767727,26.994629641588688],[-75.58864904775729,26.99472946445571],[-75.58874460271494,26.994812981737915],[-75.58881826395674,26.99487736196844],[-75.58926628991651,26.995268950299504],[-75.58933484828252,26.995328872394648],[-75.58933502643974,26.995329028221306],[-75.58952246726635,26.99549285724517],[-75.58976513224363,26.99570495476876],[-75.58986547846912,26.99579266025556],[-75.59018324663236,26.996012483849203],[-75.59060671264675,26.996305422858416],[-75.59061195348674,26.99630904860629],[-75.59074951684896,26.99615389009032],[-75.5907997663119,26.996097213143344],[-75.59088969620443,26.99599578203303],[-75.59094711748972,26.99593101585591],[-75.59094764308935,26.995930424994736],[-75.5910308330682,26.995836594068518],[-75.59104912613539,26.99581596118073],[-75.59105152823707,26.995813253507773],[-75.59182880104701,26.997150832824353],[-75.5918654115533,26.99721383333956],[-75.5923257542916,26.998006028042433],[-75.5923530282807,26.99805296356719],[-75.5924160635112,26.998161440356096],[-75.59248586474679,26.998281559756172],[-75.59252153586947,26.998342946666728],[-75.59253508151723,26.998366255755414],[-75.592566067207,26.99841957896929],[-75.59259237930236,26.99846485983032],[-75.5926998039405,26.998649725064055],[-75.59285339220116,26.99918338769865],[-75.59304146996716,26.999005890656907],[-75.59346867453488,26.998602723025794],[-75.5937804563953,26.99830848094534],[-75.59382182476554,26.99826944010302],[-75.59474878942565,26.997339930631558],[-75.59475120805787,26.997334602863294],[-75.59477295146262,26.997286709948014],[-75.59498460148538,26.996820517760458],[-75.59503531571796,26.9967088137586],[-75.59511154860262,26.996540899386776],[-75.59572510357424,26.995161661426497],[-75.59592857675531,26.994710614080837],[-75.59725834249396,26.991762935063722],[-75.59745177958642,26.991334156213245],[-75.59750337179582,26.99134416479742],[-75.59807877807232,26.991455786620666],[-75.59818805784133,26.991476142021966],[-75.59846081458075,26.991526950276285],[-75.59848927802037,26.99153252917593],[-75.59935374831569,26.991701968833276],[-75.60023756766165,26.991872567302956],[-75.60088781347122,26.992011560610866],[-75.6009460374189,26.992030155077572],[-75.60107594669331,26.992050189813074],[-75.60124442065306,26.992069358395934],[-75.60185899914376,26.99217919000461],[-75.60195672158235,26.99219665444758],[-75.60198215465424,26.992201165283745],[-75.60257459240525,26.992306237348558],[-75.60260816986751,26.99231219164405],[-75.60273807279735,26.992335230965136],[-75.60375936103743,26.992531340665415],[-75.60429726993262,26.992633522906107],[-75.60438990034585,26.99271790240492],[-75.60501431418614,26.993209135042058],[-75.60479401206587,26.993242177389924],[-75.60449848029597,26.993286499939664],[-75.60429562985098,26.993440849622058],[-75.60380789215834,26.993920404339775],[-75.60338654831833,26.99430197631932],[-75.60294199954784,26.994551535656583],[-75.60289355162904,26.99455636394801],[-75.60277283716906,26.994684429618015],[-75.6024017504094,26.99507811696079],[-75.6023126582013,26.99514066266346],[-75.6022295616446,26.995147656862372],[-75.602090712347,26.995095857188957],[-75.60206556610547,26.9950050986658],[-75.60207050918434,26.99496827891283],[-75.60207557479444,26.994930542912837],[-75.60207574271774,26.994929290739872],[-75.60210222414065,26.994732035407154],[-75.60210584370076,26.994705076594045],[-75.60211669437341,26.994624251222945],[-75.60205235149134,26.994627317377184],[-75.60202278795818,26.994727953106377],[-75.60192966269499,26.995044963760684],[-75.60193120444357,26.995070935984415],[-75.60193256483174,26.995093841288554],[-75.60193949674563,26.995210568849142],[-75.6019500320634,26.99538799080888],[-75.60195205057042,26.995421983013728],[-75.60195734261238,26.99551109297424],[-75.60143433488025,26.995995255612545],[-75.60131286225521,26.995967655843817],[-75.60130311130284,26.995983619535814],[-75.60127085652985,26.99603643617062],[-75.60080792658897,26.995847032592394],[-75.60077709034199,26.995948669145317],[-75.60046535660038,26.99587556666313],[-75.60046878732989,26.995863506231842],[-75.60069678699331,26.995062117173877],[-75.60057896787727,26.99503269635797],[-75.60047222385587,26.99500604068325],[-75.6002754298436,26.995724184974637],[-75.60024791849332,26.99582457730336],[-75.59988251830273,26.99573888412156],[-75.60016009536457,26.99473314760107],[-75.60016017870653,26.994732845890574],[-75.59991733664111,26.99466520456694],[-75.59966018569452,26.995549942859427],[-75.5996229595503,26.995678024052356],[-75.59902508980707,26.995537824502172],[-75.59927125862156,26.994651478122144],[-75.59903513019094,26.994591909285266],[-75.5990331077133,26.994599755370636],[-75.5988046228859,26.995486187028487],[-75.59850983275292,26.995416997772423],[-75.59851444814046,26.995400093772922],[-75.5985535699362,26.995256807920054],[-75.59874569370076,26.9945531424973],[-75.59874909383484,26.994540690109122],[-75.59844679319094,26.994473180596426],[-75.59824110967767,26.995262470059348],[-75.59821863537708,26.99534871335679],[-75.59793981292509,26.99528333001687],[-75.59816026809376,26.994415056730386],[-75.59791626344204,26.994361936362964],[-75.59791360026655,26.994372229922895],[-75.59769286146852,26.995225411923954],[-75.59754260534088,26.995190186690216],[-75.59728024220342,26.995128931622034],[-75.59722305711995,26.995145706577652],[-75.59718170502217,26.995188334014518],[-75.59709506385205,26.995293813669882],[-75.59622546335396,26.996352502656023],[-75.59530491629779,26.997473232616745],[-75.59533266242856,26.998243172237164],[-75.59530128553303,26.998801163387554],[-75.59525049908993,26.99890340767298],[-75.5951612422056,26.998998842289485],[-75.59529955416515,27.001260675637237],[-75.59537638806667,27.002683180453094],[-75.5954142903868,27.0033848861158],[-75.59542058611419,27.00378048228533],[-75.59540065140543,27.004088591904743],[-75.59520514443159,27.004498923960053],[-75.59508872207411,27.004470346437177],[-75.59491928789068,27.004836773294556],[-75.59489089323121,27.004875817622228],[-75.59477787601995,27.005031221476802],[-75.59395216069792,27.005454532584036],[-75.59358996633104,27.005633910036536],[-75.59355934471647,27.005601241346543],[-75.59304453525327,27.005832678366357],[-75.59302858529321,27.005839849037695],[-75.59253724591288,27.00598437612321],[-75.5923708600388,27.00603331788854],[-75.59194691649257,27.006138852798102],[-75.59210572903878,27.005593761685166],[-75.59200927843165,27.00557141090973],[-75.59211243932992,27.005217331063434],[-75.5919778278165,27.00518613706011],[-75.59217455387981,27.004510910415416],[-75.59176163377647,27.004415222314336],[-75.59167010389325,27.004729380870618],[-75.59157463199445,27.004707256978843],[-75.59147463387657,27.005050485103904],[-75.59139593549034,27.005032248073864],[-75.59121466061136,27.005654447244794],[-75.59132425093627,27.005679842895272],[-75.59098911472918,27.00693218454757],[-75.590966710968,27.006972896407326],[-75.59084711699646,27.007190218334273],[-75.59083347100703,27.00719474629732],[-75.59081605320829,27.007200526653556],[-75.59072960469481,27.007229213754595],[-75.5906892434242,27.00729143224032],[-75.59064658036147,27.007357200496703],[-75.59047628251257,27.007619724050357],[-75.59052117205836,27.007650664156323],[-75.59052906736049,27.00765610643312],[-75.59056899069235,27.007683622963423],[-75.59058200928017,27.007692595699645],[-75.59052173778622,27.00781220354443],[-75.59043903270042,27.007976334724894],[-75.59039236921741,27.00806894089907],[-75.59037274115946,27.008100732837196],[-75.59008075694695,27.008573664579284],[-75.59006195767672,27.008604114688907],[-75.58974147079107,27.008415691018953],[-75.58943340916309,27.008234573139287],[-75.58875445610838,27.007835400573867],[-75.58867169770815,27.008016849442612],[-75.58865297391853,27.008057901968453],[-75.5892712098019,27.008509652611814],[-75.58944100847087,27.008633727564977],[-75.58958868096427,27.00884720297433],[-75.58974311422833,27.009070452688576],[-75.5897457773075,27.009074302285082],[-75.58969655301803,27.00916293732078],[-75.58911696361965,27.010206546342985],[-75.58909050171526,27.010254193568187],[-75.58865199285484,27.01104378636048],[-75.58862970055064,27.011083927788622],[-75.58855357157626,27.01122100725579],[-75.58845449115563,27.011399416678728],[-75.58839112559643,27.011513514905992],[-75.58817671262473,27.011899599913924],[-75.58817370215415,27.011905085240418],[-75.58812372297575,27.01199617021927],[-75.58782272849767,27.012544736518205],[-75.58749660596271,27.01313908917915],[-75.58741125516634,27.01329279725486],[-75.58732286208178,27.013451988534683],[-75.58718118604685,27.013707136767604],[-75.58709733089587,27.013858155069585],[-75.58675869504168,27.01446802059686],[-75.58663280505816,27.014694745484586],[-75.58658661312252,27.014678325743184],[-75.58651901817736,27.014763449020318],[-75.58643556330442,27.01483909205987],[-75.58622852831866,27.01502300275441],[-75.58611073665746,27.015095432789913],[-75.58603129008128,27.015147365116526],[-75.58593378895849,27.01521109683993],[-75.58581861436116,27.015267777916055],[-75.58567013191787,27.01534310943951],[-75.5855248562938,27.015408050835653],[-75.58536392228876,27.015466914529974],[-75.5852437202401,27.01550336051444],[-75.5850878532244,27.015543964707014],[-75.5849495267636,27.01557199405737],[-75.58477874053055,27.015593790757944],[-75.58459209453909,27.01560610747036],[-75.58443997096202,27.015620189283187],[-75.58422521595048,27.01560995920116],[-75.58394823488347,27.015582223450746],[-75.58375474076506,27.015543680576435]]]}},{"type":"Feature","properties":{"Ward_Num":10,"Shape_Leng":25038.1625016,"Shape_Area":15065286.5771},"geometry":{"type":"Polygon","coordinates":[[[-75.58512676499132,26.997781613509183],[-75.58334928130192,26.996539220308705],[-75.58223530351727,26.99661491369733],[-75.58008008679575,26.996761365482122],[-75.57878619087806,26.99684929532469],[-75.57870808395096,26.996854601975],[-75.57865126996626,26.99685846336914],[-75.57677217885532,26.996986170381692],[-75.57512208044446,26.997098321091908],[-75.57375282998144,26.997191388016677],[-75.57350198484076,26.997208438158154],[-75.5718451748068,26.99732105866082],[-75.57020248432845,26.997432727940712],[-75.56972922355443,26.99746489857635],[-75.56940482939775,26.997486952044625],[-75.56885268564375,26.997524488870777],[-75.56854681477519,26.997545283040346],[-75.56686282259845,26.997659774271476],[-75.56610689731383,26.99771116843483],[-75.56608066816497,26.99771295201724],[-75.56606803152697,26.997713811141747],[-75.56585525758857,26.99772827773944],[-75.56577957006002,26.997733424878955],[-75.56578008136863,26.997733991395286],[-75.56562103350534,26.99774483716021],[-75.56543173965706,26.997757745225766],[-75.56541487316454,26.99725284634107],[-75.56526124863937,26.99672771240544],[-75.56509412624483,26.996489935799193],[-75.5649704737257,26.99646853441544],[-75.5649149908731,26.996307345461062],[-75.564794440975,26.996080997735074],[-75.56421694129338,26.99563070895873],[-75.56387959238212,26.995360098230922],[-75.56334393953887,26.995098955169404],[-75.56304033917921,26.994881345474635],[-75.56291020409914,26.994751025322962],[-75.56297756312699,26.99459762036762],[-75.56305246703711,26.994446296508023],[-75.56285817752598,26.994332527278594],[-75.56263706992057,26.994203057355698],[-75.56248659944085,26.994114948516653],[-75.562051211315,26.993893874540415],[-75.56160133980084,26.993688377804787],[-75.56111613450994,26.993510615063766],[-75.56096610512716,26.99346565549049],[-75.56062347454562,26.993362976674426],[-75.56056320500298,26.9933503916052],[-75.56013039046444,26.993260012865562],[-75.5597040529659,26.993191070703322],[-75.55937267649136,26.993153939246866],[-75.55905636614274,26.99313751591939],[-75.55905614844065,26.99316053388711],[-75.55905583527911,26.993193596384387],[-75.55902393604205,26.99319395280676],[-75.55900403336607,26.993217091100373],[-75.55896394473739,26.993242362557886],[-75.55894350245882,26.99324914615922],[-75.55892646261054,26.993254801102392],[-75.55891462037076,26.99325873151583],[-75.55885109967494,26.993264101630444],[-75.55878041205979,26.99326280725873],[-75.55874832885155,26.99325614180516],[-75.55872556580708,26.993251412926547],[-75.55867340635582,26.993236386948034],[-75.55863061455733,26.993216241403893],[-75.55856377285596,26.993182064139003],[-75.55851953894816,26.993145490475875],[-75.55849967942204,26.99312907084885],[-75.55841703544903,26.993024411104287],[-75.55849727171318,26.992942333846827],[-75.55856091984506,26.99290659504606],[-75.55862477410254,26.992874349545673],[-75.55865989202117,26.992863370528564],[-75.55868649922117,26.992855052013294],[-75.5586996468708,26.992852879081134],[-75.55876600125531,26.992841911177276],[-75.5588326924884,26.99284106196326],[-75.55884097146608,26.992842064695246],[-75.55890186874127,26.992849436385697],[-75.55895891997378,26.99286539699586],[-75.55896157772733,26.99286663515842],[-75.55899075483326,26.992880225078455],[-75.55901528990093,26.992902409936516],[-75.55903389865527,26.992922542298952],[-75.55903573780135,26.992926683707434],[-75.559045069062,26.992947700562738],[-75.55906154019257,26.992947576592556],[-75.55907407426078,26.99294748245965],[-75.55907395395292,26.992957628573212],[-75.55907327205378,26.993015254947363],[-75.55960890369195,26.993038330814684],[-75.56016182541681,26.993118974800584],[-75.56072509524583,26.99323805074409],[-75.5613331728375,26.993432842873297],[-75.5622013921205,26.993800118554667],[-75.5631354083364,26.99432545475842],[-75.56330815519274,26.99424049653822],[-75.5634261372637,26.99416659563625],[-75.56363726513902,26.99411555340383],[-75.56388862330128,26.994226432294866],[-75.56404683573972,26.99431445225046],[-75.56440578199798,26.994433847704673],[-75.56454387892204,26.99444090701169],[-75.56472935907067,26.994473011502073],[-75.56522883205402,26.994640310681177],[-75.56547613843719,26.99468311636803],[-75.56594186173723,26.994797413979214],[-75.56614178526239,26.994815175763744],[-75.56645415163577,26.994783640810773],[-75.56662293584482,26.994742838795954],[-75.566570383817,26.994562604706175],[-75.56694363702779,26.994408250111086],[-75.56708781453025,26.994630455717672],[-75.56732478434613,26.994543666911607],[-75.5674197548156,26.994440133319436],[-75.56747753132024,26.994382760703594],[-75.5675344975761,26.994311774199463],[-75.57025230464603,26.9929395600365],[-75.57024270055553,26.993108648866652],[-75.57033603224477,26.993058705715523],[-75.57052283089307,26.992858378565654],[-75.57085769262464,26.99249251936385],[-75.57102467828842,26.992393554345387],[-75.57128990852276,26.992236362238536],[-75.57192441308334,26.991909107783467],[-75.57259263291638,26.99157000370695],[-75.572877944477,26.99135157920776],[-75.5731620419521,26.991112730784558],[-75.57323300405253,26.991010496430782],[-75.5733311259267,26.990869130908145],[-75.57403913651041,26.990620292425536],[-75.57465926543934,26.990437090816233],[-75.57488625775605,26.990395536757134],[-75.57523870089403,26.990411741402763],[-75.57532343257307,26.99041563724791],[-75.5757371180198,26.990426617657082],[-75.57609299274668,26.99043011744988],[-75.57654620380032,26.990499589385752],[-75.57660245393512,26.99050821185204],[-75.57678975429826,26.990570957929933],[-75.5770288887057,26.990733635412827],[-75.57741553665066,26.990868793273922],[-75.57794372204998,26.991068879834373],[-75.578594110232,26.991201694394388],[-75.57906499660177,26.991209949634683],[-75.57964266274942,26.991213109821615],[-75.58017756963494,26.99120465817661],[-75.58095529778986,26.99109928612679],[-75.58133361620945,26.99103003676948],[-75.58215843152068,26.990751748114135],[-75.58282463783803,26.99037862165222],[-75.58334927780653,26.9898757082019],[-75.58371318414507,26.989374912668428],[-75.58421051954905,26.988412469286907],[-75.58421476416147,26.988399529597665],[-75.58442577317659,26.99100662932616],[-75.58442573535686,26.99100694392345],[-75.58442667904384,26.991018601454385],[-75.58442674232994,26.991018598737465],[-75.58445175576183,26.9913276286109],[-75.58447282828187,26.991587977835028],[-75.58447498726514,26.99161465494699],[-75.5844802597396,26.99167979566397],[-75.58448081495503,26.99168665376949],[-75.5844905383006,26.991806775251888],[-75.58453783040947,26.992391059921093],[-75.58517605068171,26.992346727728304],[-75.58541740380802,26.992329965671715],[-75.58580869587438,26.99259412204921],[-75.58582613560417,26.992605895637237],[-75.58649382044297,26.993056643402877],[-75.587553987544,26.993772360893296],[-75.58758712413761,26.993801321446746],[-75.5881748372982,26.99431499542704],[-75.5878241569535,26.994713823970855],[-75.58741560762124,26.99517846195369],[-75.58713814020474,26.99549402615372],[-75.58686016201898,26.99581017306115],[-75.58659155957821,26.99611565834812],[-75.58630925628101,26.99643672583155],[-75.58603437034773,26.996749361223795],[-75.58575839217461,26.99706323900454],[-75.58545576244778,26.997407429210067],[-75.58512676499132,26.997781613509183]]]}},{"type":"Feature","properties":{"Ward_Num":14,"Shape_Leng":28410.6851542,"Shape_Area":31507978.8175},"geometry":{"type":"Polygon","coordinates":[[[-75.62550487390838,26.998063463764783],[-75.62543482543363,26.99787631606006],[-75.6252483501375,26.997694550519682],[-75.62499074462747,26.997443451924063],[-75.62489120545655,26.99739282298513],[-75.6245975177348,26.99725624372134],[-75.62424921863241,26.997094095426103],[-75.62394103026944,26.996943636229812],[-75.62367559390748,26.99682222600425],[-75.62360763007543,26.996788550301464],[-75.62355416533099,26.996768754638065],[-75.62346734830061,26.99672917632778],[-75.62325595240806,26.996650847305173],[-75.62306833970688,26.996593726811756],[-75.62245226105014,26.996365647562897],[-75.62196356396444,26.99615579028467],[-75.62146369438132,26.995961035089366],[-75.62140770722877,26.99593941722984],[-75.62101505294467,26.99577549838498],[-75.62089847121221,26.995726701207104],[-75.62061082297693,26.995606303194688],[-75.62041708486407,26.995526554157678],[-75.61995937757702,26.995338145533367],[-75.61980700118755,26.995264778638884],[-75.6196072917634,26.995180067372697],[-75.61954311029722,26.995138417345363],[-75.61947760407968,26.995095908419756],[-75.61941703131451,26.99506479514849],[-75.6193639635412,26.995024582832976],[-75.61932697529684,26.995005532544667],[-75.61926901196699,26.994975678804135],[-75.61922670948005,26.994953891331892],[-75.61926265993009,26.99490915429715],[-75.61936305928994,26.994784213836617],[-75.6194680311263,26.994653585872474],[-75.61950079044183,26.994617213730223],[-75.61951577233646,26.99460057922493],[-75.61970382502948,26.99439178481685],[-75.62061539716666,26.993379680490097],[-75.6210158774662,26.99293503782831],[-75.62118521717825,26.99274702528799],[-75.62119412709936,26.992737132717316],[-75.6212026355825,26.992727685918926],[-75.62130246503303,26.992616850531643],[-75.62163094041108,26.992252155459735],[-75.62185738649346,26.991997791062825],[-75.62186204867848,26.99199255427122],[-75.6221045859143,26.991720115772896],[-75.62238755316493,26.991402262481227],[-75.6226197456692,26.991076207965982],[-75.62276826496466,26.99086765238416],[-75.6227860932741,26.99084261772033],[-75.62279774236693,26.99082626020414],[-75.62300080659276,26.99054111116675],[-75.6233078174296,26.990032775296513],[-75.62343639023874,26.989819890006828],[-75.62391623239402,26.988925531957157],[-75.62401687851313,26.988695611867076],[-75.62439132360912,26.98784020043527],[-75.62467252087528,26.986980961465797],[-75.62503396984789,26.985680376327878],[-75.62514030178453,26.985680131588026],[-75.62523437596988,26.985679914699322],[-75.62556008580333,26.9856780123155],[-75.6258569715905,26.985678453423816],[-75.62613695298471,26.985678727200927],[-75.62624204729852,26.98568732441138],[-75.62646662362678,26.98569859746081],[-75.62653011016526,26.9857017832066],[-75.62707436938553,26.985681711868907],[-75.6270977289868,26.985680743071864],[-75.62739136583737,26.98566857057115],[-75.62739323691748,26.985630487493918],[-75.62743164061888,26.984848659857885],[-75.62842962401453,26.984561628797895],[-75.62889477456828,26.98442784129511],[-75.62908420992093,26.9843733561698],[-75.62982644181145,26.984159881082025],[-75.62995529675521,26.984179686118324],[-75.63025593414373,26.984225890972183],[-75.63027023052403,26.984142759950085],[-75.63027866900114,26.984093686091498],[-75.6302881088242,26.983954344331163],[-75.63027186748977,26.98373463552188],[-75.63027288427092,26.983602493472088],[-75.63038668271972,26.983554342438055],[-75.63049801253344,26.98346454465827],[-75.63056671010982,26.983388430458763],[-75.6305973604103,26.983321896567823],[-75.63058685148876,26.983117456022597],[-75.6305504333487,26.982842374896208],[-75.63043066916669,26.982301243993966],[-75.63036508862389,26.98192535535006],[-75.6303649472113,26.981924544970234],[-75.63036243576416,26.98191015335792],[-75.6309023951678,26.981817446289465],[-75.63125807635477,26.98175965793992],[-75.6312931178004,26.98175396528435],[-75.63148567475749,26.981722679919873],[-75.63171293473077,26.981674960548677],[-75.6325041091275,26.981558650043397],[-75.6326169951597,26.981549395168113],[-75.632708832567,26.981532546681272],[-75.63298865755986,26.98148120923011],[-75.6336200004501,26.981233612463097],[-75.63377603184247,26.981178598343647],[-75.63402383287259,26.981109754952193],[-75.63404016653091,26.981105217822545],[-75.63415989668273,26.981071954037297],[-75.63421532045032,26.98104861665706],[-75.6344216403313,26.98096174246302],[-75.63445895006144,26.980946032940217],[-75.63471537472951,26.98086099139119],[-75.6351401364798,26.980760354855114],[-75.63552064030954,26.980670201632616],[-75.63586204493505,26.98058014696293],[-75.63603813421055,26.98053777773386],[-75.6364375881768,26.980449819953876],[-75.6367528061892,26.98036586802764],[-75.63728273604791,26.980239654243753],[-75.63749956831035,26.980192433962284],[-75.63776266700287,26.980135419381327],[-75.63777328740488,26.98013311895649],[-75.63777519213268,26.980132705654007],[-75.63812863256824,26.980055679268723],[-75.63830585499956,26.980012240698624],[-75.63832529341896,26.980007475976475],[-75.63850923268275,26.979961821554905],[-75.63864635703379,26.979927133615096],[-75.63881780626043,26.979901497744535],[-75.63895802577973,26.979878318358793],[-75.63899704985047,26.979873739909873],[-75.6392224783987,26.97984728892251],[-75.63933441099508,26.97984685160021],[-75.63942275288869,26.979846507013676],[-75.639811236306,26.979857138650946],[-75.63981800736786,26.979857323931157],[-75.63986353056572,26.979858570436882],[-75.6398829404939,26.979859707587163],[-75.64016546207613,26.97987626475882],[-75.6404352480637,26.9799081146896],[-75.64098943363379,26.98000122997389],[-75.64154791659516,26.98009899732229],[-75.64189288474103,26.98015058380091],[-75.64185846950767,26.980506731498867],[-75.64184467555035,26.980735635259826],[-75.64187791226426,26.980948286348273],[-75.64190418260424,26.98108154258562],[-75.6419276688638,26.98118719855746],[-75.64196393331967,26.981350335159114],[-75.64196991836818,26.981377257621013],[-75.64197058823942,26.981380270746676],[-75.6419766910217,26.981407726606182],[-75.64190885238374,26.981400267439067],[-75.64179059325721,26.98138726485086],[-75.64132248949359,26.981476195381244],[-75.64131751644952,26.981477140101347],[-75.6412225736162,26.981525239599634],[-75.6412197292334,26.981534361789276],[-75.64104825902503,26.982084140705712],[-75.63983813601016,26.982442178154802],[-75.63967500095464,26.982494309407976],[-75.63965810333721,26.982519582457],[-75.63947664467717,26.982790987495925],[-75.6393942266862,26.98362434730093],[-75.63938971321103,26.9836453284784],[-75.63934983019513,26.98363933568574],[-75.63934309330475,26.983641226909445],[-75.63933631125263,26.983642321052784],[-75.63933344396973,26.983644312291027],[-75.6393296291706,26.983645277323937],[-75.63932710392162,26.983648051850317],[-75.63932422217049,26.9836497762039],[-75.6393169423212,26.983658086033586],[-75.63930968746456,26.98366692892918],[-75.6393033810486,26.983676797115734],[-75.63929735805702,26.98368638545606],[-75.63928775753939,26.983706788056438],[-75.63927819730996,26.983727987949575],[-75.63927061569123,26.983747237896072],[-75.63926802493182,26.983754276264477],[-75.63926657396173,26.98376046949134],[-75.63926304839451,26.983766752111574],[-75.63925946709233,26.983771970597356],[-75.63925589724222,26.983777454350506],[-75.63925142323029,26.983782711678618],[-75.6392466225776,26.983787451687643],[-75.63924121458903,26.983791950607902],[-75.6392355125997,26.983796462320033],[-75.63922802713867,26.983801051631513],[-75.63921960950654,26.983804879833347],[-75.63921119104191,26.98380871069336],[-75.63920158679328,26.983812592272102],[-75.63919020106657,26.983816552236238],[-75.63917996078229,26.983819663315455],[-75.6391676439516,26.983822863869428],[-75.63915111356991,26.983825182066397],[-75.6391339451124,26.983826728103065],[-75.63912148222755,26.983827270355132],[-75.6391146588905,26.983827567233423],[-75.63910872339522,26.98382782548198],[-75.63909932866216,26.98383009984351],[-75.63909002127872,26.9838339676204],[-75.63908130680979,26.98383781047358],[-75.63907293154637,26.983842438487365],[-75.63906536062115,26.983845433413666],[-75.63905872464308,26.983849186706657],[-75.63905242777611,26.983853723416292],[-75.63904578984969,26.983857476793222],[-75.63903919416059,26.983862027377583],[-75.63903844837799,26.983864722727848],[-75.63903770273716,26.98386742069461],[-75.63903666207504,26.983870130623103],[-75.63903317876903,26.98387721131772],[-75.6390297385319,26.98388508656145],[-75.63902625517727,26.98389216638406],[-75.63902192529085,26.983900082957735],[-75.6390191444127,26.98390366851991],[-75.63901650187445,26.98390584579918],[-75.63901572940134,26.98390648262635],[-75.63901289079739,26.983909003265843],[-75.63900917789091,26.98391183033293],[-75.63900546396336,26.98391465657004],[-75.639001749941,26.983917481062758],[-75.63899134332084,26.983922996496215],[-75.63897427577373,26.983926404593188],[-75.638973609823,26.98393602736177],[-75.63900277671084,26.983952876781185],[-75.63901175727877,26.98395941519823],[-75.63901268930691,26.983960173693333],[-75.63901273349171,26.98396097081685],[-75.63901368086567,26.983961994410116],[-75.63901372417148,26.98396279332029],[-75.63901495608887,26.983963539642012],[-75.63901505586288,26.983965398284404],[-75.63901514247455,26.983966996104876],[-75.6390160322178,26.98396695651954],[-75.63901607542908,26.98396775368542],[-75.63901524322206,26.983968854704905],[-75.63901528648063,26.983969652742967],[-75.63901532969192,26.98397044990885],[-75.63901414103292,26.98397050162515],[-75.63901418433873,26.98397130053536],[-75.63901422755,26.983972097701226],[-75.63901263630146,26.98397563150564],[-75.63900525520695,26.983998600437868],[-75.63899959916934,26.984020432128574],[-75.63899524871186,26.984049931713475],[-75.6389929901495,26.984079606927857],[-75.63899358826463,26.984123548561048],[-75.63899775987686,26.984167599618843],[-75.63900372184317,26.984206245229295],[-75.63901265109276,26.98424476174534],[-75.63902308703531,26.98427814829481],[-75.63903648836707,26.984311406703583],[-75.63905167801785,26.984339257996425],[-75.63915014505476,26.98441091477247],[-75.63915480647701,26.984409113862032],[-75.63916623652776,26.98440595188951],[-75.639168270755,26.984405063459523],[-75.63917000810652,26.9844041888207],[-75.6391720855941,26.9844040984301],[-75.63917469730008,26.984402918233634],[-75.63917677279339,26.984402827055437],[-75.63917855535227,26.98440275037117],[-75.63918152064103,26.984402620478157],[-75.63918359914939,26.984402530917134],[-75.6391854364212,26.98440351754008],[-75.6391875139088,26.98440342714911],[-75.63918933768667,26.984404146844387],[-75.63919234818319,26.98440481490575],[-75.63919417200844,26.984405535473112],[-75.639196307177,26.984406509134484],[-75.63919812998155,26.984407228871948],[-75.63920128560697,26.98441055614984],[-75.6392044844462,26.9844146805949],[-75.63920768031791,26.98441880429483],[-75.63921059758125,26.98442320675755],[-75.63921576240895,26.98443071024142],[-75.63921699136802,26.98443145581687],[-75.63918296338746,26.98455198486169],[-75.63913319651931,26.98472826750496],[-75.63893503264464,26.985430182711475],[-75.63892161430539,26.985435030141648],[-75.63890096593875,26.985443655840818],[-75.63885900729338,26.985454276975695],[-75.63882852085928,26.985462528999214],[-75.63880189368808,26.985470616611643],[-75.63878877031344,26.985475451190645],[-75.6387752655377,26.98547870425924],[-75.63872138944872,26.985483445275268],[-75.63868316978751,26.985486174558677],[-75.63864340489228,26.985487904483335],[-75.63860309426337,26.98549045805741],[-75.63856163616192,26.985493859708985],[-75.6385196025615,26.985497553893833],[-75.63850031493759,26.985498392947836],[-75.63848191809545,26.98549919324721],[-75.63846360474513,26.985501588012347],[-75.63846182517504,26.985501666300937],[-75.63845975053006,26.98550175567721],[-75.63845713576033,26.9855029342421],[-75.6384551024218,26.98550382174633],[-75.63845340741173,26.985505496206084],[-75.6384513894172,26.985506648810194],[-75.6384496932916,26.98550832069571],[-75.63844860845381,26.985510234379355],[-75.6384469584549,26.985512703309013],[-75.6384449818611,26.985514655785373],[-75.63844427841585,26.985518150979342],[-75.63844347501936,26.985519784029748],[-75.63844272934138,26.98552248201019],[-75.63844172892121,26.98552598924888],[-75.63844092552458,26.985527622299326],[-75.6384411118881,26.985531078785456],[-75.63844040941609,26.98553457393726],[-75.63844059767938,26.985538029466607],[-75.6384407839011,26.985541483336352],[-75.63844097123818,26.98554493978031],[-75.63844026973956,26.985548434889967],[-75.63843833537724,26.985551184580174],[-75.63843674212211,26.98555471848256],[-75.63843480868576,26.98555746725823],[-75.63843203049852,26.985561050084073],[-75.63843039208973,26.985563786899853],[-75.63842755646732,26.9855663100285],[-75.63841395129056,26.985584221342606],[-75.63840967882115,26.985593200257206],[-75.63840891877082,26.98559563309586],[-75.63840698713771,26.985598379170195],[-75.63840619537848,26.985600280978947],[-75.63840450212317,26.985601951865117],[-75.63839875674358,26.98560566638912],[-75.63839211765932,26.985609419789828],[-75.6383856909908,26.985611564973556],[-75.63837899423496,26.985614254315117],[-75.63836672126044,26.985618251918265],[-75.63836292072084,26.985619482062635],[-75.63835910581085,26.985620447064477],[-75.63835524769543,26.985620614894586],[-75.63834865278655,26.985625165421695],[-75.63834324558859,26.985629664282527],[-75.63833749923043,26.985633378845648],[-75.63833651896627,26.985634125246886],[-75.63833378621517,26.985636205906424],[-75.63833011538392,26.98563982930884],[-75.63832640144183,26.985642657283908],[-75.63832273046806,26.98564627806966],[-75.63831999561916,26.985650660681767],[-75.63831920478353,26.985652561575677],[-75.63831929119347,26.985654155919104],[-75.6383194342995,26.98565681436339],[-75.6383186308989,26.98565844741366],[-75.63831881925155,26.98566190468936],[-75.63831976673185,26.98566293004103],[-75.63831867872102,26.985675768308017],[-75.63831443325543,26.985723650402182],[-75.63831198452061,26.9857333481613],[-75.63830867388215,26.985743617571522],[-75.63830533454983,26.985753357569102],[-75.63830195279625,26.985762296863825],[-75.63828516199483,26.985787275938456],[-75.63824006528941,26.985849725130564],[-75.63819667490888,26.985921693085437],[-75.63818626763128,26.985943731556674],[-75.63818288488184,26.98595267089651],[-75.63818038054393,26.985961307133312],[-75.6381798663086,26.98596825782529],[-75.6381793482263,26.985975209559115],[-75.63817976594085,26.985982917016727],[-75.63817877092124,26.98600294534522],[-75.63817726562345,26.986024595724665],[-75.63817334548425,26.986045550347047],[-75.63817023748294,26.986059541317953],[-75.63816530576692,26.986072814314163],[-75.63816035958499,26.98608582042356],[-75.63815423903111,26.986099142510128],[-75.6381498234959,26.986105464726982],[-75.63814426427581,26.98611263312173],[-75.63813894353254,26.986118728070945],[-75.63813333818649,26.986125099419162],[-75.63812803283191,26.986131460340886],[-75.63812232958144,26.986135971199836],[-75.63811569043756,26.986139724589414],[-75.63811028411573,26.986144222532033],[-75.638103601673,26.986147177003144],[-75.63809696540058,26.98615092939236],[-75.63806944809556,26.986159055527693],[-75.63804010308132,26.986166462102236],[-75.63802880622153,26.98617201531361],[-75.63801747765383,26.98617703749243],[-75.63798598302319,26.986221576357735],[-75.63795459102774,26.98626797375474],[-75.63795312836056,26.986273900010943],[-75.63795252380531,26.986279256532185],[-75.63795020753183,26.98629134569897],[-75.6379461656282,26.986304580865074],[-75.63794182465635,26.986317825542972],[-75.63793594535326,26.986330072310935],[-75.63792978153938,26.986342597222333],[-75.63792624424755,26.986348613717148],[-75.63792178445703,26.98635413792592],[-75.63791741106823,26.98636125648292],[-75.6379153758008,26.986362144935654],[-75.63791250916334,26.98636413262226],[-75.63791077286824,26.98636500981938],[-75.63790869435229,26.986365100225566],[-75.63790695791533,26.986365974806045],[-75.63790492552103,26.986366862259324],[-75.63790409035124,26.98636796340697],[-75.6379023107604,26.98636804168533],[-75.63790027831872,26.986368928266337],[-75.63789863987353,26.98637166508204],[-75.63789669388092,26.98637414688365],[-75.63789509863646,26.98637768087359],[-75.63789316812772,26.986380430392696],[-75.63785010124907,26.98644199305568],[-75.63783350130937,26.98647042753699],[-75.63781952469827,26.986497948864155],[-75.63780656949272,26.986527823802003],[-75.6378008676365,26.9865488559414],[-75.6377963103038,26.986569039248067],[-75.63779409198652,26.986582990662452],[-75.6377918747838,26.986596944651765],[-75.6377929409356,26.986616618478656],[-75.63779486900489,26.986635720658875],[-75.63779918759528,26.986660579762958],[-75.63780444412649,26.986686198002964],[-75.63781150352753,26.986706675113357],[-75.63781596678706,26.986717672993116],[-75.63781925571377,26.986728987718827],[-75.6378220248033,26.986741658269533],[-75.63782366368608,26.986755441927546],[-75.63782530271124,26.98676922820285],[-75.63782488828143,26.98677803932547],[-75.63782441720876,26.986785787214508],[-75.63777843258873,26.98688131777503],[-75.63777484826038,26.98688653901527],[-75.63775413530719,26.986915951475122],[-75.63774405844421,26.986927579147455],[-75.63773310338918,26.98693951428065],[-75.63772233300166,26.98694931085898],[-75.63770924461893,26.9869602713289],[-75.63770266392422,26.98696508698024],[-75.63769518093409,26.986969675231695],[-75.63768769604329,26.98697426443944],[-75.63768016697892,26.986978056512754],[-75.63767174808753,26.986981887286536],[-75.63764993568032,26.98698550152373],[-75.63756906756441,26.98699168333353],[-75.6375389123879,26.986989530216647],[-75.63753198498446,26.98698796587112],[-75.637524226388,26.986987504247246],[-75.63751646969148,26.986987041665923],[-75.63750993910519,26.98698732568844],[-75.6375031586769,26.986988419631494],[-75.63749637537505,26.986989514573267],[-75.63749078073266,26.98699055694452],[-75.63748409921281,26.986993512212244],[-75.63748117701756,26.986994439230234],[-75.63747860547315,26.986996416696293],[-75.63747578510721,26.986999204913143],[-75.63747294633754,26.987001725538693],[-75.63746838562044,26.98700538849963],[-75.63746259285706,26.98700830336483],[-75.63745337163338,26.98701376974616],[-75.63744293462979,26.987018752218145],[-75.6374336258951,26.98702262167041],[-75.63742302852357,26.987024680662774],[-75.63739343521813,26.9870328969006],[-75.63737176376999,26.98703916700362],[-75.63736498046175,26.987040261936286],[-75.63735731029408,26.98704139631175],[-75.63734973786926,26.98704438856674],[-75.63734220975483,26.987048180572057],[-75.63733472386151,26.987052769795906],[-75.63732724181429,26.98705735797772],[-75.63732070345074,26.987062973440246],[-75.6373144494583,26.987068308143776],[-75.63730884494744,26.98707467942595],[-75.63730230945444,26.987080293888425],[-75.63729876813758,26.9870863096753],[-75.63729435145375,26.98709263104826],[-75.63729175757274,26.987099671330878],[-75.63728031687837,26.987119088300986],[-75.63725732220179,26.987155795769944],[-75.63725359354329,26.987158354215584],[-75.63724983721917,26.987160384074652],[-75.63724610860744,26.98716294339221],[-75.63724235325648,26.98716497320866],[-75.6372376925946,26.98716677400352],[-75.6372339352961,26.987168803904343],[-75.63722503408825,26.987169191000618],[-75.63721657195863,26.98717222456],[-75.6372080099051,26.98717339596119],[-75.63719940363627,26.987173769354555],[-75.63719050145413,26.987174156489953],[-75.6371740357704,26.987172207858144],[-75.6371585204916,26.987171284466086],[-75.63712732744455,26.987166510790455],[-75.63710314532457,26.987164896836635],[-75.63710136571436,26.987164975100264],[-75.6370993487237,26.987166129385578],[-75.63709756517198,26.987166206946316],[-75.6370964235493,26.987167055647244],[-75.63709468708483,26.98716793021578],[-75.63709294769964,26.98716880491133],[-75.63709091527453,26.987169692350143],[-75.63709008314667,26.987170795983815],[-75.63708800460782,26.987170886372393],[-75.63708724435794,26.987173316599645],[-75.63708645542297,26.987175217410556],[-75.63708565198003,26.987176850460607],[-75.63708456416371,26.987178764268855],[-75.6370837607207,26.987180397318905],[-75.63708297271185,26.98718229721532],[-75.637083059145,26.987183892442047],[-75.63708226904723,26.9871857898066],[-75.63708231238193,26.98718658960042],[-75.63708135511772,26.987190894898216],[-75.6370814980891,26.987193551616738],[-75.63708168536874,26.987197008086827],[-75.63708306135891,26.987200412864123],[-75.63708324859138,26.987203868462082],[-75.6370842825074,26.9872064890594],[-75.63708531628171,26.9872091070402],[-75.63708639339087,26.987212524814886],[-75.63708860165168,26.987214828575006],[-75.63709056859042,26.987218207654106],[-75.63709368090532,26.987220735246307],[-75.6370959427844,26.987224100625223],[-75.63709782723167,26.98722588518014],[-75.63709973646999,26.987228199320917],[-75.63710191298402,26.987229971174813],[-75.63710383950945,26.987232550332873],[-75.63710525480025,26.98723675245709],[-75.63710637505663,26.987240966537215],[-75.63710749633394,26.987245181447232],[-75.63710768361489,26.987248637917997],[-75.63710791408909,26.987252891566293],[-75.63710815805054,26.98725741214575],[-75.63710665205829,26.987262540363304],[-75.63710569771517,26.987266845535657],[-75.63710326917142,26.9872714805854],[-75.63710142495071,26.987275823581392],[-75.63709898301373,26.987280193444438],[-75.63709624803614,26.987284576050804],[-75.6370925771143,26.98728820030224],[-75.63707671174431,26.987319268346106],[-75.63705784581221,26.98736085810048],[-75.63703866953206,26.98740219558384],[-75.63702488952752,26.98742784269957],[-75.63701938873214,26.9874360750923],[-75.63701416860492,26.98744403038479],[-75.63700958354511,26.987452756243098],[-75.63700747587946,26.98746324174967],[-75.63700506918899,26.987473737637213],[-75.63700350923264,26.987483399396332],[-75.63700318108877,26.98749380489783],[-75.63700280984705,26.987503414965797],[-75.63701115459277,26.987553146998156],[-75.63701570836518,26.987582260546187],[-75.63701859256392,26.987597057555792],[-75.63702027562799,26.987611641028934],[-75.63702026346229,26.987627896335198],[-75.63701814489187,26.98764370995341],[-75.63701601283358,26.987659256641088],[-75.63701300442668,26.987675108956218],[-75.6370003368287,26.98771030165343],[-75.63698499776525,26.987745610522957],[-75.63694393304255,26.987827601838777],[-75.63689705658331,26.987906649648536],[-75.63687391457857,26.987940699713683],[-75.63685165080497,26.987974443195682],[-75.63683493859396,26.988006348032595],[-75.63681902963773,26.988036616328376],[-75.63681130196679,26.988053208031392],[-75.63680571036475,26.98807077080565],[-75.63680599847503,26.98807608853901],[-75.63680627309904,26.98808113934049],[-75.63680745095452,26.988086416636573],[-75.63680908982488,26.98810020300471],[-75.63680828852084,26.988118356542916],[-75.63680723048294,26.98812080234812],[-75.63680652693886,26.988124297567378],[-75.63680667184954,26.98812695421182],[-75.63680685907178,26.988130409823516],[-75.6368069599601,26.988132271946426],[-75.63680719042023,26.98813652561084],[-75.63680822322408,26.988139143646947],[-75.63680954166303,26.988141486115435],[-75.63681146639617,26.988144067990312],[-75.63681383001045,26.988149292852825],[-75.63681579895551,26.988152672738124],[-75.63681866682454,26.988167204727667],[-75.6368203055569,26.988180988483577],[-75.63682176008196,26.988191318245065],[-75.63682232175127,26.98820168508289],[-75.63682381654712,26.988212812152963],[-75.63682641067308,26.98822229155475],[-75.63682869734298,26.9882315176817],[-75.63683014894943,26.98824184757222],[-75.63683189656832,26.988252165465735],[-75.63683664682218,26.98826847949659],[-75.63684134049504,26.988283731159452],[-75.63684867472864,26.988298332090405],[-75.63685428060583,26.988308482215043],[-75.63686541860497,26.988321855537915],[-75.63687280305562,26.98833192570075],[-75.63688102364064,26.988340893801322],[-75.63689160711627,26.988355091169783],[-75.63691577063668,26.98839480907946],[-75.63692869837165,26.988419294905885],[-75.63694162416779,26.9884437808176],[-75.63694822367741,26.98845575337436],[-75.63695446650824,26.988466672240044],[-75.63695790740526,26.988475317516365],[-75.6369613789349,26.988484492127466],[-75.63696687601082,26.988498108995397],[-75.63697110883024,26.98850485419722],[-75.63697330622024,26.98851248609507],[-75.63697581691048,26.988520371013994],[-75.63697712445673,26.98852804160703],[-75.63697999519674,26.98854257174274],[-75.63698322554592,26.9885528242968],[-75.6369855777865,26.98855778476316],[-75.63698764657484,26.98856302507452],[-75.63699325137453,26.988573172627728],[-75.63700358305638,26.98858817913472],[-75.63701507367419,26.988602601955513],[-75.63703753798052,26.98862747215066],[-75.6370457154233,26.98863564306585],[-75.63705301660362,26.988644121353094],[-75.63705911537612,26.98865238091164],[-75.6370633049714,26.988658328059316],[-75.63706340586668,26.98866019018603],[-75.63706349225382,26.98866178455022],[-75.6370635931491,26.988663646676947],[-75.63706367953625,26.988665241041186],[-75.63706391001227,26.988669494714294],[-75.63706523991384,26.98867210245726],[-75.63706631690093,26.988675517636157],[-75.63706739398265,26.988678934559445],[-75.63707065058718,26.988684124093144],[-75.63707679265308,26.988693182578455],[-75.6370789134535,26.988693889414126],[-75.63708079404233,26.98869567414951],[-75.63708212672387,26.98869827914893],[-75.63708310309985,26.988699837434165],[-75.63708409370052,26.988701658248758],[-75.63708511327039,26.988704013716223],[-75.63708521402448,26.98870587322664],[-75.63708530041214,26.98870746759113],[-75.63708544445457,26.988710126028245],[-75.63708554535044,26.988711988155305],[-75.63708478508515,26.98871441839794],[-75.63708492917483,26.98871707770728],[-75.63708503007071,26.988718939834424],[-75.63708604949908,26.98872129268546],[-75.63708733620848,26.988723103246393],[-75.6370874801565,26.988725759939264],[-75.63708945000755,26.98872913804017],[-75.63709165524979,26.988731439324976],[-75.63709588711957,26.988738184570042],[-75.63710204370105,26.98874751081831],[-75.63710739770394,26.988758468340674],[-75.63710847386237,26.988761886179173],[-75.63710989302876,26.98876608728818],[-75.63711418343637,26.988773894819527],[-75.63711850169895,26.98878223442975],[-75.63712277477377,26.988789776070032],[-75.63712884789473,26.988797507826483],[-75.63713397049833,26.988804212588725],[-75.63713933141413,26.988809840407313],[-75.63714529979386,26.98881571107709],[-75.63714953362023,26.988822456237425],[-75.63715376545288,26.988829200610255],[-75.63715710539647,26.988835982019946],[-75.63716218485771,26.988841890471214],[-75.63717552828416,26.988857565943647],[-75.63718879867208,26.988871911365937],[-75.63719303134276,26.988878653079507],[-75.63719726322967,26.98888539832414],[-75.63720149312289,26.98889214278128],[-75.63720562513305,26.98889702672744],[-75.63721193653424,26.988903680665622],[-75.63722006985631,26.988911054434578],[-75.63722317932371,26.98891358216713],[-75.6375290030094,26.98938597478632],[-75.63754130612924,26.989404978296022],[-75.63741899172246,26.990311706313445],[-75.6374167408089,26.990328391379645],[-75.63740368619449,26.990395887454763],[-75.63737972581751,26.990519768000173],[-75.63730058404543,26.990928951427087],[-75.6372482829492,26.991199356127787],[-75.63722964639426,26.991228680387295],[-75.63721370053169,26.991252820456346],[-75.63718116936575,26.991294739343196],[-75.63715283907798,26.99132634992366],[-75.63712484988648,26.991358744735354],[-75.63708870506926,26.991405350262486],[-75.63706158340243,26.991442770153036],[-75.63704925202597,26.99146222439301],[-75.63703531746148,26.991490544232295],[-75.6370240364513,26.991512885925758],[-75.63701724252125,26.991530236335613],[-75.63701122222973,26.991545420795124],[-75.63700608821019,26.991554970604543],[-75.63699192503194,26.991579035767295],[-75.63696137501842,26.991624598926457],[-75.63693013318458,26.991668327376686],[-75.63692273320154,26.99167451103919],[-75.63691995194196,26.991678096654468],[-75.63691624135959,26.99168092098644],[-75.63691072203274,26.99168888940888],[-75.63691234308106,26.99169681574354],[-75.63691365053353,26.991704483820797],[-75.63691472769837,26.99170790166048],[-75.63691576166954,26.99171052230806],[-75.6369171347655,26.991713926405613],[-75.63691900291118,26.99171544418796],[-75.6369212226954,26.99171801239858],[-75.63692219901216,26.99171956896032],[-75.63692412573926,26.991722149913986],[-75.63692630223545,26.991723919187944],[-75.63692935730984,26.991725387107362],[-75.63693123778077,26.99172716837911],[-75.63693344616736,26.991729472185497],[-75.63693617342102,26.991730419314464],[-75.63693918413922,26.991731086594953],[-75.63694105043304,26.991732606206067],[-75.63694407751234,26.9917335394232],[-75.63694708827798,26.991734207575632],[-75.63695098989932,26.991734836990595],[-75.63695399876508,26.99173550609971],[-75.63695785719233,26.991735338322194],[-75.63696062963523,26.9917370834302],[-75.63696442860173,26.991735854267795],[-75.63696739612604,26.991735724355188],[-75.63698354679724,26.991731823161228],[-75.63680112182102,26.992109089781327],[-75.63679933912724,26.992109167295744],[-75.63679538076107,26.992107472871446],[-75.63679054506929,26.992106084991605],[-75.63678575451749,26.99210549422034],[-75.63678065250465,26.992104648594484],[-75.63677586097938,26.992104057865063],[-75.63677200350676,26.99210422559313],[-75.63676814506047,26.992104393363395],[-75.63676428958225,26.992104561878698],[-75.63676043113593,26.99210472964863],[-75.63675661583466,26.992105693739717],[-75.63675370497471,26.992106887775932],[-75.63674904404712,26.99210868945557],[-75.63674522874551,26.992109653546247],[-75.63674058130434,26.99211172216195],[-75.63673686679984,26.992114546661284],[-75.63673309487888,26.992116311433843],[-75.63672942760213,26.992119935573793],[-75.6367256689312,26.99212196292152],[-75.63672194117518,26.992124524844947],[-75.6367199632036,26.992126473892036],[-75.63671752401065,26.99213084370522],[-75.63671558941971,26.992133593434673],[-75.63671399687398,26.992137126489162],[-75.63671210644823,26.992140673369953],[-75.63671041310543,26.992142346015225],[-75.63670976703021,26.992146902762634],[-75.63670876843827,26.992150410865978],[-75.6367081070708,26.9921547033783],[-75.63670825115386,26.992157362725752],[-75.6367074908423,26.992159792999736],[-75.63670848059974,26.99216161563083],[-75.63670856795709,26.99216320997595],[-75.63670866787467,26.992165072172103],[-75.63670970462407,26.99216769008324],[-75.6367110211823,26.99217003267645],[-75.63671205403732,26.992172650756935],[-75.63671393465596,26.992174434652856],[-75.63671620065398,26.99217780168422],[-75.63671811097807,26.99218011583735],[-75.6367202895243,26.9921818867791],[-75.63672215573027,26.99218340465291],[-75.63672314646202,26.99218522724169],[-75.63672531152177,26.992186731246843],[-75.63672630230089,26.99218855470782],[-75.6367295435506,26.992193476603838],[-75.63673174204341,26.992201109452648],[-75.63673336192142,26.992209032360524],[-75.63673467048004,26.992216703030643],[-75.63673508725114,26.992224413350957],[-75.63673550485416,26.992232121012545],[-75.63673504966957,26.992236184248465],[-75.63673490406086,26.99223747748771],[-75.63673016433505,26.992244345422506],[-75.63665243782013,26.992356980199542],[-75.63664783341098,26.992359843390602],[-75.63664406147579,26.992361608161417],[-75.63664119365383,26.992363596773217],[-75.63663648946951,26.992364600382654],[-75.63663182667071,26.992366403887562],[-75.63662306879306,26.992369447669095],[-75.63661079172078,26.992373445283704],[-75.63660247307024,26.9923791382033],[-75.63659503272194,26.992384524536888],[-75.63658928382354,26.992388239182116],[-75.6365838760434,26.992392738067924],[-75.63657812612293,26.992396451882673],[-75.63657640389904,26.992397591610587],[-75.63657432818553,26.992397682735096],[-75.6365726327923,26.99239935371989],[-75.63657065791962,26.992401306127906],[-75.63656985441071,26.99240293920867],[-75.6365690479809,26.992404572416387],[-75.63656821578849,26.992405676069232],[-75.63656751316762,26.992409171305777],[-75.63656203981589,26.992417935927236],[-75.63655568903789,26.992427005347075],[-75.63654834664845,26.9924342539611],[-75.63654219300277,26.992441450015356],[-75.63653860818737,26.992446668711572],[-75.63653587396632,26.99245105135242],[-75.63653389598154,26.992453000398196],[-75.6365330916867,26.992454637010127],[-75.63653234665817,26.992457331521233],[-75.63653155765485,26.99245923236876],[-75.63653174492251,26.99246268891465],[-75.63653059931993,26.992463537796525],[-75.63653068570027,26.992465132186094],[-75.63653078658757,26.992466994342415],[-75.63653097385522,26.99247045088838],[-75.6365311177437,26.992473106750772],[-75.6365303144222,26.99247474332046],[-75.6365304151205,26.992476601988045],[-75.63652767700344,26.992480984798515],[-75.63652608448903,26.99248451872707],[-75.63652330318135,26.992488104342666],[-75.63651976150527,26.99249411936187],[-75.63651530134884,26.99249964538843],[-75.6365133704468,26.992502391459816],[-75.63651159066443,26.992502468841934],[-75.63650959850149,26.99250415622633],[-75.63650870861028,26.99250419491737],[-75.63650786190901,26.99250503080331],[-75.63650578322438,26.99250512118115],[-75.63650489333314,26.99250515987214],[-75.63650317110572,26.992506299599256],[-75.63650198328592,26.992506351243666],[-75.63650109339468,26.99250638993464],[-75.63649931263853,26.992506467358872],[-75.63649816703494,26.992507316240506],[-75.63649638725244,26.992507393622382],[-75.63649286105381,26.992513676365526],[-75.6364883863875,26.9925189346245],[-75.63648048519644,26.992532333464606],[-75.6364722882574,26.992545749534568],[-75.63646422964126,26.992556224702238],[-75.63645406550657,26.99256625898905],[-75.63644587731774,26.99257434257051],[-75.63643770270751,26.99258269483294],[-75.63642669283634,26.99259356496124],[-75.63641223937756,26.992612315007975],[-75.63639778864358,26.99263106143811],[-75.63638597149165,26.992643567430655],[-75.63637510270861,26.992657096163864],[-75.63636710083603,26.992668637205202],[-75.63635994844503,26.992679339617524],[-75.63635355350654,26.9926876127526],[-75.63634333276053,26.992696584644598],[-75.6363285046491,26.992708419842565],[-75.63631482126279,26.992719407945373],[-75.63630633710785,26.99272750526034],[-75.63630107330977,26.992734662618464],[-75.63629665709603,26.992740982304905],[-75.63628672053349,26.992755272199137],[-75.63627581149746,26.99276800447657],[-75.63626497052682,26.992782065291898],[-75.63625410369714,26.99279559480656],[-75.63624261869889,26.992814214909682],[-75.6362299045355,26.992832087628738],[-75.63622374795415,26.992839284673362],[-75.63621735683476,26.99284755676317],[-75.6362093548712,26.992859096928022],[-75.63620303181663,26.99286869755655],[-75.63619776102878,26.992881184706484],[-75.63619249628353,26.99288834297768],[-75.63618727662418,26.992896297488272],[-75.63618082390893,26.99290350478319],[-75.6361743742079,26.992910713695345],[-75.63616732069903,26.99292327834868],[-75.63616114169938,26.992935538333743],[-75.63614816489982,26.992959552781507],[-75.63614001182759,26.992973762511827],[-75.63613553720455,26.992979022508504],[-75.63613116317568,26.992986139432656],[-75.63612852584839,26.992992383529362],[-75.63612363637472,26.993006451377518],[-75.63612263774459,26.993009959487043],[-75.63612193509778,26.99301345472901],[-75.63612117183816,26.99301588513383],[-75.63612042600501,26.993018583179065],[-75.63611849526465,26.993021332737097],[-75.63611679892122,26.99302300463261],[-75.63611397726218,26.993025792048204],[-75.63611313055081,26.99302662793244],[-75.63611229547145,26.99302773258325],[-75.63611030606518,26.993029417219304],[-75.63610852622286,26.993029493721874],[-75.63610738060707,26.993030342600644],[-75.63610560085922,26.99303042084757],[-75.63610357966243,26.993031572692242],[-75.63610179991456,26.993031650939127],[-75.63609976546921,26.993032540207178],[-75.63609798567406,26.99303261758178],[-75.63609412625306,26.99303278623989],[-75.63609031187065,26.99303375026563],[-75.63608560666418,26.993034753892918],[-75.63608180863987,26.993035983856707],[-75.63607981645359,26.993037671235772],[-75.6360780366583,26.993037748609964],[-75.63607600211802,26.993038636133154],[-75.63607313425584,26.993040624733364],[-75.6360714984758,26.993043360593376],[-75.6360695493803,26.993045843424802],[-75.63606795678568,26.99304937648163],[-75.63606258425472,26.99306000413098],[-75.63605924412731,26.993069740853358],[-75.63605584747074,26.993078416058008],[-75.6360523634687,26.99308549691112],[-75.63603289369236,26.993115923070377],[-75.63602056081035,26.993135377352996],[-75.63599702099309,26.993167579470477],[-75.63598451530683,26.99318384409076],[-75.63597381930393,26.993200565086777],[-75.6359692069058,26.99320875896999],[-75.6359676575351,26.99321309009726],[-75.63596685400478,26.993214723178326],[-75.63596491935938,26.993217472904767],[-75.635963240387,26.99321941156737],[-75.63596040138363,26.993221933084353],[-75.6359587224583,26.993223872619115],[-75.63595584119638,26.993225596023944],[-75.63595009410366,26.99322930968652],[-75.63594464304187,26.993233011353944],[-75.63593127776939,26.993238920993477],[-75.63591913202112,26.993245310041278],[-75.6359069988758,26.993251967812363],[-75.63590124890506,26.993255682471563],[-75.63589579881264,26.99325938409425],[-75.63588273141616,26.99326527990381],[-75.63585610024046,26.99327336699361],[-75.63583872094937,26.99327651971596],[-75.63582264579136,26.993281749815583],[-75.6358056623786,26.99328675187097],[-75.63578931801,26.993292525218774],[-75.63578293371053,26.993295465747845],[-75.6357733722989,26.99330014515957],[-75.6357650102552,26.993305039957605],[-75.63576212805947,26.993306764271686],[-75.63575835591543,26.99330852639764],[-75.63575672011838,26.993311262255194],[-75.63575389658281,26.99331405149248],[-75.6357510718372,26.99331683641097],[-75.63574947829584,26.993320370380985],[-75.63574669789489,26.993323955943886],[-75.63574404894106,26.99332993214382],[-75.6357415556692,26.993338836472617],[-75.63573940434303,26.993348522389702],[-75.63573529407282,26.993366022810203],[-75.63573040455009,26.993380091531957],[-75.63572431180793,26.993393945908],[-75.63571645668446,26.993408145292943],[-75.63570855633421,26.99342154581998],[-75.63570303670845,26.993429513357082],[-75.63569783039726,26.993437733924317],[-75.63569132296664,26.99344387872547],[-75.63568682039211,26.993448605749613],[-75.6356747724425,26.993456855319142],[-75.63565523990918,26.993469695759824],[-75.63565029637059,26.99347177720006],[-75.63564478763861,26.99347441475971],[-75.6356402264003,26.993478076858118],[-75.63563532604213,26.99348095549614],[-75.63563005920838,26.99348811296628],[-75.63562812829674,26.99349085990303],[-75.63562643402118,26.99349253432501],[-75.63562445700708,26.993494484190137],[-75.63562187366003,26.993496194636073],[-75.63561900591061,26.993498185842956],[-75.63561692719789,26.993498276201738],[-75.63561608047586,26.993499112083185],[-75.6356152337538,26.993499947964597],[-75.63561325688097,26.993501900446187],[-75.63561236697768,26.993501939129022],[-75.63561156343671,26.993503572209022],[-75.63561073117127,26.993504674986273],[-75.63560958846374,26.993505523733738],[-75.63560507045023,26.993509983901735],[-75.63559957324975,26.99351288848199],[-75.63559378284263,26.993515803184387],[-75.63558341492921,26.993522115788217],[-75.63557053775311,26.993531470613796],[-75.6355651308057,26.99353596942048],[-75.63555849089323,26.993539722745695],[-75.63555096102905,26.99354351388058],[-75.63554718891568,26.99354527687208],[-75.6355434320905,26.993547304100357],[-75.63553887084299,26.993550966194988],[-75.63553316693314,26.993555477908366],[-75.6355277168015,26.99355917951454],[-75.63552107688518,26.993562932837506],[-75.63551443984181,26.993566685160907],[-75.6355077144431,26.993568842298636],[-75.63550597795667,26.993569719477808],[-75.63550394242196,26.993570607033014],[-75.63550127266228,26.993570722206194],[-75.63549929466936,26.993572672111675],[-75.63549760136277,26.993574346489613],[-75.63549556582782,26.993575234044656],[-75.63549304001695,26.993578006838067],[-75.63548941287024,26.993582428277836],[-75.63548658829404,26.993585216680405],[-75.63548380977119,26.99358880128265],[-75.63548221426448,26.99359233533679],[-75.63547939260857,26.993595123612273],[-75.63547750111583,26.993598670532073],[-75.63547679829234,26.99360216316109],[-75.63547516252618,26.993604899889352],[-75.63547524888578,26.993606494287352],[-75.63547529206558,26.99360729148635],[-75.63547539288142,26.993609152780333],[-75.63547543606123,26.993609949979327],[-75.63547547924102,26.993610747178348],[-75.63547552246807,26.993611545249543],[-75.63547558010414,26.993612609344552],[-75.63547655636842,26.993614165061032],[-75.63547744627307,26.99361412637947],[-75.63547748945291,26.99361492357849],[-75.63547843704092,26.9936159498641],[-75.63547848022077,26.993616747063147],[-75.6354797112384,26.99361749263029],[-75.63547975539187,26.993618289786973],[-75.63547981307525,26.993619354754195],[-75.63547985528147,26.993620151995568],[-75.63548083154592,26.99362170771206],[-75.63548089020294,26.993622772636968],[-75.63548004347804,26.993623608517627],[-75.63547889784635,26.99362445739089],[-75.63547894102621,26.993625254589965],[-75.63547805112142,26.993625293271553],[-75.6354781086158,26.99362635474996],[-75.63547721871099,26.993626393431533],[-75.63547637212774,26.993627231928812],[-75.63547518331615,26.993627283602954],[-75.63547433659113,26.99362811948359],[-75.63547443731251,26.99362997903329],[-75.63547354745491,26.993630018587062],[-75.63547265750282,26.993630056396363],[-75.6354727006826,26.993630853595437],[-75.63547155616608,26.993631705043004],[-75.63547159837223,26.993632502284402],[-75.63547170006719,26.993634361791802],[-75.63547178656846,26.993635958806628],[-75.63547188728978,26.993637818356408],[-75.63547203133263,26.99364047772195],[-75.63547216087197,26.993642869319306],[-75.63547226168781,26.993644730613543],[-75.63547363674873,26.993648135546447],[-75.63547378064992,26.99365079229549],[-75.63547564696148,26.993652311947304],[-75.63547663856168,26.993654132773294],[-75.6354779129015,26.99365567815637],[-75.6354798366132,26.993658257542286],[-75.63548081301987,26.99365981587565],[-75.6354821025063,26.993661622879113],[-75.63548307881858,26.993663179468047],[-75.63548317968194,26.993665041634646],[-75.6354841558998,26.993666596479194],[-75.63548425676319,26.993668458645807],[-75.63548440080652,26.993671118011644],[-75.63548359726104,26.99367275109172],[-75.63548378448428,26.993676207656833],[-75.63548303760132,26.993678904874514],[-75.63548123348734,26.99368404702398],[-75.63548146384316,26.993688299916347],[-75.6354816509246,26.99369175386506],[-75.6354817949679,26.993694413231125],[-75.6354828289168,26.99369703391563],[-75.63548416172559,26.993699640735294],[-75.63548518121836,26.99370199452378],[-75.63548528208182,26.993703856690683],[-75.63548625830022,26.993705411535412],[-75.63548644557089,26.993708868973243],[-75.63548650306547,26.993709930452006],[-75.63548658956714,26.99371152746729],[-75.63548669028891,26.99371338701763],[-75.63548584356307,26.99371422289863],[-75.63548593006475,26.99371581991399],[-75.6354850401589,26.993715858595642],[-75.63548399524763,26.993718567019666],[-75.63548403842758,26.99371936421903],[-75.63548320620518,26.993720467868336],[-75.63548240265915,26.993722100948705],[-75.63548155593317,26.993722936829734],[-75.63547957803029,26.99372488848046],[-75.63547868812434,26.993724927162088],[-75.63547665355878,26.993725814674946],[-75.6354758068327,26.99372665055592],[-75.63547408470411,26.99372779288674],[-75.6354711582852,26.993728719165723],[-75.63546823381344,26.993729645359952],[-75.6354644213829,26.993730610150934],[-75.63546151029912,26.99373180153896],[-75.63546062039303,26.993731840220395],[-75.63545883766007,26.99373191771022],[-75.63545765176772,26.993731969257215],[-75.63545676186169,26.993732007938625],[-75.63545587195564,26.993732046620035],[-75.6354549820496,26.99373208530142],[-75.63545299080499,26.993733772629874],[-75.63545131074014,26.993735709585437],[-75.63544931949531,26.993737396913843],[-75.63544764040395,26.99373933382705],[-75.63544649477019,26.99374018270034],[-75.63544485895274,26.993742918557412],[-75.63544291273993,26.99374540125612],[-75.63544212072803,26.993747301359434],[-75.6354404849575,26.993750038088713],[-75.63543938542392,26.99375168403445],[-75.63543953043948,26.99375434335894],[-75.63543872591853,26.99375597648152],[-75.6354388699132,26.993758634976192],[-75.63543895631945,26.99376023024741],[-75.63543905713463,26.993762091542614],[-75.63543914354088,26.993763686813896],[-75.6354383515287,26.993765586917288],[-75.63543760552241,26.99376828234883],[-75.6354365059885,26.99376992829472],[-75.63543571694436,26.99377182914342],[-75.63543287882942,26.993774349735865],[-75.63543124305801,26.99377708646531],[-75.6354295611861,26.99377902612208],[-75.63542841847247,26.993779874868313],[-75.63542672501801,26.993781546629787],[-75.63542593592626,26.99378344660626],[-75.63542602233225,26.993785041877683],[-75.63542489120093,26.993786158519235],[-75.63542408765296,26.993787791599566],[-75.63542427482655,26.993791247294237],[-75.6354244620474,26.99379470386113],[-75.63542474998864,26.993800019979126],[-75.63542582706918,26.993803436992856],[-75.6354259566546,26.99380582946405],[-75.63542605746953,26.99380769075961],[-75.63542531160412,26.993810388808182],[-75.6354254411423,26.993812780407254],[-75.63542455123529,26.993812819088383],[-75.63542465205019,26.993814680383984],[-75.63542380536978,26.993815517136994],[-75.6354227172756,26.993817428361726],[-75.6354218705479,26.993818264242538],[-75.63542102391467,26.993819101867796],[-75.6354202347279,26.99382100010008],[-75.63541904688691,26.99382105173126],[-75.6354181991855,26.99382188765436],[-75.63541646255057,26.993822762216187],[-75.63541531803057,26.993823613663718],[-75.63541359575716,26.993824753377258],[-75.6354115631355,26.993825640804477],[-75.63540897685156,26.99382735137387],[-75.63540511831528,26.99382751909008],[-75.63540017572033,26.993829600478037],[-75.63539458054856,26.99383064275535],[-75.63538983113118,26.993830849194087],[-75.63538393802523,26.99383190442081],[-75.63538012558851,26.99383286920884],[-75.63537725782015,26.99383486041123],[-75.63537552118447,26.993835734972347],[-75.63537473019088,26.99383763590567],[-75.63537363065457,26.99383928185128],[-75.63536776472259,26.993851793990412],[-75.63536251860594,26.9938648124896],[-75.63535917854315,26.993874552708423],[-75.63535579803275,26.993883492111753],[-75.63535231490276,26.993890572920275],[-75.63534877311675,26.993896588802755],[-75.63534520251294,26.993902072637045],[-75.63534161764173,26.99390729306387],[-75.6353393222101,26.993914319625752],[-75.6353366416548,26.993919767396424],[-75.63533488060932,26.993925705003914],[-75.6353333888697,26.99393110110225],[-75.63533291643215,26.99393884750424],[-75.63533329081906,26.993945759770448],[-75.63533224604099,26.993948470812],[-75.63533233239798,26.99395006521236],[-75.63533243325806,26.993951927381325],[-75.63533177277125,26.99395621987347],[-75.63533098450728,26.99395811719157],[-75.63532551094995,26.99396688266987],[-75.63532024799552,26.99397404084008],[-75.635314685111,26.99398121117241],[-75.63531299164957,26.993982882933235],[-75.63531215928012,26.99398398396559],[-75.63531101378291,26.99398483545472],[-75.63531016705213,26.993985671335114],[-75.63530942103915,26.9939883667681],[-75.63530853113005,26.993988405448174],[-75.63530867516786,26.993991064817777],[-75.63530757270705,26.993992710890595],[-75.63530775992311,26.99399616746058],[-75.6353078607354,26.99399802875773],[-75.63530799027022,26.9940004203588],[-75.63530832152414,26.994006536298656],[-75.6353070600337,26.994016183552485],[-75.63530465397142,26.994026681381314],[-75.63530220560942,26.99403638022327],[-75.63529796121317,26.99404589310257],[-75.63529655373593,26.994052881072086],[-75.63529298613649,26.994058366525408],[-75.63528676363217,26.994069827565745],[-75.63528402636031,26.99407421032675],[-75.63528045486441,26.994079695949367],[-75.63527969550917,26.99408212706102],[-75.63527815956371,26.99408672513138],[-75.63527716083341,26.9940902323754],[-75.6352773488803,26.994093686287876],[-75.63527753609523,26.994097142859413],[-75.63527772331018,26.994100599430926],[-75.63527795370318,26.99410485320324],[-75.6352793258428,26.994108258272348],[-75.63527951301062,26.994111713971854],[-75.6352805901363,26.994115131863772],[-75.63528162491592,26.994117749896013],[-75.63528270204178,26.994121167788],[-75.63528393306562,26.994121913359237],[-75.63528490947424,26.994123471697574],[-75.63528496701355,26.99412453405047],[-75.63528594328048,26.994126089772166],[-75.63528687651105,26.994126850909716],[-75.63528806533053,26.9941267992378],[-75.63528810850866,26.994127596438613],[-75.63528905595878,26.994128620111603],[-75.63528994586952,26.994128581431706],[-75.6352908789112,26.994129339080388],[-75.63529176882196,26.99412930040048],[-75.63529304413957,26.994130845746724],[-75.63529393405035,26.99413080706679],[-75.63529482400837,26.99413076925905],[-75.63529571391913,26.994130730579105],[-75.63529690176505,26.99413067894939],[-75.63529779264944,26.994130640227105],[-75.63529859606199,26.994129004528883],[-75.63529948597272,26.994128965848912],[-75.63529944279448,26.99412816864811],[-75.63530062869302,26.994128117102974],[-75.63530146398516,26.994127015943125],[-75.63530319965469,26.994126141424616],[-75.63530438652683,26.994126089837124],[-75.63530612594913,26.99412521253264],[-75.63530701585984,26.99412517385259],[-75.63530909166903,26.994125083627292],[-75.63531205933623,26.994124954637225],[-75.63531472906831,26.99412483859685],[-75.6353215562606,26.994124541851406],[-75.63532452490139,26.994124412818604],[-75.6353275358888,26.99412508364547],[-75.63533016230058,26.994124167787234],[-75.63533313094133,26.99412403875419],[-75.63533516357188,26.994123151327578],[-75.63533892140453,26.99412112406041],[-75.63534154795775,26.994120210818544],[-75.63534443009915,26.994118484767],[-75.63535284891992,26.99411465412917],[-75.63535948903419,26.994110903426066],[-75.63536621146939,26.9941087446766],[-75.6353700278146,26.994107779718775],[-75.63537265733517,26.99410686722134],[-75.63537948063107,26.99410657064104],[-75.63538630777424,26.994106273018765],[-75.63539693198506,26.99410474462442],[-75.63540178126054,26.994106399525226],[-75.63540652972135,26.994106193128],[-75.63541414600701,26.99410399639711],[-75.63542092904393,26.99410290248622],[-75.63542770911245,26.994101807829626],[-75.63543339168378,26.994102360780392],[-75.63544021789997,26.994102064068787],[-75.63544708534859,26.994102564641977],[-75.63546062702187,26.994105439865596],[-75.63547244743815,26.994109455633186],[-75.63548048047149,26.99411497102703],[-75.63548495534792,26.994109713653216],[-75.63550307772078,26.99408733946792],[-75.6355050125938,26.994084593229875],[-75.6356337804821,26.994177273774593],[-75.63565212094329,26.994190474391058],[-75.63565368892925,26.994191603100997],[-75.63572601909453,26.994243663548648],[-75.63571514913515,26.994257194954315],[-75.63572035936707,26.994265495174766],[-75.63573780479075,26.99428552160725],[-75.63574519064278,26.9942955920616],[-75.63575268038295,26.994307526304482],[-75.63575892347379,26.994318444638466],[-75.63577289382897,26.994340222909923],[-75.6357770404054,26.994345372179495],[-75.6357789498761,26.99434768815878],[-75.63577983978915,26.994347649474268],[-75.63578108518443,26.994348660192067],[-75.63578201828092,26.994349418708797],[-75.63578299470262,26.9943509770435],[-75.63578398631921,26.9943527978715],[-75.63578407171246,26.994354392316435],[-75.63578540556387,26.994356999968808],[-75.63578550541463,26.9943588613105],[-75.63578559178157,26.994360455713146],[-75.63578577902014,26.99436391228742],[-75.63578685617202,26.994367330177163],[-75.63578788999877,26.99436994824893],[-75.63578896812446,26.994373366096386],[-75.63579123312601,26.994376732350336],[-75.63579320014449,26.994380110683306],[-75.63579417642504,26.99438166640144],[-75.63579639921711,26.994384235411598],[-75.63579739000255,26.99438605889871],[-75.63579747636975,26.994387653301548],[-75.63579855352249,26.994391071191473],[-75.63579859670611,26.99439186839291],[-75.63570022972563,26.99456935302418],[-75.63569348983394,26.994571244159104],[-75.63569171004978,26.99457132239883],[-75.63568963422891,26.994571412632617],[-75.63568789480084,26.994572289945648],[-75.63568670889566,26.994572341495697],[-75.6356858755043,26.99457344170409],[-75.63568409372552,26.99457351915608],[-75.6356829510028,26.99457436790815],[-75.63568210426958,26.99457520379385],[-75.63568125753632,26.994576039679586],[-75.63567932284617,26.994578789415552],[-75.63567847611284,26.994579625301288],[-75.63567679715052,26.99458156484189],[-75.63567410306513,26.994586744825455],[-75.63567132062005,26.994590329617175],[-75.63566964151558,26.994592266541108],[-75.63566770779823,26.994595016234722],[-75.63566615838235,26.994599347381715],[-75.63566342013965,26.99460373020549],[-75.63565914693717,26.994612711073398],[-75.6356521671356,26.99462660494356],[-75.63564388132592,26.994638423248592],[-75.6356350352745,26.994650799208625],[-75.63563146470325,26.99465628394285],[-75.6356285401507,26.994657209273342],[-75.63562694754935,26.994660743218436],[-75.63562501285512,26.99466349295425],[-75.63562420930221,26.99466512604216],[-75.63562261665325,26.994668659115085],[-75.6356215719228,26.994671371040045],[-75.63561908926216,26.994674941051624],[-75.63561626460304,26.99467772859832],[-75.63561348317283,26.994681314219616],[-75.6356097541393,26.99468387355206],[-75.63560693342136,26.99468666180149],[-75.63560326207323,26.99469028610556],[-75.63559944662826,26.994691250160535],[-75.63559484218071,26.994694115944704],[-75.63558646648981,26.994698743815587],[-75.63558186204133,26.994701609599257],[-75.6355790372854,26.99470439540073],[-75.63557620122957,26.994706918539112],[-75.63557258742277,26.994711605197576],[-75.63556900336101,26.994716822991343],[-75.63556537519102,26.994721244497004],[-75.63556303666869,26.99472747562955],[-75.63555946608867,26.99473296036277],[-75.63555846541554,26.99473646770368],[-75.63555687183567,26.994740001691053],[-75.63555611146178,26.994742431981575],[-75.63555506668072,26.994745143034425],[-75.63555525390981,26.99474859961459],[-75.63555535472914,26.994750460917196],[-75.63555450803979,26.994751297674597],[-75.63555370545808,26.994752930720143],[-75.63555291538582,26.994754830747596],[-75.63555300272198,26.994756425110715],[-75.63555102664698,26.99475837494209],[-75.6355493303943,26.99476004945608],[-75.63554731308521,26.994761202000014],[-75.63554650855598,26.994762835130253],[-75.63554453160148,26.994764786748323],[-75.63554283817497,26.994766459390835],[-75.63554203471371,26.994768094223154],[-75.63554090347503,26.99476920912617],[-75.63554014310033,26.99477163941684],[-75.63554038796667,26.994776160097473],[-75.63554061837631,26.994780413880907],[-75.63554084878601,26.99478466766444],[-75.6355410791957,26.99478892144804],[-75.63554215629539,26.9947923384743],[-75.63554358989714,26.9947968057356],[-75.63554574419153,26.994803641532712],[-75.63554682129163,26.99480705855914],[-75.63554819428775,26.994810460975206],[-75.63554940404177,26.994816272972336],[-75.63554973420317,26.99482238635751],[-75.63554917356669,26.994828540212055],[-75.63554831879242,26.994834705103635],[-75.6355478465128,26.994842454152014],[-75.6355435587794,26.994851167254005],[-75.63554957166335,26.994857835330063],[-75.6355499893029,26.99486554569676],[-75.63555164937519,26.994874266041425],[-75.63555211014912,26.994882772739594],[-75.63555129971843,26.99488973828223],[-75.63555135721478,26.99489079976607],[-75.63555051061833,26.99489163826832],[-75.63555055379963,26.994892435471503],[-75.63554970706143,26.994893271357135],[-75.63554887468545,26.99489437239573],[-75.6355477290355,26.994895221274273],[-75.63554692562022,26.99489685697967],[-75.63554603570066,26.99489689566208],[-75.6355451457811,26.994896934344496],[-75.6355440144933,26.994898048375937],[-75.63554312457373,26.99489808705834],[-75.63554227783537,26.994898922943946],[-75.63554138791577,26.994898961626312],[-75.63554024226566,26.99489981050474],[-75.63553935234606,26.994899849187103],[-75.63553846242645,26.99489988786948],[-75.63553638464914,26.994899978184677],[-75.63553074621974,26.99490022327136],[-75.6355034663938,26.99489634616308],[-75.63548393256902,26.994892665657492],[-75.63545962141842,26.994888659498475],[-75.63545331251085,26.994898526182293],[-75.63547352314534,26.99491470202678],[-75.63547748260125,26.9949163964832],[-75.63549122056641,26.99491739750008],[-75.6355016671401,26.994918010901255],[-75.63550457520577,26.99491681701655],[-75.63550760156176,26.9949177529505],[-75.63551146015287,26.994917585229366],[-75.63551536095129,26.994918214753717],[-75.63551807486544,26.994918895868217],[-75.63552197566393,26.9949195253923],[-75.63552508838238,26.994922055732246],[-75.63552815481002,26.994923785506973],[-75.63553120998549,26.994925253490536],[-75.63553303305369,26.994925974201454],[-75.6355361024026,26.994927703848944],[-75.63553788224246,26.994927626484266],[-75.63554093644463,26.994929094509878],[-75.63554301519638,26.994929004152226],[-75.63554574249973,26.994929950461234],[-75.63554871117144,26.99492982142103],[-75.63555078992317,26.994929731063202],[-75.63555340213937,26.994928552659527],[-75.635556370811,26.99492842361908],[-75.6355601419243,26.994926658915094],[-75.63556300694964,26.994924670441925],[-75.63556766895613,26.994922867012754],[-75.63557237428566,26.994921863403277],[-75.63557528541305,26.994920672006057],[-75.63557825315795,26.994920543879445],[-75.6355791440514,26.99492050515441],[-75.63558003392399,26.994920465599456],[-75.63558092384382,26.99492042691671],[-75.63558211170181,26.994920375283293],[-75.63558300166886,26.994920337472717],[-75.63558305916568,26.994921398956713],[-75.63558394908551,26.994921360273914],[-75.63558484002628,26.994921322421014],[-75.63558492551046,26.9949229186143],[-75.63558615460285,26.994923664268708],[-75.63558710498779,26.994924687815132],[-75.6355871913512,26.994926282221684],[-75.63558812459455,26.99492704335879],[-75.6355882253204,26.994928902918275],[-75.63558836936974,26.994931562297698],[-75.63558845573318,26.994933156704263],[-75.63558944647353,26.9949349793254],[-75.63558967693363,26.994939233983725],[-75.63559399630465,26.99494757295948],[-75.63559828685726,26.994955379884956],[-75.63561225718857,26.994977156492425],[-75.6356276260347,26.994997275022502],[-75.63563397699548,26.995004724860195],[-75.63563914316084,26.99501222882158],[-75.63564432378433,26.995019999680384],[-75.63564978580125,26.995027488158765],[-75.63565495094882,26.99503499129011],[-75.63566096385695,26.995041659364123],[-75.63566500968882,26.995044948220876],[-75.63566914188627,26.995049831484767],[-75.63567225456762,26.995052360949092],[-75.63567413421192,26.99505414405668],[-75.6356771469974,26.99505481130152],[-75.63568020120732,26.995056279323443],[-75.63568322450828,26.995057212762656],[-75.63568594037616,26.995057893788125],[-75.63569596285133,26.995061721927353],[-75.63570081224123,26.995063377691665],[-75.63570569030976,26.995065562889685],[-75.63570875985718,26.995067296021485],[-75.63571087882733,26.995068002118558],[-75.63571187254057,26.995069825484666],[-75.6357137387498,26.995071342524035],[-75.63571591531338,26.995073111849965],[-75.63571693687342,26.995075467308993],[-75.63571797182273,26.99507808796346],[-75.63571930067452,26.99508069321951],[-75.63572037875993,26.995084110205482],[-75.6357223055785,26.99508669209124],[-75.63572451003664,26.99508899438232],[-75.63572643486093,26.995091575480508],[-75.63573052290783,26.99509566158122],[-75.635734712753,26.995101608944626],[-75.63573885932098,26.995106757359725],[-75.63574294736937,26.99511084346018],[-75.63574614646986,26.99511496820253],[-75.63575023549281,26.995119054260492],[-75.63575343162582,26.995123178257497],[-75.63575558594817,26.995130014058997],[-75.63575795170095,26.99513523988503],[-75.63576019336499,26.995143670052293],[-75.63576363637489,26.995152315523967],[-75.63577256319778,26.995174310493486],[-75.63577590631161,26.99518109374558],[-75.63577787344461,26.99518447383447],[-75.63578108589232,26.995188862900203],[-75.63578303944728,26.995191974304703],[-75.63578837110627,26.995197073827217],[-75.63579438399155,26.99520374102501],[-75.63579931976076,26.995206991193495],[-75.63580332228142,26.995209480225856],[-75.63580731058087,26.9952117067215],[-75.63581131310208,26.99521419575358],[-75.63581931740777,26.995219178220715],[-75.63582835008741,26.99522118281309],[-75.63583502154754,26.995223558447876],[-75.63584114615595,26.995226756935427],[-75.63584771771632,26.995227270348874],[-75.63585375298801,26.995228873682137],[-75.63585464295853,26.99522883586898],[-75.6359157853104,26.995303188791862],[-75.63591489543353,26.99530322835],[-75.63591370951717,26.995303279903027],[-75.6359137527025,26.995304077107388],[-75.6359128598574,26.995304115920284],[-75.63591196988602,26.995304153733976],[-75.63591107996189,26.995304192419862],[-75.63591118074336,26.995306052854104],[-75.63590923455313,26.995308536450505],[-75.63590848576915,26.995311234646447],[-75.63590510525947,26.995320174121954],[-75.63590274247076,26.99533147009874],[-75.63590152417147,26.995341913745104],[-75.63590005033262,26.995353171079284],[-75.63589980851687,26.9953651739387],[-75.63589924971018,26.99537132510769],[-75.6359005141276,26.995378199598704],[-75.63590070132662,26.995381655314954],[-75.63590177757155,26.995385074132223],[-75.63590281248419,26.995387693915767],[-75.63590414426861,26.995390299045564],[-75.6359060547902,26.995392615862112],[-75.635910344426,26.99540042283007],[-75.63591278025751,26.995406977998698],[-75.63591499516666,26.995414877780163],[-75.63591875296802,26.995429369799396],[-75.63592420717225,26.995442189910722],[-75.63593186882156,26.99545731305734],[-75.6359392335073,26.995472449113795],[-75.63594267641054,26.995481091973975],[-75.63594616366295,26.995490535485825],[-75.6359482603216,26.995496306318156],[-75.63595485624835,26.99550827684287],[-75.6359641114878,26.995519865985592],[-75.63597249019351,26.99553175901037],[-75.635980999623,26.995546047096823],[-75.63598865920493,26.995561167713326],[-75.63599485943459,26.995571292371693],[-75.63600438380594,26.995582336509848],[-75.6360136361409,26.995593925778252],[-75.63602072922508,26.99560401162238],[-75.63602820059434,26.99561567568999],[-75.63603469970089,26.995625786481344],[-75.63603880313065,26.995630137689112],[-75.63604289122313,26.99563422378551],[-75.63605195636367,26.99564235733291],[-75.63606587386235,26.995652146502476],[-75.63606800916358,26.995653117662318],[-75.63607106437858,26.995654585632956],[-75.63607294497345,26.99565636782256],[-75.63607510719777,26.995657871990876],[-75.63607703399553,26.99566045300334],[-75.6360791962673,26.995661958043797],[-75.63608112311258,26.995664539928438],[-75.63608220024875,26.995667956960844],[-75.63608628931921,26.99567204301364],[-75.63609043316254,26.995677194169115],[-75.63609358795543,26.99568051825733],[-75.63609763383971,26.995683807104303],[-75.63610483568078,26.995690423485698],[-75.63610990105742,26.995696065261196],[-75.63611311076647,26.995700457068537],[-75.63611512398916,26.99570463336409],[-75.63612157691155,26.99571394533012],[-75.63613813381576,26.995734010453784],[-75.63620028313838,26.99567321683396],[-75.63619530418076,26.99566917034687],[-75.63619422796597,26.995665752401184],[-75.63619204835894,26.995663981464382],[-75.63618914807867,26.99565984286059],[-75.63618495830927,26.99565389812022],[-75.63618274983182,26.995651594259407],[-75.6361808260462,26.995649014866647],[-75.63617851682784,26.995644851441412],[-75.63617640661502,26.995638812798017],[-75.63617518443031,26.995632736423183],[-75.63617156855213,26.99562090125603],[-75.63616723471549,26.99561229712984],[-75.63616385123368,26.995604715675064],[-75.63624770514696,26.9957061889627],[-75.63629500742675,26.99576343165913],[-75.63623538391714,26.99582145165252],[-75.63623947300401,26.99582553770131],[-75.63624752059081,26.995831317350863],[-75.63625150592014,26.995833542216126],[-75.63625555177207,26.995836830186256],[-75.63625866455216,26.995839360511773],[-75.636261863711,26.995843485249125],[-75.63626383064629,26.995846860976062],[-75.63626698661639,26.995850188507383],[-75.63626930645783,26.99585461987379],[-75.63627131964589,26.99585879529641],[-75.63627333093409,26.995862971675916],[-75.63627347491452,26.995865629320107],[-75.6362748048671,26.99586823627885],[-75.63627512169978,26.9958740844917],[-75.63627545303925,26.99588020047524],[-75.63627478455531,26.995889821164962],[-75.63627439872171,26.995899164662767],[-75.6362724328026,26.995912309117962],[-75.63627068814343,26.995918512732732],[-75.63626390708907,26.995936129470927],[-75.63625082108102,26.995963613692545],[-75.63623886329464,26.995989981381133],[-75.63623476283855,26.99600215115186],[-75.63622953113409,26.996015435839936],[-75.63622685330054,26.996020880066784],[-75.63622247924779,26.996027999700487],[-75.63621721331438,26.996035158107773],[-75.63620732241837,26.99605024526648],[-75.6361995514,26.99606603672742],[-75.63619268389154,26.996082058185426],[-75.6361760590481,26.996132080238993],[-75.63617021394909,26.996150454505212],[-75.6361646971636,26.99617494314629],[-75.63616277625975,26.996188882992158],[-75.6361606438835,26.99620443195013],[-75.63615889638211,26.99621063744173],[-75.63615833763734,26.996216789505795],[-75.63615545842245,26.99623503658892],[-75.63615489967722,26.996241188653553],[-75.63615517345563,26.996246242285054],[-75.63615540385669,26.996250495220476],[-75.63615676905316,26.99625922930194],[-75.63615563733961,26.99627127089497],[-75.63615308926443,26.99629563048752],[-75.63614790467335,26.996326233350594],[-75.63614544304822,26.99633566885346],[-75.63614205964717,26.996344609374148],[-75.63613866183348,26.996353283868416],[-75.63613325672864,26.9963743038033],[-75.63612755270336,26.99639533673448],[-75.63612030022153,26.99642070081155],[-75.6361158173507,26.996431289050573],[-75.63610880664795,26.996444650216795],[-75.63610183834606,26.996458812122505],[-75.63609408469158,26.99647487124549],[-75.6360872881145,26.9964922211546],[-75.63608664395994,26.99649677876665],[-75.63608475237629,26.99650032486854],[-75.63608409288344,26.99650461736844],[-75.63608417930627,26.996506212657128],[-75.63608428014078,26.996508073972535],[-75.63608432332856,26.99650887118077],[-75.63608436651636,26.996509668388974],[-75.63608531414843,26.996510694680726],[-75.63608535733623,26.99651149188897],[-75.63608663256791,26.996513034623014],[-75.63608669012017,26.99651409698587],[-75.63608766657572,26.99651565533127],[-75.63608855651385,26.996515616643535],[-75.63608940326415,26.996514780747546],[-75.6360906775223,26.99651632352389],[-75.63609162598645,26.996517347156647],[-75.63609255906525,26.996518104804846],[-75.63609344905072,26.9965180669893],[-75.63609557015373,26.996518775613982],[-75.6360965033271,26.996519535006666],[-75.63609745174415,26.996520557767138],[-75.63609957085269,26.996521265604187],[-75.63610060676112,26.99652388535549],[-75.63610149669937,26.996523846667632],[-75.6361015399346,26.996524644748096],[-75.63610281219857,26.996526186736805],[-75.63610384620712,26.996528807444985],[-75.6361039902774,26.996531466841077],[-75.63610496659177,26.996533022569757],[-75.6361051106621,26.9965356819659],[-75.63610525473244,26.99653834136209],[-75.63610539866103,26.996540998141615],[-75.63610552831963,26.996543391511008],[-75.63610478245151,26.996546089595174],[-75.6361049263801,26.996548746374803],[-75.63610312414028,26.996553887639717],[-75.63610167359704,26.99656008022911],[-75.63609903911228,26.996566325161766],[-75.63609634401188,26.996571505241764],[-75.63609281652458,26.996577786372733],[-75.63609118066952,26.996580522272716],[-75.63608839919233,26.99658410793588],[-75.63608551683296,26.99658583141073],[-75.63608184638996,26.996589455719135],[-75.6360793196688,26.99659223122135],[-75.63607643828259,26.99659395465364],[-75.63607361649024,26.99659674210884],[-75.63606980100326,26.9965977070624],[-75.63606896866348,26.99659880898539],[-75.63606722900461,26.99659968282383],[-75.63606604306821,26.99659973437902],[-75.63606430651933,26.99660061157931],[-75.63606355758641,26.99660330717408],[-75.63606237164996,26.996603358729242],[-75.63606152489838,26.996604194625284],[-75.6360598459013,26.996606134188735],[-75.63605789666727,26.996608616183945],[-75.63605719398439,26.996612111477017],[-75.63605451431204,26.996617558413632],[-75.63605310894575,26.99662454900007],[-75.6360486690994,26.99663593183675],[-75.63604381983328,26.996650800715607],[-75.63603859189865,26.996664084387014],[-75.6360278542191,26.996696529484673],[-75.63602470118347,26.996709722958148],[-75.63602153767721,26.99672265110808],[-75.63601145948135,26.99675080370776],[-75.63600374507064,26.99676766022108],[-75.63599692171327,26.9967844806223],[-75.63599018653245,26.996802892741346],[-75.63598433851084,26.99682126891811],[-75.6359801092409,26.99683104443244],[-75.63597587918517,26.996840823478212],[-75.63596932832625,26.99686269233632],[-75.63596193168152,26.996885397049734],[-75.63595506692339,26.996901417545278],[-75.6359491180068,26.996917931536334],[-75.63594507597905,26.99693116366333],[-75.63594351866385,26.996940826525197],[-75.63594219575988,26.99694941170798],[-75.63593163811989,26.996990640710433],[-75.63592749442199,26.997002014180215],[-75.63592679168228,26.997005508605746],[-75.63592524223216,26.99700983979981],[-75.63592424159332,26.99701334804952],[-75.63592353875886,26.997016840730733],[-75.63592363963738,26.997018702922524],[-75.63592372601019,26.99702029734245],[-75.63592382688873,26.997022159534186],[-75.63592484634485,26.99702451160558],[-75.635924904037,26.997025576587383],[-75.63592617830031,26.997027119369157],[-75.63592717009682,26.99702894283236],[-75.63592735734835,26.997032399444215],[-75.63592744372126,26.997033993864218],[-75.6359267410285,26.997037489162455],[-75.63592692823279,26.997040944902174],[-75.63592499339457,26.997043692926482],[-75.63592358796134,26.99705068265099],[-75.63592273041314,26.997056850345732],[-75.63592215723195,26.997062736402324],[-75.63592244522015,26.997068052590073],[-75.63592267565798,26.9970723064126],[-75.63592402647855,26.997080775371604],[-75.63592253760864,26.997102691727672],[-75.63591870265543,26.997125241630204],[-75.63591553931745,26.997154694468957],[-75.6359094636059,26.99718533528316],[-75.6359053774444,26.99719777112697],[-75.63590013508437,26.997210789665175],[-75.63589515614694,26.99722326606738],[-75.63589199065015,26.99723619432488],[-75.63588888177588,26.997250185863667],[-75.6358803960586,26.997274803650786],[-75.6358713635637,26.997300246044464],[-75.63586091765067,26.99733800810466],[-75.6358578068192,26.997351999732974],[-75.63585331339016,26.99739536506948],[-75.63585194311459,26.997425002276408],[-75.63585993416015,26.997556031578434],[-75.63586336867998,26.997597452399518],[-75.63586749603694,26.99764070881771],[-75.63587056952625,26.997730379229843],[-75.63586932895188,26.99776241073162],[-75.6358689812507,26.997794403424717],[-75.63586968707207,26.99782395393035],[-75.6358712722369,26.997853197811594],[-75.6358709696746,26.997902508876788],[-75.63587026692404,26.99790600331484],[-75.63586951894516,26.9979086988802],[-75.63586891712008,26.997914056389234],[-75.63586914755749,26.99791831022661],[-75.63586923393017,26.997919904652473],[-75.63580661927811,26.998208293507325],[-75.63580666246398,26.998209090721218],[-75.63579790688829,26.998228657371445],[-75.63579299978107,26.998242461347466],[-75.63578866082057,26.998255709065543],[-75.63578279563842,26.9982682222868],[-75.63577657295922,26.998279685301537],[-75.63576785962677,26.99830005008345],[-75.6357611654952,26.998319259599654],[-75.63575720889963,26.99833408888236],[-75.63575354028386,26.998354234382102],[-75.63575076259977,26.998374341156254],[-75.6357489056436,26.99839494122026],[-75.63574961427643,26.998441012068938],[-75.63575040630802,26.99845563319602],[-75.63575109755817,26.99846839386545],[-75.63567088441982,26.998841728374526],[-75.6356546378535,26.998917345623706],[-75.63564085122115,26.998964845725954],[-75.63563586840749,26.99897837062989],[-75.63563566239506,26.998978927759282],[-75.63562859674796,26.99899122652887],[-75.63561989118541,26.999006259642574],[-75.63561084462276,26.999020511107396],[-75.63559795205859,26.99904612142758],[-75.63558472117408,26.999070945611336],[-75.63556641326284,26.99910638481441],[-75.6355584681396,26.99911898846758],[-75.63555121230632,26.999127830723143],[-75.63554282711549,26.99913778781684],[-75.63551962341731,26.999170774130178],[-75.63550102734327,26.999200894482932],[-75.63548329259342,26.999230447582384],[-75.63546977065914,26.999249953914717],[-75.63542001583856,26.999314474706892],[-75.63540656155446,26.99932971684],[-75.63539285527109,26.99934576639664],[-75.63538397694062,26.999357611511396],[-75.63537690732316,26.99936991045071],[-75.63536860956236,26.999381464549202],[-75.63536062114876,26.999393270109845],[-75.63533806546036,26.99942169945452],[-75.63531618446372,26.99944609787742],[-75.63530516969087,26.999456970967987],[-75.63529604748788,26.999464296141667],[-75.63528743181713,26.99946999936065],[-75.63526445844273,26.99949071818251],[-75.6352166467341,26.9995362323443],[-75.63519470627077,26.999559570203164],[-75.63518732081307,26.999566020791146],[-75.63518011006919,26.999575661040936],[-75.63515922695377,26.999596554779885],[-75.63514534785163,26.999609415443334],[-75.63513140735586,26.99962121477001],[-75.63510476321031,26.99964555701102],[-75.6350974775304,26.99965386810492],[-75.63509018133493,26.999661912998814],[-75.63508021136413,26.99967007497045],[-75.63507004410667,26.999680108614676],[-75.63505257971714,26.999698188065043],[-75.63503713281429,26.999715115829243],[-75.63502170411353,26.99973230770884],[-75.6350078643888,26.999745968364678],[-75.63499313843579,26.99975966491133],[-75.63497487150478,26.999779380044508],[-75.63495745024798,26.999798256704263],[-75.63493204761096,26.999823610707324],[-75.63492088966738,26.99983182429407],[-75.63490979218096,26.99984110013088],[-75.6349024056983,26.999847550746484],[-75.63489585155932,26.99985289856205],[-75.63488550010486,26.999859478029876],[-75.63487424129433,26.99986582939775],[-75.63486789875535,26.99986956982351],[-75.6348603259354,26.99987256199563],[-75.63485275515679,26.999875555827007],[-75.63484607148159,26.999878511980352],[-75.63483844112245,26.999880441772618],[-75.6348346254559,26.999881406689653],[-75.63483373547791,26.999881445366203],[-75.63483254948974,26.99988149690672],[-75.63483165951175,26.99988153558326],[-75.63483082526535,26.999882639339393],[-75.63482997749027,26.999883475278043],[-75.63482883467867,26.999884324038344],[-75.63482798792448,26.99988516080689],[-75.63482804555625,26.99988622492962],[-75.63482724290509,26.999887858003476],[-75.6348264537826,26.99988975889478],[-75.63482535025258,26.99989140504419],[-75.63482456098828,26.99989330331881],[-75.63482469158615,26.999895696680547],[-75.6348238591925,26.999896798607594],[-75.63482305566188,26.99989843346822],[-75.63482315637567,26.99990029306642],[-75.63482205381914,26.99990193917355],[-75.63482126469637,26.99990384006493],[-75.63481957114013,26.999905512729836],[-75.63481842535968,26.999906360744795],[-75.63481674625848,26.999908300312597],[-75.63481471054689,26.99990918787615],[-75.63481307462197,26.999911924663824],[-75.63481010570817,26.999912052811464],[-75.63480836994886,26.999912928214002],[-75.6348063371582,26.999913815650423],[-75.63480342592301,26.999915008792993],[-75.63480075311395,26.99991512582097],[-75.63479872027587,26.99991601238503],[-75.63479694031905,26.999916089737464],[-75.63479397149959,26.999916219629117],[-75.63479219149554,26.999916296109234],[-75.63479011358093,26.99991638641003],[-75.63478922364976,26.999916425958432],[-75.6347871447142,26.999916515429216],[-75.63478536475735,26.99991659278145],[-75.63478443067632,26.999915835152166],[-75.63478235271448,26.99991592458055],[-75.63478140413122,26.99991489917604],[-75.6347792859617,26.99991419212973],[-75.63477741668434,26.999912674296606],[-75.6347743499318,26.999910941845663],[-75.63477248070187,26.999909424884724],[-75.63477030388064,26.999907652885373],[-75.63476937072632,26.99990689434143],[-75.63476843562457,26.999906135882096],[-75.63476719209952,26.999905125043412],[-75.63476625880355,26.99990436388272],[-75.63476536785154,26.99990440260095],[-75.63476439156862,26.9999028477093],[-75.63476320363263,26.999902899333584],[-75.634761365166,26.99990191434925],[-75.6347604761142,26.999901952110573],[-75.63475928720452,26.999902003777144],[-75.63475746309841,26.99990128395126],[-75.6347565741411,26.999901323456996],[-75.63475449520591,26.999901412927105],[-75.63475364840347,26.999902248822828],[-75.63475275842521,26.999902287498628],[-75.6347489571169,26.99990351757082],[-75.63474514144805,26.99990448248437],[-75.6347270723308,26.99991139819545],[-75.63471498119846,26.999918853216585],[-75.63469625228576,26.999930057983995],[-75.63467849988542,26.99994282200222],[-75.63466198998265,26.99995659602819],[-75.63462772872393,26.99998313576509],[-75.63461162659378,26.99999342814683],[-75.63456202004572,27.000022231142776],[-75.63454320390586,27.000031844103],[-75.6344991135959,27.0000526786812],[-75.63448019469301,27.000060430370542],[-75.63445144278238,27.000067809367145],[-75.63442209290741,27.000075212590097],[-75.63440674787259,27.00007748019994],[-75.63440448672736,27.00007797188246],[-75.63439145633163,27.00008080773925],[-75.63436947158692,27.00008682602825],[-75.63435051139095,27.000093779515353],[-75.63433239887996,27.00009989531941],[-75.63431367817913,27.000105774387492],[-75.6342935308658,27.000112776823467],[-75.63428704431136,27.00011385864866],[-75.63428510943082,27.00011660841879],[-75.634282227824,27.00011833094941],[-75.63427673301892,27.000121235405086],[-75.63427212819454,27.00012410118916],[-75.63426712749005,27.000125117575703],[-75.63426246499375,27.00012691836298],[-75.63425306815944,27.000129193270578],[-75.63424172189441,27.000133949298952],[-75.63423033644682,27.000137909680376],[-75.63421909185222,27.000144525264634],[-75.63421330103155,27.000147442579014],[-75.63421075767708,27.000149950381193],[-75.63420878249653,27.000151901930042],[-75.63420590093388,27.000153625330885],[-75.63420422088522,27.00015556580437],[-75.63420129610489,27.000156491111884],[-75.63419955931205,27.000157365674234],[-75.63419753808692,27.00015852100104],[-75.634195801294,27.000159395563326],[-75.63419376556851,27.00016028311453],[-75.63419287558695,27.00016032178515],[-75.63419084278252,27.000161209209356],[-75.63419000838216,27.00016231034442],[-75.63418911742687,27.000162349057295],[-75.63418831392713,27.000163984786607],[-75.63418717110417,27.00016483354018],[-75.63418633865113,27.000165934590616],[-75.63418548891839,27.00016677060912],[-75.6341855754002,27.000168367667914],[-75.63418478611713,27.00017026593938],[-75.6341849732503,27.00017372172695],[-75.634183874571,27.000175367659264],[-75.63418397541128,27.000177229876957],[-75.63418520457452,27.000177975565546],[-75.6341853044411,27.000179837825563],[-75.63418534858491,27.000180635004345],[-75.63418539175497,27.000181432225414],[-75.63418424893175,27.00018228097901],[-75.63418429210179,27.000183078200106],[-75.63418434977206,27.000184143196766],[-75.63418350296027,27.000184979088395],[-75.63418265517468,27.00018581502232],[-75.63418186403842,27.000187715123015],[-75.63418067804503,27.000187766655507],[-75.63417983123314,27.000188602547084],[-75.63417894032477,27.000188642132137],[-75.63417809448657,27.00018947798141],[-75.63417694874198,27.000190326861876],[-75.63417605876006,27.000190365532347],[-75.63417522625936,27.000191465710536],[-75.63417225742813,27.000191595582965],[-75.63416933283497,27.000192524378555],[-75.63416547392728,27.00019269117664],[-75.63416280300773,27.000192807229976],[-75.63415983412919,27.00019293622975],[-75.63415686919276,27.000193065932493],[-75.63415419627849,27.00019318119792],[-75.63415127353804,27.000194108163914],[-75.63414830461221,27.000194236291094],[-75.63414533578083,27.00019436616266],[-75.63414365744099,27.00019630218965],[-75.63414077504319,27.000198028247823],[-75.63413790686192,27.000200016848165],[-75.63413338836662,27.000204477068806],[-75.6341289130403,27.00020973451049],[-75.63412082759355,27.00021968110879],[-75.63410443704716,27.000241177670834],[-75.634092062276,27.000259834923906],[-75.63407944428724,27.000279570247066],[-75.63406395675634,27.00029569967307],[-75.63405665751682,27.000303745508127],[-75.63404941478156,27.000312852893536],[-75.63404578625789,27.000317274442768],[-75.63404315244927,27.000323519372497],[-75.63404159990398,27.000327850721735],[-75.63408436671232,27.00036180502222],[-75.63409565042375,27.00037076315566],[-75.63413547702756,27.000402383202935],[-75.63413624037686,27.000399951868186],[-75.63414075893083,27.00039549251609],[-75.63414814256235,27.000389041199746],[-75.6341517701098,27.000384619687573],[-75.63415459517502,27.000381834735844],[-75.6341574200511,27.000379046295095],[-75.6341590560095,27.0003763095134],[-75.63416556707499,27.0003701645154],[-75.63417206076525,27.000363752740476],[-75.63417662146406,27.000360089779107],[-75.63418202994987,27.000355590883032],[-75.63418782385038,27.000352676057844],[-75.63419995637294,27.000346019268836],[-75.63420580580632,27.000344166035678],[-75.63421219163476,27.00034122374057],[-75.63421891757173,27.000339064890024],[-75.6342256992318,27.00033797112093],[-75.6342417501874,27.000332210694562],[-75.63425778775552,27.00032618506433],[-75.63427219969023,27.00032315892605],[-75.63428452147512,27.000319961320848],[-75.63430673748327,27.00031819426974],[-75.63433160922295,27.000316048655417],[-75.63434413328886,27.000316568459624],[-75.63435965134475,27.000317494976805],[-75.63437438304231,27.00032031963883],[-75.6343908484725,27.00032226724238],[-75.63439988185965,27.000324274628948],[-75.6344076993233,27.00032579891315],[-75.63442297987562,27.000327800620887],[-75.63443954283179,27.000326016022647],[-75.63444043184144,27.000325977392],[-75.63403522430107,27.000655102125748],[-75.63403212585098,27.000652838581466],[-75.63402308909431,27.00064523586564],[-75.63401402158148,27.00063710117053],[-75.63400993240336,27.00063301581781],[-75.63400770963126,27.00063044931678],[-75.6340066756391,27.00062782854173],[-75.6340055553574,27.000623614193717],[-75.63400418218379,27.000620209057587],[-75.63400305893396,27.00061599396437],[-75.63400071744056,27.000605701303083],[-75.63399886927398,27.00059352410258],[-75.63399733147901,27.000581599200554],[-75.6339978904297,27.000575447039054],[-75.6339989324246,27.000572736065347],[-75.63399963523806,27.000569240730698],[-75.63400039576668,27.000566811266804],[-75.63400233066886,27.000564061497403],[-75.63400307665046,27.00056136338521],[-75.6340046694499,27.00055782938176],[-75.63400660449341,27.000555082229088],[-75.63400944276556,27.00055255899234],[-75.63401196983457,27.00054978611673],[-75.63401479374836,27.000546997720587],[-75.6340185231687,27.000544439261308],[-75.63402138825589,27.000542447299757],[-75.63402397479823,27.000540736720936],[-75.63402891888573,27.00053865617703],[-75.63403362360762,27.000537652662782],[-75.6340382716346,27.000535584107713],[-75.63404200100638,27.000533024775383],[-75.63404491227696,27.000531831653042],[-75.6340477918628,27.000530107466766],[-75.63404947410729,27.000528171269615],[-75.63405155004476,27.000528080197153],[-75.63405235355125,27.000526444466544],[-75.63405403574828,27.000524507397092],[-75.63405602432684,27.000522821050055],[-75.63405677040059,27.00052012468237],[-75.63405876287388,27.00051843816614],[-75.63405950899474,27.00051574267074],[-75.63406110179062,27.000512208667022],[-75.63406218991979,27.000510295660895],[-75.63406299352032,27.000508661674758],[-75.63406289272977,27.000506800326654],[-75.63406276317566,27.000504407787805],[-75.6340635956814,27.000503307609133],[-75.63406261916893,27.00050174834528],[-75.6340624753039,27.000499091519494],[-75.63406238887154,27.000497495330634],[-75.63406228817549,27.00049563572709],[-75.6340622016959,27.000494038666048],[-75.63406290464742,27.000490545948754],[-75.63406276064073,27.00048788650638],[-75.63406465241692,27.000484340386695],[-75.63406620204296,27.000480009161247],[-75.63406809377157,27.000476462169377],[-75.63406972876152,27.000473725430492],[-75.63407157732078,27.00046938121656],[-75.63407321444687,27.00046664788199],[-75.63407524623982,27.000465759629286],[-75.63407777510933,27.000462984051577],[-75.63408065766025,27.000461260610123],[-75.6340851617211,27.000456533483632],[-75.63409171207371,27.0004511858799],[-75.63409820869825,27.000444773980934],[-75.63410272720981,27.00044031375762],[-75.6341073322013,27.00043745059469],[-75.63411299256595,27.000432141659772],[-75.63406034030255,27.000390196629464],[-75.63405773922804,27.000388123929685],[-75.63401909995436,27.000357341413817],[-75.63400978225023,27.00036653982763],[-75.63400070298272,27.00037466212636],[-75.63399039070096,27.00038203977422],[-75.63398493903387,27.00038574143808],[-75.63397741138533,27.000389533300243],[-75.63396983843172,27.000392524535638],[-75.63395359226563,27.000400159998545],[-75.63392926467007,27.0004124096013],[-75.63390493989338,27.000424657327013],[-75.63387650158421,27.000437885490353],[-75.63386422501922,27.000441882798487],[-75.63384343965204,27.0004481172646],[-75.6338384379469,27.00044913367227],[-75.63383284226909,27.000450175886108],[-75.63382819410006,27.00045224181376],[-75.63382230055629,27.000453298716906],[-75.63381854339292,27.000455326806847],[-75.63381477080387,27.000457088035184],[-75.6338119919999,27.000460673561903],[-75.63381020818174,27.000460751937577],[-75.63380817633862,27.000461639312384],[-75.63380738713762,27.00046353932751],[-75.6338065403186,27.00046437521672],[-75.63380658348485,27.00046517243892],[-75.63380574824357,27.000466276231005],[-75.63380579140984,27.00046707345322],[-75.63380469174437,27.00046871942542],[-75.63380483574205,27.000471378867996],[-75.63380493652627,27.000473240216113],[-75.63380512354856,27.000476694264236],[-75.63380635290183,27.00047744344753],[-75.63380649671068,27.000480099401255],[-75.6338074759499,27.000481655051757],[-75.6338076199477,27.000484314494436],[-75.63380855309953,27.000485073049642],[-75.63380948625137,27.00048583160481],[-75.63380954391664,27.000486896603007],[-75.63381077210751,27.000487642339664],[-75.6338117062331,27.000488400852515],[-75.6338126423062,27.000489159280754],[-75.6338135744844,27.000489917878234],[-75.63381481810083,27.00049093047625],[-75.63381570910738,27.00049089263906],[-75.63381659909297,27.000490853971915],[-75.63381876335716,27.000492358136675],[-75.63381965334278,27.00049231946953],[-75.63382058746852,27.00049307798229],[-75.63382266539995,27.00049298770245],[-75.63382450298946,27.000493974494045],[-75.63382539297508,27.00049393582682],[-75.6338292518515,27.000493768170063],[-75.63383222074228,27.000493639180416],[-75.63383801160377,27.000490721885054],[-75.63384360631073,27.00048967971306],[-75.63384825438716,27.000487612039905],[-75.63385406169415,27.000484962434985],[-75.63385964287508,27.000483652443798],[-75.63386549140083,27.000481800145046],[-75.63386812111149,27.000480886793074],[-75.63387109000172,27.000480757802244],[-75.63387405597074,27.000480628938252],[-75.63387702486091,27.00048049994722],[-75.63387884799883,27.000481219833993],[-75.63388186005609,27.000481888065032],[-75.63388373988668,27.00048367299218],[-75.63388670877698,27.00048354400084],[-75.63388883084892,27.00048425089946],[-75.63389154397252,27.000484932118155],[-75.63389366604456,27.000485639016663],[-75.633895546802,27.00048742302908],[-75.63389860207411,27.00048888935405],[-75.6339008220117,27.000491457727513],[-75.63390363889073,27.000494001039414],[-75.63390679105511,27.000497328881572],[-75.63390994697296,27.000500653937774],[-75.63391191411316,27.000504033266726],[-75.63391418014022,27.000507398735397],[-75.63391608975567,27.000509715682792],[-75.63391746570284,27.000513118075045],[-75.6339175665371,27.000514980295613],[-75.63391771053878,27.000517639738533],[-75.63391779687369,27.000519234183137],[-75.63391798404288,27.0005226908484],[-75.63391693912463,27.00052540194751],[-75.63391632259545,27.00053049085341],[-75.63391483048503,27.00053588445898],[-75.63391451936364,27.000536988211895],[-75.63391308270216,27.000542090019614],[-75.63391043344912,27.000548068089877],[-75.6339080485249,27.000553502235178],[-75.63390261847292,27.00056306504887],[-75.63390097939123,27.000565798466187],[-75.63389909057382,27.000569345329104],[-75.63389834361477,27.000572043482837],[-75.63389513354758,27.00058417554356],[-75.63389297075658,27.000599191837868],[-75.63389083770085,27.00061473928173],[-75.63388764110898,27.000627138290465],[-75.63388343924319,27.000637446842056],[-75.63387925168658,27.000648019681087],[-75.63387690483309,27.000659582673684],[-75.63387257595667,27.000684020851317],[-75.63387085937546,27.000707278028997],[-75.63387127785136,27.00071498854577],[-75.63387081972283,27.000723002932226],[-75.63386915826625,27.000730802942858],[-75.63386511475008,27.00074403610296],[-75.63386016683904,27.000757041899472],[-75.63385311134599,27.00076960857246],[-75.6338431770355,27.000783895896333],[-75.63383323994181,27.00079818596357],[-75.6338125207733,27.0008276001589],[-75.63379925292494,27.000846296212856],[-75.63373632640989,27.000898328594452],[-75.63373420530162,27.000897621648924],[-75.63372837930955,27.000894410836228],[-75.6337222543352,27.000891212138416],[-75.63371642843856,27.00088800306955],[-75.63371149239096,27.000884752717408],[-75.63370132525652,27.000878264830703],[-75.63369234320162,27.000871726331095],[-75.63368331890955,27.000864389692747],[-75.63367512908185,27.00085595279231],[-75.63366695064435,27.0008477803058],[-75.63365964886255,27.000839304823366],[-75.63365350617816,27.00083024479405],[-75.63364705303002,27.00082093072089],[-75.63364480199043,27.00081695870935],[-75.63364277763071,27.0008133877648],[-75.633638486949,27.00080558056367],[-75.63363416741304,27.00079724042665],[-75.63363196995604,27.000789607194925],[-75.63363163899581,27.000783494568],[-75.63363219783574,27.000777339786843],[-75.63363281433861,27.0007722500054],[-75.63363337322559,27.000766096096758],[-75.63363517767839,27.00076095470518],[-75.63363777231292,27.000753913255377],[-75.63364129722638,27.000747631362547],[-75.63364562867234,27.000739715358637],[-75.63364915641124,27.000733431594472],[-75.63365705792597,27.00072003170869],[-75.6336640272586,27.000705873223364],[-75.6336659160903,27.00070232636312],[-75.63366667936315,27.000699893284676],[-75.63366827218103,27.000696359284863],[-75.63367016115399,27.00069281504136],[-75.63367294196775,27.000689230302974],[-75.63367655603213,27.00068454098502],[-75.63368014142955,27.00067932222025],[-75.63368470314448,27.000675659235384],[-75.63368922169383,27.000671199027416],[-75.63369368276777,27.000665677309218],[-75.6336984973294,27.000661204240533],[-75.63370206725187,27.000655717741534],[-75.63370366025612,27.000652187230752],[-75.6337052128272,27.000647855881223],[-75.63370865130507,27.00063997779853],[-75.63371134671087,27.000634797699693],[-75.63371585080485,27.000630070587306],[-75.63371947936248,27.000625649044984],[-75.6337251858547,27.000621137224815],[-75.63373063755114,27.000617435572305],[-75.63374179397883,27.00060922567215],[-75.63374748596974,27.000604446074853],[-75.6337511145243,27.000600024531764],[-75.6337556330653,27.000595564322076],[-75.6337592586978,27.000591142905716],[-75.63376119282448,27.0005883966722],[-75.63376282977528,27.000585659852717],[-75.63376357479181,27.000582961784467],[-75.63376467738098,27.00058131568502],[-75.63376542337114,27.000578617574558],[-75.63376622702597,27.00057698446273],[-75.63376612619534,27.00057512224151],[-75.63376692985013,27.00057348912973],[-75.63376682901946,27.000571626908567],[-75.63376674273488,27.000570033335688],[-75.63376664190423,27.000568171114537],[-75.63376649804938,27.00056551428757],[-75.63376543525764,27.000562361447454],[-75.63376435810885,27.000558943448016],[-75.63376203553757,27.000554515550945],[-75.6337600252369,27.00055033899572],[-75.6337577620893,27.000546972523672],[-75.63375475819299,27.000540975157733],[-75.63374844905279,27.00053432054578],[-75.63374130457632,27.00052876798092],[-75.63373720091984,27.000524414842264],[-75.63373631098105,27.000524454380923],[-75.63373533461667,27.00052289773024],[-75.63373440146513,27.000522139174244],[-75.63373315488086,27.00052112582969],[-75.63373226591581,27.000521165326006],[-75.6337313759298,27.000521203992367],[-75.63373044273108,27.00052044456406],[-75.63372925381108,27.000520496217874],[-75.63372836382509,27.000520534884206],[-75.63372747388632,27.000520574422776],[-75.6337266270658,27.000521410311503],[-75.63372544106694,27.000521461838357],[-75.63372460869783,27.00052256463081],[-75.63372375895607,27.000523400646415],[-75.63372286897004,27.000523439312712],[-75.63372176930197,27.000525085284337],[-75.63372093698,27.000526188949102],[-75.63371924041746,27.000527860853367],[-75.63371815622165,27.000529774558707],[-75.63371735159251,27.00053140771211],[-75.63371660560114,27.000534105821686],[-75.6337158019457,27.000535738932815],[-75.63371471463961,27.000537649276193],[-75.63371297797423,27.000538526447755],[-75.63371094223302,27.000539413989987],[-75.63371019609964,27.00054210948289],[-75.6337084594341,27.000542986654363],[-75.63370554806335,27.000544178022007],[-75.6337035123219,27.0005450655641],[-75.63369806062933,27.000548767213964],[-75.63368765136103,27.000554282443996],[-75.63367937471976,27.00056077164956],[-75.63367029446756,27.000568894837755],[-75.63366012982652,27.000578928241534],[-75.63364996245053,27.00058896526047],[-75.63364266197675,27.000597007626812],[-75.63363522076119,27.000602396527373],[-75.63363160655649,27.000607083225507],[-75.63362797896838,27.000611504721828],[-75.63362509640157,27.000613228150673],[-75.63362341720732,27.000615166830794],[-75.63362138146304,27.00061605437141],[-75.63361970217416,27.000617991307024],[-75.63361796550586,27.000618868477137],[-75.63361508293856,27.00062059190571],[-75.6336112241025,27.000620760426116],[-75.63360835681807,27.000622748099417],[-75.63360450085584,27.00062291562039],[-75.63359212166186,27.000625054248268],[-75.6335823854274,27.000626542114944],[-75.63357293084931,27.000627751961126],[-75.63356131200794,27.000627457634963],[-75.63354973535664,27.000627960572512],[-75.63353504976219,27.00062593374749],[-75.63352244025083,27.000623818475997],[-75.63351279847384,27.000621570776502],[-75.6335028176154,27.000618540457538],[-75.63348236363004,27.00061436605581],[-75.6334607648618,27.000611040480777],[-75.63343954745996,27.000609296529184],[-75.63342011212251,27.000607477778033],[-75.63335734580643,27.000607539670956],[-75.63331490198519,27.00060938350812],[-75.63330160380359,27.000611025208183],[-75.63328714764145,27.00061325402251],[-75.63326814590859,27.000619408257084],[-75.63325501958181,27.000624242373775],[-75.63324248820125,27.000629050643674],[-75.6332311427728,27.000633806519097],[-75.63320113593443,27.000645504425748],[-75.63318391314128,27.00065158049154],[-75.63317544935798,27.000654613859513],[-75.63316786106513,27.000657340789438],[-75.6331611782773,27.00066029766389],[-75.6331545836611,27.000664847155157],[-75.63314240579552,27.000670704936642],[-75.63313500477568,27.000676891149794],[-75.63312757768261,27.00068254168304],[-75.63311831119756,27.00068720811118],[-75.63310874480285,27.00069188756636],[-75.6330967137769,27.00070040378959],[-75.63308763344608,27.000708526926857],[-75.6330773651164,27.000716700794776],[-75.63306804725508,27.000725899130014],[-75.63305542463442,27.000740038231413],[-75.63304459741002,27.000754366873846],[-75.63303461881824,27.000767856931216],[-75.63303387280045,27.000770555038056],[-75.63303302596955,27.00077139092146],[-75.63302248556322,27.000791035883207],[-75.63301189139202,27.00080961567612],[-75.63300326057083,27.000831577607347],[-75.63299670949266,27.000853446576507],[-75.6329817852539,27.00089646631647],[-75.63295126348955,27.00097560457762],[-75.6329229746699,27.00104105592791],[-75.63290348425019,27.001071215662368],[-75.63288379856243,27.001103249608416],[-75.63287260123279,27.001127186140298],[-75.63286916069929,27.001135064293166],[-75.63286482919769,27.001142981146796],[-75.6328601986169,27.001150908368558],[-75.63285410157427,27.00115916944343],[-75.63284769401905,27.00116717559921],[-75.63283695291383,27.00118309694857],[-75.63283338188366,27.001188582597052],[-75.63282979737826,27.0011938012985],[-75.63282622625259,27.001199285202485],[-75.63282338986483,27.001201808326055],[-75.63282255738083,27.001202909369255],[-75.63282175073083,27.001204541731973],[-75.63282090403445,27.001205380231628],[-75.63281981869113,27.0012072913577],[-75.63281901500943,27.001208924465768],[-75.63281629183588,27.001213575061065],[-75.63280828838798,27.001225113591534],[-75.63279205139767,27.00124394023816],[-75.63277373931975,27.001262856141647],[-75.63276347385036,27.001271030739655],[-75.6327523287951,27.001279508451354],[-75.63274202016561,27.001286885822207],[-75.63273076091934,27.001293236101567],[-75.63272070417283,27.00129980342994],[-75.63271039159538,27.00130718009494],[-75.63270841625211,27.001309129877427],[-75.63270757043269,27.001309966589737],[-75.63270593143388,27.001312702611536],[-75.632704084724,27.001317046729387],[-75.63270346912863,27.0013221364739],[-75.63270286603368,27.00132749320788],[-75.63270199465599,27.00133339316245],[-75.63270083347392,27.001344902027515],[-75.63269739417889,27.001369301563496],[-75.63269558867489,27.00137444299244],[-75.6326928078376,27.001378028584604],[-75.63269125714174,27.00138235984598],[-75.63268312511859,27.00139150578224],[-75.63267503838485,27.00140145234825],[-75.63265676652101,27.00142116646641],[-75.63263930116251,27.001439245603173],[-75.63262907788307,27.00144821833307],[-75.63261886691267,27.001457454562747],[-75.6326089981737,27.001467477650422],[-75.63259970799167,27.001477208075933],[-75.63259613781,27.001482691935315],[-75.63259369418755,27.001487061979713],[-75.63259184936734,27.001491405141657],[-75.63259118866145,27.00149569774755],[-75.63258935546177,27.00150030968597],[-75.6325878919924,27.00150623448558],[-75.63258614398515,27.00151243830201],[-75.63258265927696,27.00151951927311],[-75.63257908821278,27.00152500491953],[-75.63257669163698,27.00153017202136],[-75.63257306394401,27.001534593494224],[-75.63257028212135,27.001538179127454],[-75.63256656987835,27.001541002574175],[-75.63256205125924,27.001545463616978],[-75.63255833623603,27.00154828980708],[-75.63255462125979,27.00155111686929],[-75.63255169547953,27.001552043045937],[-75.63254788067434,27.00155300783566],[-75.63254497216826,27.001554199045867],[-75.63254115648357,27.001555165622122],[-75.63253823172396,27.00155609262833],[-75.63253471098798,27.001557044645203],[-75.63252985407473,27.001560719530612],[-75.63252613895517,27.00156354397515],[-75.63251988358266,27.00156888129771],[-75.63251338663565,27.001575291374003],[-75.63250782687646,27.001582462468996],[-75.63250058383538,27.001591569784367],[-75.63249336959288,27.00160120916537],[-75.63247808393979,27.001621061095054],[-75.63245896512579,27.001641611074422],[-75.63244871392467,27.00165005081193],[-75.63244419524501,27.00165451097892],[-75.63243870021238,27.00165741447453],[-75.63243675175279,27.001659897277012],[-75.63243392676655,27.00166268568134],[-75.63243228969783,27.001665421617883],[-75.63243035860621,27.001668171198627],[-75.63242959514274,27.00167060166011],[-75.63242884812097,27.001673299814478],[-75.63242810290507,27.001675995267586],[-75.63242706083939,27.001678706236323],[-75.63242719024984,27.00168109704443],[-75.63242733420186,27.0016837565023],[-75.632426674506,27.001688049940338],[-75.63242597156307,27.00169154440722],[-75.63242540969804,27.00169769933122],[-75.63242273139429,27.001703143577913],[-75.63242101231057,27.001709882079158],[-75.63241858687127,27.00171451624252],[-75.63241395635117,27.001722446077885],[-75.63240869244805,27.001729601698116],[-75.63240313164687,27.001736771961557],[-75.63239865615893,27.001742030227156],[-75.63239419507019,27.001747554525803],[-75.63238967735532,27.00175201464968],[-75.63238392652667,27.001755728353746],[-75.63238218967669,27.00175660288869],[-75.63237932139116,27.001758591448752],[-75.63237639871087,27.001759520982905],[-75.63237465986604,27.00176039473008],[-75.63237169287105,27.001760523590328],[-75.63236878240686,27.001761714880736],[-75.63236700143082,27.001761792230642],[-75.63236403346201,27.001761921132964],[-75.63236219600253,27.001760936924782],[-75.63235922701281,27.00176106499703],[-75.63235710491956,27.00176035806061],[-75.6323543916699,27.00175967505013],[-75.63235137952843,27.001759005895053],[-75.6323483541027,27.00175807328118],[-75.63234449515919,27.001758240878804],[-75.63234271515695,27.001758318185953],[-75.63233974908856,27.00175844613071],[-75.63233669389,27.001756981492555],[-75.63233372587413,27.001757109521726],[-75.63233114222125,27.001758820808526],[-75.63232822976178,27.001760011310026],[-75.63232530494452,27.001760937438227],[-75.6323223792951,27.00176186622537],[-75.63231980994694,27.001763841800535],[-75.6323168841557,27.001764767970784],[-75.63230944259124,27.001770154176793],[-75.63230294672486,27.00177656681848],[-75.63229664797916,27.001781103414928],[-75.63229112841466,27.001789071857317],[-75.63228308167602,27.00179981314369],[-75.6322758848015,27.001809720167223],[-75.63226961903605,27.001820384105102],[-75.6322614307261,27.001844991664765],[-75.63225290300568,27.001868810493608],[-75.63225232969452,27.00187470013318],[-75.63225266054914,27.001880812792216],[-75.63225280449545,27.001883472252516],[-75.63225299256639,27.00188692889808],[-75.63225425676355,27.00189380362119],[-75.6322536401126,27.001898892544848],[-75.63225388471288,27.00190341162154],[-75.63225326713528,27.00190850145994],[-75.63225236701193,27.001913871102296],[-75.63225086045206,27.00191900042363],[-75.63224558440452,27.001931486242945],[-75.63223636207832,27.00195347213099],[-75.63223281976761,27.001959489840914],[-75.63222844486106,27.001966606847837],[-75.63222368874914,27.001972144829534],[-75.63220740918487,27.001990172419454],[-75.63219724333055,27.00200020838453],[-75.63218701792945,27.002009180299886],[-75.63217709030347,27.002018135785132],[-75.63217229103458,27.00202287653739],[-75.63216777231669,27.002027336698074],[-75.63214532749836,27.002041368113243],[-75.63212401124142,27.002054286499625],[-75.6320994443077,27.00206761096302],[-75.63207507565609,27.002079062820663],[-75.63206132165777,27.00208510958488],[-75.63205153648627,27.002089412014513],[-75.63202589535715,27.00209931829357],[-75.63200023796979,27.00210896036163],[-75.63198795913783,27.002112958412095],[-75.63197478932538,27.002116995153443],[-75.63195667614461,27.002123110556344],[-75.63194448369805,27.002128704802793],[-75.63193200851325,27.00213457536199],[-75.63192100394134,27.002140116271754],[-75.63191064899958,27.00214669560475],[-75.6318889933652,27.002158826953742],[-75.63188607154301,27.002159754687625],[-75.63188053029005,27.002161859310846],[-75.63187384922112,27.002164815156426],[-75.6318615558811,27.002168545413333],[-75.63185022662525,27.002173569720004],[-75.631838880928,27.00217832633187],[-75.63181436831755,27.002187119536018],[-75.63179044671985,27.002195886194926],[-75.63177727674105,27.002199920293606],[-75.63177055057129,27.002202078988176],[-75.63176410787621,27.002203956964983],[-75.6317565779436,27.002207747892204],[-75.63174910750116,27.00221260199682],[-75.63174250979289,27.00221715241834],[-75.63173309089902,27.00222449018807],[-75.63172396714383,27.00223181688938],[-75.63171463161599,27.002240749242468],[-75.63170650133212,27.002249895042933],[-75.63170287258086,27.002254316538046],[-75.63170017698171,27.002259496614418],[-75.63169779481532,27.00226493148786],[-75.63169510018929,27.00227011152201],[-75.63168864837463,27.002293841936723],[-75.63168317679649,27.002319128867356],[-75.63167884420311,27.002343567238366],[-75.63167629644563,27.002367927233106],[-75.6316746809139,27.00239304672681],[-75.63167515579336,27.00240182148439],[-75.63167534286569,27.002405278180746],[-75.63167646295058,27.002409490842457],[-75.63167528724746,27.002420734584117],[-75.6316698117608,27.002446021696283],[-75.63166335997069,27.002469752998614],[-75.63165299559427,27.00249258931226],[-75.63164683042021,27.002505114604933],[-75.6316409057176,27.00251656456745],[-75.63162644813897,27.00253531294849],[-75.63160908398922,27.00255525330295],[-75.63160263308924,27.002562463062965],[-75.63159523161987,27.002568646587658],[-75.63158780130777,27.00257429717149],[-75.63158408721947,27.00257712416547],[-75.63157857778505,27.002579763332825],[-75.6315739725697,27.00258262639856],[-75.63157104673802,27.002583552549023],[-75.63156729242584,27.00258558218544],[-75.63156347560908,27.002586547024396],[-75.63155961759574,27.0025867145485],[-75.63155580175261,27.002587679344867],[-75.63155194276546,27.002587846910938],[-75.63154808475201,27.00258801443457],[-75.63153646761508,27.00258772064662],[-75.6315217787289,27.002585692749484],[-75.63151694339625,27.002584303627632],[-75.6315121512545,27.00258371260792],[-75.6315074022563,27.002583918818125],[-75.63150057721451,27.002584215173506],[-75.63149379336852,27.002585308843173],[-75.63148701146984,27.00258640242774],[-75.63148052364468,27.002587483242742],[-75.63147384252306,27.002590439065383],[-75.6314670577024,27.002591532775405],[-75.63146067260115,27.002594475743557],[-75.63144942759398,27.00260109455632],[-75.63143907440221,27.002607672021398],[-75.63142791562936,27.002615884420322],[-75.63142221075282,27.002620395182905],[-75.63141675884883,27.0026240976059],[-75.63141215469287,27.002626962366513],[-75.63140719303394,27.00262877601277],[-75.6314025448084,27.00263084445716],[-75.6313969920799,27.002632683767516],[-75.63139026864094,27.002634839695464],[-75.63137403006898,27.002637145611995],[-75.63136156308687,27.002637686932314],[-75.63134795418688,27.002639076936806],[-75.6313206718101,27.002635198507054],[-75.63130712775987,27.00263232176407],[-75.6313032266023,27.002631692047398],[-75.63129936761236,27.00263185960328],[-75.63129640155545,27.002631988388213],[-75.6312924428134,27.002630294534267],[-75.63129066176882,27.00263037099208],[-75.63128769279072,27.0026304999036],[-75.63128561484537,27.00263059100116],[-75.63128294476275,27.002630706060383],[-75.63128304553558,27.002632568299884],[-75.63128185658105,27.002632619923606],[-75.63128100971035,27.002633455797827],[-75.63128016283964,27.002634291672],[-75.63127931596891,27.002635127546196],[-75.63127937360053,27.002636192555325],[-75.63127818756722,27.00263624405217],[-75.63127653404545,27.00263871315781],[-75.63127371287571,27.002641501369787],[-75.6312708444809,27.00264348903143],[-75.6312691508806,27.002645163396444],[-75.63126622504289,27.002646089537784],[-75.63126335674211,27.00264807894372],[-75.63126068665883,27.002648194002283],[-75.63125865083293,27.002649081499797],[-75.63125568287501,27.002649211240307],[-75.63125305514761,27.002650127060406],[-75.63124622810423,27.002650422609953],[-75.63123940305553,27.00265071894672],[-75.6312260028232,27.002650499917735],[-75.63122481479493,27.002650550626196],[-75.631223034818,27.00265062878497],[-75.63122121160615,27.00264990796866],[-75.63121913263925,27.002649998234837],[-75.63121824267434,27.002650037750293],[-75.63121616662869,27.002650127889552],[-75.63121438363608,27.002650204430466],[-75.63121353676446,27.002651040304126],[-75.63121146071877,27.0026511304433],[-75.63120972105534,27.002652007703624],[-75.63120859251079,27.00265312159209],[-75.63120689974106,27.002654793297115],[-75.63120610757865,27.002656694306797],[-75.63120407467316,27.00265758167634],[-75.63120238092948,27.002659253423523],[-75.63119949165038,27.002662983581107],[-75.63113850989293,27.00265359403704],[-75.63102718394083,27.002585095345236],[-75.63101329208895,27.0025765481387],[-75.63084224033338,27.002471301818165],[-75.6307875817212,27.002437670584147],[-75.63056459118145,27.00230046595883],[-75.63047307365873,27.002244156503625],[-75.63018677465801,27.00200086603506],[-75.63009981097622,27.001926965525342],[-75.62999671383626,27.00183935609734],[-75.62986847005192,27.001693062965227],[-75.62980837865777,27.001624513737678],[-75.62952879731597,27.00130558182642],[-75.62952579945194,27.0013021623324],[-75.62923730522053,27.00097306516677],[-75.62877227504305,27.000515998952636],[-75.62874591632392,27.000490091537564],[-75.62790065715002,26.999659290011717],[-75.62746868989262,26.99945266679873],[-75.62731363868917,26.999378501932693],[-75.62726098755758,26.999346945148105],[-75.62715309106713,26.999282275916247],[-75.62713439819744,26.99927107154816],[-75.62709601690474,26.9992480660151],[-75.62707756516212,26.999237006800417],[-75.62694657032074,26.9991584931824],[-75.62669160898031,26.999170627183716],[-75.62652768692034,26.999059689131666],[-75.62655567558677,26.998868374140393],[-75.62649595356233,26.99881167175599],[-75.62638894374645,26.998710074190015],[-75.62632820003526,26.99853133305815],[-75.62629363979126,26.99842963679437],[-75.62621394742487,26.998394834623753],[-75.62604171233522,26.99831961761888],[-75.62595039516646,26.998279738879063],[-75.62571785375161,26.998338300397187],[-75.62550487390838,26.998063463764783]]]}},{"type":"Feature","properties":{"Ward_Num":13,"Shape_Leng":19751.7824781,"Shape_Area":15191911.0197},"geometry":{"type":"Polygon","coordinates":[[[-75.61083531333708,26.99935127408495],[-75.61076721872796,26.99927592517894],[-75.60918953637307,26.997864186488354],[-75.60890349345951,26.99760823521433],[-75.60838285844133,26.997142367852085],[-75.60815353196433,26.996937167640983],[-75.60806502541958,26.996856762000636],[-75.6080236268242,26.996819151796505],[-75.60839323395724,26.996462365004874],[-75.60853539122525,26.996328143091777],[-75.60896501521005,26.99592250154498],[-75.60903027784862,26.995851420989457],[-75.60931510573612,26.995541200664046],[-75.60933167599792,26.995523154592444],[-75.60965276121998,26.995173441490717],[-75.60993758813547,26.994863223486604],[-75.61013011500572,26.994653542255733],[-75.61020778547119,26.994568938991517],[-75.61033861536889,26.99442645059428],[-75.61041976778192,26.9943380642683],[-75.61060716989391,26.99413395686084],[-75.61079357191588,26.993930941524813],[-75.61087606558955,26.993841094693252],[-75.61101983227314,26.99368451505144],[-75.61102239244283,26.993681730094814],[-75.61115287631327,26.9935396134861],[-75.61125780757651,26.993381189391965],[-75.61130236057735,26.9933052982646],[-75.61133798698555,26.993244615777538],[-75.61143007935823,26.993087750097214],[-75.61154540861828,26.992891303150913],[-75.6115543324947,26.992876101619967],[-75.6115682801902,26.992852343530306],[-75.6115698454372,26.992804280555372],[-75.6115709848345,26.99276929550387],[-75.61157570866692,26.992624251302466],[-75.61167467363398,26.992450995594854],[-75.61172230420753,26.992367612110694],[-75.61175936030398,26.992302739688633],[-75.6119047996007,26.992069158857717],[-75.611936370733,26.992018454586276],[-75.61210650973223,26.991753923604414],[-75.61225196788277,26.991575072133678],[-75.61252522031467,26.9912558839221],[-75.61258224568152,26.99118927135557],[-75.61261747917108,26.99114582663915],[-75.6127243062344,26.99101300461183],[-75.61283924666807,26.990870096228743],[-75.61293569415305,26.990756978821963],[-75.61304383069036,26.99063015235895],[-75.61305678799982,26.990587880418648],[-75.61309640461843,26.99045864051162],[-75.61312543055314,26.990310590278334],[-75.61315347440643,26.99011887762527],[-75.61317125992714,26.989916969136143],[-75.61323303653634,26.989450474270207],[-75.61326070507184,26.98924153503599],[-75.61327475388373,26.9890587990325],[-75.61328618558534,26.988910104481924],[-75.61330747244304,26.988633213771113],[-75.61330929300276,26.988555422693477],[-75.61328921902276,26.988500341423894],[-75.61328911245711,26.988500047917814],[-75.61321918152754,26.988379050962283],[-75.61318853033023,26.988334293607767],[-75.61308970209167,26.988189985337407],[-75.61304479326253,26.98810633960307],[-75.61298749749992,26.987999620784635],[-75.61294088955486,26.987878485457763],[-75.61307478002777,26.98599896445811],[-75.61307741894394,26.985961924018596],[-75.61307624345083,26.985923834200907],[-75.61307425203479,26.985859293311975],[-75.61307035638183,26.98573302543763],[-75.61306997989223,26.985731017888384],[-75.61302264293431,26.985478285380772],[-75.6124812238561,26.984042225936367],[-75.61248426788137,26.984043195860103],[-75.61254799781263,26.984063501838207],[-75.61293867983736,26.98397690726449],[-75.61393899132061,26.98373792918407],[-75.61405542719092,26.983707131654075],[-75.6141161652533,26.983686755776553],[-75.6146863654665,26.983507113212227],[-75.61494662465167,26.98341896092925],[-75.61508976537644,26.98339077663336],[-75.61514128155765,26.98339123729995],[-75.61523302413444,26.983391725499814],[-75.6153732511898,26.98342292903264],[-75.61548265252453,26.983476968131985],[-75.61557985003871,26.983542272208126],[-75.61569786070382,26.983687202521985],[-75.6157020188166,26.98368431080921],[-75.6157983029974,26.983617344112954],[-75.61605184864864,26.98347026324836],[-75.61607187925324,26.98345673356578],[-75.61610599483807,26.983433690569882],[-75.61612876332389,26.983418311467844],[-75.61616168785491,26.983396072688137],[-75.61621227835727,26.983340243581686],[-75.61621611558027,26.983335201174214],[-75.61630787737847,26.983214642695906],[-75.61632273803028,26.983195119248588],[-75.61633637913944,26.98316379770356],[-75.61636266974921,26.983103432019494],[-75.61636885902021,26.983105855044535],[-75.61667028645361,26.983223855846244],[-75.61705175405898,26.983373186609587],[-75.61760005933391,26.983587827895633],[-75.617533995592,26.98368285345711],[-75.61748757508452,26.983749625570365],[-75.6173183960271,26.98400341532008],[-75.61738767968598,26.98402992860877],[-75.61781725219961,26.984194318477307],[-75.61836103605489,26.984410280780153],[-75.61836357432861,26.98441124356618],[-75.61900957425227,26.98465622257257],[-75.61908074372188,26.984688764789208],[-75.61910384492896,26.984699327890628],[-75.61926912405694,26.984813841398157],[-75.619359159772,26.984894057065386],[-75.6194285072993,26.98496457379916],[-75.61983442097686,26.98559601463427],[-75.61922114564018,26.986242951116978],[-75.61894888466213,26.986522046875944],[-75.61877282146112,26.986714003355228],[-75.61864161816362,26.986848461095246],[-75.6185508680403,26.986959623782404],[-75.61845026506106,26.987094567153875],[-75.61841423436205,26.98717884227748],[-75.61835346637773,26.987375024210742],[-75.61831362709563,26.987652769244495],[-75.61829663098406,26.987800244968668],[-75.61828747258913,26.987862843990037],[-75.61825109772282,26.987941309174],[-75.61815261692603,26.98808489355486],[-75.61793090128008,26.98837518464017],[-75.61813329764769,26.98851431383542],[-75.61820180038404,26.988561403807278],[-75.61824866279261,26.988596266259215],[-75.61836255295779,26.988680991690014],[-75.61856773862998,26.988907930224617],[-75.6186673411667,26.989018093564017],[-75.6187593421376,26.9891418813689],[-75.61877750065432,26.989166315257393],[-75.61886368603307,26.989181638016564],[-75.61895554657872,26.989211260574574],[-75.61936877862998,26.989369336534146],[-75.61956701395636,26.98943547589854],[-75.61960180143717,26.989447083146114],[-75.61961335877383,26.989450938156423],[-75.61961586490993,26.989452242407754],[-75.61978103891177,26.98953814403963],[-75.61993255730476,26.98961057812787],[-75.61997840324769,26.989637535363446],[-75.62006963137217,26.989656503733325],[-75.62018423746801,26.98966270366187],[-75.62025368568669,26.989660359546495],[-75.6206748005405,26.98964615018761],[-75.62110777019026,26.989608056105013],[-75.62166360431125,26.989620449665242],[-75.62229834744255,26.989677519059878],[-75.62229897798453,26.989677575665787],[-75.62229932415919,26.989677607000853],[-75.6223787745716,26.989696617543768],[-75.62244291594301,26.98971196651159],[-75.6225200471004,26.989730422631535],[-75.62295089076959,26.98983351761604],[-75.62299236662561,26.98985667194335],[-75.62306216020546,26.98989563452924],[-75.62315944950818,26.989949946125584],[-75.62316002106894,26.989950265806634],[-75.6233078174296,26.990032775296513],[-75.62300080659276,26.99054111116675],[-75.62279774236693,26.99082626020414],[-75.6227860932741,26.99084261772033],[-75.62276826496466,26.99086765238416],[-75.6226197456692,26.991076207965982],[-75.62238755316493,26.991402262481227],[-75.6221045859143,26.991720115772896],[-75.62186204867848,26.99199255427122],[-75.62185738649346,26.991997791062825],[-75.62163094041108,26.992252155459735],[-75.62130246503303,26.992616850531643],[-75.6212026355825,26.992727685918926],[-75.62119412709936,26.992737132717316],[-75.62118521717825,26.99274702528799],[-75.6210158774662,26.99293503782831],[-75.62061539716666,26.993379680490097],[-75.61970382502948,26.99439178481685],[-75.61951577233646,26.99460057922493],[-75.61950079044183,26.994617213730223],[-75.6194680311263,26.994653585872474],[-75.61936305928994,26.994784213836617],[-75.61926265993009,26.99490915429715],[-75.61922670948005,26.994953891331892],[-75.61922659877251,26.994954028138146],[-75.61902359385333,26.995206652498045],[-75.61868345731146,26.99562992651379],[-75.6186540087307,26.995666573068334],[-75.6182080270222,26.996221566712677],[-75.61817878564199,26.99625723203997],[-75.61587177924159,26.999070913391577],[-75.61568069305372,26.999303972309487],[-75.61533099690428,26.999730481662198],[-75.6153307753204,26.999730752654347],[-75.61533024728072,26.999730335733386],[-75.61532792499129,26.999733189268728],[-75.61532784720825,26.999733285306124],[-75.61521611356793,26.999870598597205],[-75.6151989767161,26.99985677786611],[-75.61519179856138,26.99985098938856],[-75.61519111392484,26.999850437607105],[-75.615190946617,26.999850303210845],[-75.61518350826805,26.999844304795005],[-75.61498484986818,26.99973926294101],[-75.61496834788514,26.999730537968613],[-75.61495645004895,26.999724246310272],[-75.6149556061678,26.999723800207622],[-75.6149482050906,26.999719887058465],[-75.61492805631828,26.999709233780482],[-75.61485638641149,26.999671340400084],[-75.61467604914593,26.999475041978904],[-75.61459998516483,26.999392245232205],[-75.61409933943318,26.999048917269477],[-75.61408168830081,26.999036159020932],[-75.61403621808613,26.99900406527145],[-75.61379033122343,26.998830509929483],[-75.61320549336081,26.998410572032693],[-75.61266397805797,26.998015770277675],[-75.61204441868828,26.99850181035629],[-75.61142797695095,26.998924567307377],[-75.61083531333708,26.99935127408495]]]}},{"type":"Feature","properties":{"Ward_Num":12,"Shape_Leng":20113.1349821,"Shape_Area":19383440.2919},"geometry":{"type":"Polygon","coordinates":[[[-75.60502494553023,26.99321749922579],[-75.60501431418614,26.993209135042058],[-75.60438990034585,26.99271790240492],[-75.60429726993262,26.992633522906107],[-75.60375936103743,26.992531340665415],[-75.60273807279735,26.992335230965136],[-75.60260816986751,26.99231219164405],[-75.60257459240525,26.992306237348558],[-75.60198215465424,26.992201165283745],[-75.60195672158235,26.99219665444758],[-75.60185899914376,26.99217919000461],[-75.60124442065306,26.992069358395934],[-75.60107594669331,26.992050189813074],[-75.6009460374189,26.992030155077572],[-75.60088781347122,26.992011560610866],[-75.60023756766165,26.991872567302956],[-75.59935374831569,26.991701968833276],[-75.59848927802037,26.99153252917593],[-75.59846081458075,26.991526950276285],[-75.59818805784133,26.991476142021966],[-75.59807877807232,26.991455786620666],[-75.59750337179582,26.99134416479742],[-75.59745177958642,26.991334156213245],[-75.59784088365977,26.990504977901953],[-75.59821673318302,26.989639242000045],[-75.5989248418464,26.988067604162243],[-75.59898294418717,26.987938649536453],[-75.59945827447741,26.98688340760054],[-75.59948866027094,26.98681595124205],[-75.59972919818604,26.98628195997438],[-75.59974930360977,26.98620142428881],[-75.59989169129761,26.985631056963786],[-75.60002301194005,26.985105026962195],[-75.60009910265198,26.984800229512427],[-75.60023705897032,26.983978874800947],[-75.60025846018576,26.983851458554536],[-75.60026346292148,26.983821672782955],[-75.60034716866657,26.98329431939149],[-75.60039520367903,26.98299170344251],[-75.60041291160998,26.982880143221628],[-75.60056010069137,26.9819528632855],[-75.60091630251854,26.979328907480202],[-75.60091721989659,26.979322152373864],[-75.60121133126601,26.9794382874241],[-75.60141624601859,26.979517633858684],[-75.60170046627333,26.97962768823701],[-75.60177481343226,26.979656538466816],[-75.60192116408945,26.979713328381848],[-75.60211802368585,26.979803989333146],[-75.6022477782329,26.97988910595169],[-75.60233237388563,26.979958891348044],[-75.60251200893485,26.980179552408643],[-75.60268705825176,26.980390718901553],[-75.60303616861997,26.980742197443995],[-75.60359808766766,26.981290418481546],[-75.60368068353668,26.981394295081245],[-75.60373777384001,26.981475104567867],[-75.60378592770803,26.981567995523527],[-75.60381580411364,26.9816782682235],[-75.60383850125278,26.98180572194313],[-75.60384959293215,26.981867999987145],[-75.60385892709179,26.981864550719816],[-75.6040125553834,26.981807786743985],[-75.60460646053606,26.98151239110753],[-75.6046842895356,26.981474736240806],[-75.60486151466158,26.981388993122977],[-75.60502955824127,26.98130769169748],[-75.60521503938098,26.98123378070159],[-75.60529245450326,26.98121517199312],[-75.60530070611422,26.981213187261215],[-75.60532761734935,26.981206942432852],[-75.60534997300567,26.981201754407653],[-75.60547450334589,26.981172855445376],[-75.60593876675895,26.98107886444096],[-75.60605486167353,26.981055851136507],[-75.60646629390335,26.980979918077267],[-75.60705343899781,26.980893757280636],[-75.60711182094023,26.98088519076363],[-75.60738749699924,26.9808447361439],[-75.60749338428136,26.98083074559792],[-75.6078472979067,26.980783983799522],[-75.60807605349484,26.980761432261804],[-75.60824235013294,26.980757396205707],[-75.60822410370476,26.980951548318615],[-75.6082098742419,26.981042175204745],[-75.60819199165256,26.981156073840513],[-75.60808659550733,26.98156880207829],[-75.60808427669241,26.98157788117966],[-75.60794941962922,26.98211170800024],[-75.60792531581784,26.982214142956153],[-75.60791151270634,26.982272803018308],[-75.60788798231374,26.982391449068153],[-75.6078624414435,26.98248979280545],[-75.60782801722276,26.98257399167598],[-75.60770571687057,26.982817780541637],[-75.60768980450709,26.982848047390586],[-75.60751558969037,26.983179412194836],[-75.60756003276666,26.983200075900484],[-75.60822048888578,26.983507152972212],[-75.60849287525099,26.983623358881108],[-75.60889563948346,26.983808144181015],[-75.6092878580554,26.983977891559565],[-75.60961256930491,26.984135314426013],[-75.60978369141056,26.98421263707041],[-75.60994321156608,26.984298732509526],[-75.6099440999609,26.98429921166532],[-75.610411016633,26.984656746135776],[-75.61073505342152,26.984897733580205],[-75.61129681901129,26.98533525510709],[-75.61163237073694,26.985566953360962],[-75.61176200146012,26.98562294229588],[-75.61185306129728,26.98565260120563],[-75.61211397411884,26.98571107976172],[-75.61302214988969,26.985898997635964],[-75.61307425203479,26.985859293311975],[-75.61307624345083,26.985923834200907],[-75.61307741894394,26.985961924018596],[-75.61307478002777,26.98599896445811],[-75.61294088955486,26.987878485457763],[-75.61298749749992,26.987999620784635],[-75.61304479326253,26.98810633960307],[-75.61308970209167,26.988189985337407],[-75.61318853033023,26.988334293607767],[-75.61321918152754,26.988379050962283],[-75.61328911245711,26.988500047917814],[-75.61328921902276,26.988500341423894],[-75.61330929300276,26.988555422693477],[-75.61330747244304,26.988633213771113],[-75.61328618558534,26.988910104481924],[-75.61327475388373,26.9890587990325],[-75.61326070507184,26.98924153503599],[-75.61323303653634,26.989450474270207],[-75.61317125992714,26.989916969136143],[-75.61315347440643,26.99011887762527],[-75.61312543055314,26.990310590278334],[-75.61309640461843,26.99045864051162],[-75.61305678799982,26.990587880418648],[-75.61304383069036,26.99063015235895],[-75.61293569415305,26.990756978821963],[-75.61283924666807,26.990870096228743],[-75.6127243062344,26.99101300461183],[-75.61261747917108,26.99114582663915],[-75.61258224568152,26.99118927135557],[-75.61252522031467,26.9912558839221],[-75.61225196788277,26.991575072133678],[-75.61210650973223,26.991753923604414],[-75.611936370733,26.992018454586276],[-75.6119047996007,26.992069158857717],[-75.61175936030398,26.992302739688633],[-75.61172230420753,26.992367612110694],[-75.61167467363398,26.992450995594854],[-75.61157570866692,26.992624251302466],[-75.6115709848345,26.99276929550387],[-75.6115698454372,26.992804280555372],[-75.6115682801902,26.992852343530306],[-75.6115543324947,26.992876101619967],[-75.61154540861828,26.992891303150913],[-75.61143007935823,26.993087750097214],[-75.61133798698555,26.993244615777538],[-75.61130236057735,26.9933052982646],[-75.61125780757651,26.993381189391965],[-75.61115287631327,26.9935396134861],[-75.61102239244283,26.993681730094814],[-75.61101983227314,26.99368451505144],[-75.61087606558955,26.993841094693252],[-75.61079357191588,26.993930941524813],[-75.61060716989391,26.99413395686084],[-75.61041976778192,26.9943380642683],[-75.61033861536889,26.99442645059428],[-75.61020778547119,26.994568938991517],[-75.61013011500572,26.994653542255733],[-75.60993758813547,26.994863223486604],[-75.60965276121998,26.995173441490717],[-75.60933167599792,26.995523154592444],[-75.60931510573612,26.995541200664046],[-75.60903027784862,26.995851420989457],[-75.60896501521005,26.99592250154498],[-75.60853539122525,26.996328143091777],[-75.60839323395724,26.996462365004874],[-75.6080236268242,26.996819151796505],[-75.60660885353664,26.995533885014957],[-75.60654314064608,26.99547418761389],[-75.60649702485222,26.995432293951716],[-75.60649461254496,26.995430102277282],[-75.60697021961047,26.994916959155752],[-75.6069263474466,26.994877403746223],[-75.6068889462494,26.99484368177653],[-75.60660377972776,26.994586575084686],[-75.60634825026845,26.99435560263512],[-75.60592992173558,26.993977479145613],[-75.60581937872367,26.993877560103414],[-75.60560067141155,26.993679872958033],[-75.60556142226241,26.99364439450662],[-75.60556421226778,26.993641742290226],[-75.60552005923383,26.993607008733207],[-75.60512922578211,26.993299534457755],[-75.60504998756328,26.993237197821813],[-75.60502494553023,26.99321749922579]]]}},{"type":"Feature","properties":{"Ward_Num":11,"Shape_Leng":40709.9636765,"Shape_Area":39647285.3388},"geometry":{"type":"Polygon","coordinates":[[[-75.59182880104701,26.997150832824353],[-75.59105152823707,26.995813253507773],[-75.59104912613539,26.99581596118073],[-75.5910308330682,26.995836594068518],[-75.59094764308935,26.995930424994736],[-75.59094711748972,26.99593101585591],[-75.59088969620443,26.99599578203303],[-75.5907997663119,26.996097213143344],[-75.59074951684896,26.99615389009032],[-75.59061195348674,26.99630904860629],[-75.59060671264675,26.996305422858416],[-75.59018324663236,26.996012483849203],[-75.58986547846912,26.99579266025556],[-75.58976513224363,26.99570495476876],[-75.58952246726635,26.99549285724517],[-75.58933502643974,26.995329028221306],[-75.58933484828252,26.995328872394648],[-75.58926628991651,26.995268950299504],[-75.58881826395674,26.99487736196844],[-75.58874460271494,26.994812981737915],[-75.58864904775729,26.99472946445571],[-75.58853483767727,26.994629641588688],[-75.58844975087084,26.994555273528807],[-75.58817899398777,26.99431862763799],[-75.5881748372982,26.99431499542704],[-75.58758712413761,26.993801321446746],[-75.587553987544,26.993772360893296],[-75.58649382044297,26.993056643402877],[-75.58582613560417,26.992605895637237],[-75.58580869587438,26.99259412204921],[-75.58541740380802,26.992329965671715],[-75.58517605068171,26.992346727728304],[-75.58453783040947,26.992391059921093],[-75.5844905383006,26.991806775251888],[-75.58448081495503,26.99168665376949],[-75.5844802597396,26.99167979566397],[-75.58447498726514,26.99161465494699],[-75.58447282828187,26.991587977835028],[-75.58445175576183,26.9913276286109],[-75.58442674232994,26.991018598737465],[-75.58442667904384,26.991018601454385],[-75.58442573535686,26.99100694392345],[-75.58442577317659,26.99100662932616],[-75.58421476416147,26.988399529597665],[-75.58442097823553,26.987770921252128],[-75.5844728263425,26.987034526037945],[-75.58436692522037,26.985896009452652],[-75.58425424322999,26.98528692370136],[-75.58400216437991,26.9849063727385],[-75.5836297577263,26.984753449300094],[-75.58340195214643,26.984781383881575],[-75.58310495549419,26.984932097394218],[-75.58298852394194,26.984903514486014],[-75.58298346696854,26.984818412593377],[-75.58305569372035,26.984746693779915],[-75.58432269151143,26.983413947399875],[-75.58408723065891,26.983425177636924],[-75.58383472221398,26.983423566263156],[-75.5838186586615,26.983410677747653],[-75.58373833991358,26.983346233437015],[-75.58368818601183,26.983403245034342],[-75.58356892288212,26.98332700350263],[-75.58345688157092,26.983243589403347],[-75.58335813211467,26.983255126714543],[-75.58320680019901,26.983282827587367],[-75.58306295205534,26.983323826176658],[-75.58295504272579,26.983277767046925],[-75.58286013376176,26.983128674507256],[-75.58300256364348,26.982951191671297],[-75.5827572062159,26.98300556721941],[-75.58262264361632,26.98283276174103],[-75.58252022259886,26.982718164807398],[-75.58251617662413,26.982650081124152],[-75.58266164186139,26.982523660084205],[-75.58266076386096,26.982508881005906],[-75.58265607853552,26.982430045979793],[-75.58259938000715,26.982441284979924],[-75.58250865275721,26.98247880268804],[-75.58245940221575,26.982499168549396],[-75.58247879204637,26.982416995124023],[-75.58248995298428,26.98236969335296],[-75.5824289013464,26.982082431821265],[-75.58234547328662,26.981804770494126],[-75.58232418550202,26.981768434602056],[-75.58232078288906,26.981762627356023],[-75.58217522654131,26.981514180675372],[-75.58183235370755,26.981214754652555],[-75.58152111741533,26.980965025889816],[-75.58136401857838,26.98089570787423],[-75.58128218279221,26.98080572941731],[-75.5810989353937,26.980618172794436],[-75.58096596230217,26.98063305094196],[-75.58092183228942,26.980694898543234],[-75.58085205809613,26.980647019115427],[-75.58076819903397,26.98052299794247],[-75.58066881116038,26.980459461828648],[-75.58066324731904,26.98036584503766],[-75.58058039897473,26.980258845526855],[-75.58055587833917,26.980241159987028],[-75.58048050507725,26.98018679807132],[-75.58026923629168,26.980171271597403],[-75.58025524081035,26.98017619036183],[-75.58007255825135,26.980240397567666],[-75.57986085943283,26.98037851742156],[-75.579770069829,26.9804596612616],[-75.57966519331194,26.980464664191118],[-75.57946995764514,26.98039716586213],[-75.57907956208223,26.980424324801245],[-75.57883622616971,26.980512745494742],[-75.57871582280572,26.980578232882603],[-75.57856327530936,26.980585510986387],[-75.57846186421703,26.980487931970377],[-75.57832437812563,26.980298191892185],[-75.57837804286676,26.98023588883126],[-75.57849144139713,26.980213408884772],[-75.57868913024558,26.98016130352615],[-75.57873275436219,26.98009094417221],[-75.57889230715234,26.980040658799926],[-75.57911361630305,26.980064240000598],[-75.57916525774692,26.979967893316413],[-75.57905937025083,26.97995587571604],[-75.57877283820005,26.979961010496137],[-75.57868551324178,26.97993957189138],[-75.57864181239412,26.979847773966398],[-75.5786360679843,26.979825645487512],[-75.57860461074861,26.979704457085084],[-75.57854184142613,26.979613568538028],[-75.57842237253332,26.97953391997586],[-75.57835563365198,26.979537103749365],[-75.57841038567186,26.979653979413484],[-75.57844657633336,26.9797802747071],[-75.57844326980315,26.979826260463334],[-75.57843610631284,26.97992586625545],[-75.57836387936759,26.97999759065299],[-75.57825250413018,26.980054112778674],[-75.57824044095125,26.98001201425588],[-75.57829359928148,26.979941200097876],[-75.5782699781823,26.979865513491877],[-75.57817860655541,26.97977598983442],[-75.5780617974694,26.979759407546027],[-75.57804360973567,26.979756825977397],[-75.57784187394952,26.97974084621865],[-75.57770037854588,26.979773200758387],[-75.57766058759744,26.979800699166884],[-75.57758098688987,26.97985571073293],[-75.57750724272319,26.979901903332088],[-75.5775030997884,26.979908389897908],[-75.57742851604027,26.980025146796287],[-75.57737232294308,26.98004489737022],[-75.5772101639204,26.97989047208851],[-75.57712630297716,26.979766451085087],[-75.57695013447547,26.979698043350147],[-75.57688541787546,26.979735270173638],[-75.5770274968387,26.97987358327898],[-75.5772032363924,26.980095638587898],[-75.57730363691155,26.980176196158073],[-75.57744111299058,26.98019823670428],[-75.57746774214823,26.98020250567515],[-75.5775515267428,26.980164369299853],[-75.57770551424338,26.98002046582262],[-75.57785350870597,26.979936591443305],[-75.57800453823006,26.979903781630522],[-75.57806933100676,26.98002871207759],[-75.57798005966981,26.98013538859946],[-75.57784261027733,26.980235828992953],[-75.57778396500179,26.98037518358352],[-75.57775240379473,26.980487641204157],[-75.5777896060305,26.980630956179287],[-75.57786241537526,26.98072989922153],[-75.57798441360234,26.980852100020517],[-75.57809761368927,26.981469730657487],[-75.57789739590343,26.98147928280809],[-75.57769566148849,26.98146330324833],[-75.57756716485618,26.981392622680264],[-75.57743368581038,26.981398990690934],[-75.5773163186861,26.981515540631765],[-75.57717229410066,26.98150534325659],[-75.5770659007691,26.98148481549098],[-75.57707991074618,26.981398800584067],[-75.57711045920101,26.98126932292484],[-75.57706076444826,26.981237555136158],[-75.57695942960797,26.98130213312242],[-75.57687615150057,26.98134877947319],[-75.57679937286487,26.981343908351832],[-75.57687809812012,26.98122066665192],[-75.5769462769049,26.981080859085157],[-75.57694743595538,26.981024349072396],[-75.57694872944211,26.98096125591908],[-75.57692257897976,26.980843017610606],[-75.57679559944273,26.980797868324593],[-75.57664904498837,26.980745117447118],[-75.57660483822406,26.98064480973256],[-75.57658771530522,26.98051760539502],[-75.57656856919994,26.98035635872882],[-75.57646412190432,26.980207716486028],[-75.5762791972478,26.979670311285282],[-75.57617821305234,26.979419084117204],[-75.57614548604352,26.97919020417538],[-75.57619004429381,26.978974705390023],[-75.5761864255565,26.978752969883004],[-75.57618086037641,26.978659351161586],[-75.5758762702376,26.978682419170102],[-75.57571858566031,26.978581916804263],[-75.57518857420463,26.97824410231023],[-75.57518199742417,26.978133460553373],[-75.57501975897529,26.977816871575865],[-75.57498053161302,26.977639506781927],[-75.57496391471638,26.977520808892194],[-75.57257997674694,26.975859252867213],[-75.57240431060063,26.975799353990563],[-75.57226273354905,26.97566954561698],[-75.57229075236705,26.97549750254037],[-75.5724480803001,26.975409762760297],[-75.57266888905443,26.975424831658906],[-75.57269301687923,26.975509033393894],[-75.57502076242743,26.97719034856038],[-75.57515315345597,26.977004794192176],[-75.57511198104865,26.976955548201726],[-75.57520175909602,26.9768573781246],[-75.57526301475997,26.976896308645788],[-75.57607618926633,26.97741311220623],[-75.57612884251489,26.977333784471718],[-75.57603797455165,26.977252769414726],[-75.57665618634311,26.97719766759648],[-75.57662295426285,26.976960269979212],[-75.5758998648227,26.977020375805612],[-75.57552787197409,26.976713790151173],[-75.57561562639113,26.976581576150362],[-75.57569190101472,26.97657793672524],[-75.57581526377429,26.97640134684041],[-75.575897960384,26.976184021615662],[-75.57588387308738,26.976107876542947],[-75.57577191316382,26.975993726128124],[-75.57599820821505,26.975940252614592],[-75.57642982706712,26.975055142232716],[-75.57644990799899,26.97501396164506],[-75.57696719772945,26.975197528119914],[-75.5781884996451,26.975630907536697],[-75.57812711646318,26.975768643779112],[-75.57889601726318,26.976041492415597],[-75.5790068202637,26.976080810927257],[-75.57918888194583,26.976295019310236],[-75.57928193154925,26.97645346886252],[-75.57946972040808,26.976773245932765],[-75.57966846778065,26.976835459977764],[-75.57969559851898,26.976905860769023],[-75.57972637098463,26.97703754069094],[-75.57991125065772,26.97705944726395],[-75.58022978170102,26.977013525693067],[-75.58056460830585,26.97704876448827],[-75.58086814655874,26.977136706585032],[-75.58095430359135,26.977235017326603],[-75.58104731598925,26.97783486024904],[-75.58092085613183,26.97783065011732],[-75.5807709087566,26.977817319136292],[-75.58079864612456,26.97789793231824],[-75.58096489004706,26.977992421440504],[-75.582501636905,26.977980572694726],[-75.58269786753655,26.97780734113495],[-75.58288265618714,26.977634655414953],[-75.58312231298949,26.97761298295414],[-75.58347100694574,26.977688529919995],[-75.58394676560977,26.97777850136901],[-75.58420999847009,26.977960544504576],[-75.58456475918732,26.97813822186199],[-75.58480441445133,26.97811655048031],[-75.58476098976737,26.97796499187565],[-75.58452072725578,26.977976450816985],[-75.58441888399183,26.97780719464793],[-75.58438265311302,26.97758359902578],[-75.58443977032321,26.97738627720798],[-75.58461251316778,26.977203923859047],[-75.58479973028753,26.97707209080938],[-75.58500566981692,26.9770622693376],[-75.58524593341554,26.977050811664707],[-75.5853754260268,26.977106088125876],[-75.58560008678957,26.97721827911303],[-75.58569941662564,26.97715208966719],[-75.58570479031098,26.977049413000316],[-75.58548316246434,26.97698828833461],[-75.58523622545768,26.97688740150309],[-75.58497663355638,26.9767666350017],[-75.58485554768238,26.97665974588722],[-75.58480908953197,26.9764571197624],[-75.58484407820009,26.976351013463937],[-75.587739378522,26.977027768441705],[-75.58820305873577,26.977099870917133],[-75.5885960798065,26.977174371740965],[-75.58870931563024,26.97666974601584],[-75.58877812246817,26.97633818069716],[-75.5893444425406,26.976431614446877],[-75.58954691021123,26.976454012042357],[-75.58991522702975,26.976505411247334],[-75.59071754283492,26.97664392794615],[-75.59092339416432,26.97668267731104],[-75.5910408775357,26.976710098942306],[-75.59105446228575,26.97646469464762],[-75.5910852971693,26.976225266787264],[-75.59111664190513,26.97595376375965],[-75.59115206948607,26.975751025592466],[-75.59121620624678,26.975273025995094],[-75.59220207089488,26.97539988103086],[-75.5922628744698,26.975407666271494],[-75.59261216721711,26.975463859324936],[-75.59322347110212,26.9755561253744],[-75.59367167311596,26.975611488861816],[-75.59369434087212,26.9757628947526],[-75.59369705262851,26.975849207152272],[-75.59369248347602,26.97592129794639],[-75.59405572404876,26.976090463432453],[-75.59441036963426,26.97626392535116],[-75.59490382439142,26.976512355758885],[-75.59528300253602,26.97671961423155],[-75.5959315416516,26.977046125142333],[-75.59594871428195,26.97705428142658],[-75.59620622350303,26.97717659473293],[-75.59628091064182,26.97721207006362],[-75.59684955189448,26.9774802304793],[-75.59713777501648,26.977610265805293],[-75.59746873734449,26.977759581569583],[-75.59782698470856,26.97791247831007],[-75.59785540311383,26.97792518605828],[-75.59798401526594,26.977982695646556],[-75.59816437549323,26.97807996827826],[-75.59882637382006,26.978402930354463],[-75.5991096587387,26.978526378189148],[-75.59934016274418,26.978641658421342],[-75.59967233286957,26.978789001882845],[-75.59982661123861,26.978853523563657],[-75.6002747200999,26.97905653212541],[-75.60050120978276,26.979158406745213],[-75.60081229689557,26.979280853669902],[-75.60091721989659,26.979322152373864],[-75.60091630251854,26.979328907480202],[-75.60056010069137,26.9819528632855],[-75.60041291160998,26.982880143221628],[-75.60039520367903,26.98299170344251],[-75.60034716866657,26.98329431939149],[-75.60026346292148,26.983821672782955],[-75.60025846018576,26.983851458554536],[-75.60023705897032,26.983978874800947],[-75.60009910265198,26.984800229512427],[-75.60002301194005,26.985105026962195],[-75.59989169129761,26.985631056963786],[-75.59974930360977,26.98620142428881],[-75.59972919818604,26.98628195997438],[-75.59948866027094,26.98681595124205],[-75.59945827447741,26.98688340760054],[-75.59898294418717,26.987938649536453],[-75.5989248418464,26.988067604162243],[-75.59821673318302,26.989639242000045],[-75.59784088365977,26.990504977901953],[-75.59745177958642,26.991334156213245],[-75.59725834249396,26.991762935063722],[-75.59592857675531,26.994710614080837],[-75.59572510357424,26.995161661426497],[-75.59511154860262,26.996540899386776],[-75.59503531571796,26.9967088137586],[-75.59498460148538,26.996820517760458],[-75.59477295146262,26.997286709948014],[-75.59475120805787,26.997334602863294],[-75.59474878942565,26.997339930631558],[-75.59382182476554,26.99826944010302],[-75.5937804563953,26.99830848094534],[-75.59346867453488,26.998602723025794],[-75.59304146996716,26.999005890656907],[-75.59285339220116,26.99918338769865],[-75.5926998039405,26.998649725064055],[-75.59259237930236,26.99846485983032],[-75.592566067207,26.99841957896929],[-75.59253508151723,26.998366255755414],[-75.59252153586947,26.998342946666728],[-75.59248586474679,26.998281559756172],[-75.5924160635112,26.998161440356096],[-75.5923530282807,26.99805296356719],[-75.5923257542916,26.998006028042433],[-75.5918654115533,26.99721383333956],[-75.59182880104701,26.997150832824353]]]}},{"type":"Feature","properties":{"Ward_Num":17,"Shape_Leng":32387.6921818,"Shape_Area":23626214.3569},"geometry":{"type":"Polygon","coordinates":[[[-75.60359808766766,26.981290418481546],[-75.60303616861997,26.980742197443995],[-75.60268705825176,26.980390718901553],[-75.60251200893485,26.980179552408643],[-75.60233237388563,26.979958891348044],[-75.6022477782329,26.97988910595169],[-75.60211802368585,26.979803989333146],[-75.60192116408945,26.979713328381848],[-75.60177481343226,26.979656538466816],[-75.60170046627333,26.97962768823701],[-75.60141624601859,26.979517633858684],[-75.60121133126601,26.9794382874241],[-75.60091721989659,26.979322152373864],[-75.60081229689557,26.979280853669902],[-75.60050120978276,26.979158406745213],[-75.6002747200999,26.97905653212541],[-75.59982661123861,26.978853523563657],[-75.59967233286957,26.978789001882845],[-75.59934016274418,26.978641658421342],[-75.5991096587387,26.978526378189148],[-75.59882637382006,26.978402930354463],[-75.59816437549323,26.97807996827826],[-75.59798401526594,26.977982695646556],[-75.59785540311383,26.97792518605828],[-75.59782698470856,26.97791247831007],[-75.59746873734449,26.977759581569583],[-75.59713777501648,26.977610265805293],[-75.59684955189448,26.9774802304793],[-75.59628091064182,26.97721207006362],[-75.59620622350303,26.97717659473293],[-75.59594871428195,26.97705428142658],[-75.5959315416516,26.977046125142333],[-75.59528300253602,26.97671961423155],[-75.59490382439142,26.976512355758885],[-75.59441036963426,26.97626392535116],[-75.59405572404876,26.976090463432453],[-75.59369248347602,26.97592129794639],[-75.59369705262851,26.975849207152272],[-75.59369434087212,26.9757628947526],[-75.59367167311596,26.975611488861816],[-75.59322347110212,26.9755561253744],[-75.59261216721711,26.975463859324936],[-75.5922628744698,26.975407666271494],[-75.59220207089488,26.97539988103086],[-75.59121620624678,26.975273025995094],[-75.59115206948607,26.975751025592466],[-75.59111664190513,26.97595376375965],[-75.5910852971693,26.976225266787264],[-75.59105446228575,26.97646469464762],[-75.5910408775357,26.976710098942306],[-75.59092339416432,26.97668267731104],[-75.59071754283492,26.97664392794615],[-75.58991522702975,26.976505411247334],[-75.58954691021123,26.976454012042357],[-75.5893444425406,26.976431614446877],[-75.58877812246817,26.97633818069716],[-75.58870931563024,26.97666974601584],[-75.5885960798065,26.977174371740965],[-75.58820305873577,26.977099870917133],[-75.587739378522,26.977027768441705],[-75.58484407820009,26.976351013463937],[-75.58492575350279,26.97610332289336],[-75.58504007808428,26.975903268964863],[-75.58514660140347,26.975765040292867],[-75.58533806706438,26.975704698667624],[-75.58512787932084,26.975643027309832],[-75.5850176278801,26.975525377681393],[-75.58487418025236,26.97523519329475],[-75.5847843840542,26.975075599322533],[-75.58433445081825,26.97484099928244],[-75.5840507606952,26.97470089379464],[-75.58389717056895,26.974626280079427],[-75.58371948512925,26.974532330683104],[-75.58353399838046,26.974500207511788],[-75.58340034452347,26.974568036166353],[-75.58318954919092,26.974496150591484],[-75.58307331616076,26.974470966929605],[-75.58299444188552,26.974495213546806],[-75.58287268893359,26.97450102066854],[-75.58279994120424,26.974504490942888],[-75.58269272281701,26.974437907461017],[-75.58262104151993,26.974390114356467],[-75.5826228662175,26.974314364628597],[-75.58262435161811,26.97425270794376],[-75.58261251864845,26.974053545662855],[-75.58251062914619,26.97378697960775],[-75.58236119735948,26.973589257722136],[-75.58215698777134,26.97343511732749],[-75.58208166514184,26.973326042376932],[-75.58207600166571,26.973230714904318],[-75.58219318698376,26.973143185213075],[-75.58230395836122,26.973076446373295],[-75.58224201168849,26.97280626573195],[-75.58216197852252,26.972489148109002],[-75.58214261890902,26.97229204635547],[-75.58213088786272,26.972094580676604],[-75.58211274227666,26.971917906050603],[-75.58197943340606,26.97186280805578],[-75.58182566898572,26.971849657341977],[-75.58156032280384,26.971889627248082],[-75.58116374973217,26.972038283734467],[-75.58113109209835,26.972055160084402],[-75.58078526408761,26.972233876854336],[-75.58072019759923,26.9721686962066],[-75.58072823055608,26.972068381107547],[-75.58073776180534,26.971949347246394],[-75.58066420008063,26.971741172805174],[-75.58051603965755,26.97169361230884],[-75.5801286531141,26.97173940507712],[-75.57975051166389,26.971812070812636],[-75.57984481474035,26.971725629959252],[-75.58010773324116,26.971644803414947],[-75.58014223049044,26.971581701834992],[-75.58003983538873,26.971531957341412],[-75.58003578966317,26.971463865425694],[-75.58015378482831,26.971389951442244],[-75.5803962484213,26.97135107196509],[-75.58045888709545,26.971375398158163],[-75.58050309351496,26.971475717749524],[-75.58059705174547,26.971512206937767],[-75.58068817726561,26.971501031815848],[-75.58076722602614,26.971415318792438],[-75.58090405823354,26.971272221934164],[-75.58111554840968,26.971098248761123],[-75.58133749827897,26.970971577103885],[-75.58173049017347,26.970891376006485],[-75.58211585587063,26.97081153813844],[-75.58235427402595,26.970704567175694],[-75.58259936097609,26.97051670021156],[-75.58285705137656,26.97041222442597],[-75.58320627292419,26.970303382748806],[-75.58332727380329,26.970215668574095],[-75.58356199496451,26.969917672826018],[-75.58373898901378,26.969806802075993],[-75.58417194126571,26.96975542606447],[-75.58495238160184,26.969759178797798],[-75.58552444962231,26.969731899195118],[-75.58609651839438,26.96970461960448],[-75.58643530556488,26.969715782581925],[-75.5865523279521,26.969719637485685],[-75.58660465274262,26.969721361680367],[-75.58683408673524,26.969720663869367],[-75.58740736786976,26.969713814435057],[-75.5876287157234,26.96952143441973],[-75.5878975626733,26.969218397616753],[-75.58801588031831,26.968956681263357],[-75.58799970498751,26.968684305067153],[-75.58779339882601,26.96843750363627],[-75.58771150857332,26.96833953856845],[-75.58770443168822,26.96822037376315],[-75.58780500056218,26.968247700385994],[-75.58898724843218,26.96856893415078],[-75.58878334801572,26.97060079463494],[-75.58914357069648,26.970870418185125],[-75.5897774095354,26.970724114328206],[-75.59028932706448,26.97067580845807],[-75.59048868071902,26.970748246837665],[-75.59052906996243,26.97084874894003],[-75.59065613701082,26.970863176106313],[-75.5906987872732,26.97061531711386],[-75.59064453135528,26.97047450443224],[-75.59060709244031,26.970230461520732],[-75.59053055962055,26.970100952640124],[-75.59043894659712,26.969910706454275],[-75.59050993798844,26.96975367825292],[-75.59062730123944,26.96960468246017],[-75.5906682147713,26.969520789232977],[-75.59060858192254,26.96948266010016],[-75.59047189215777,26.969499419684794],[-75.59037074009096,26.969534970605334],[-75.59021420026387,26.96960389098495],[-75.59007569157009,26.96959000869394],[-75.59004492373198,26.969458316952498],[-75.59010508021467,26.96931204839241],[-75.59021282233562,26.96919423899686],[-75.59037898430005,26.969094130400638],[-75.59053552390777,26.969025209852504],[-75.59064092256156,26.96906115752083],[-75.59079503629553,26.968951380727486],[-75.5907865452441,26.96880838328009],[-75.5906263665625,26.968816019223492],[-75.59051437839541,26.968862330246463],[-75.59035177327101,26.968829109960925],[-75.5902674379073,26.968761429356118],[-75.59020537963139,26.96868244433936],[-75.59019178901475,26.967873888287883],[-75.59041273257664,26.96773019437369],[-75.59023027663463,26.967749135847388],[-75.59017885036717,26.96765598562081],[-75.5903927727915,26.967522868484945],[-75.58999713113418,26.96704322761445],[-75.59031137123726,26.966796066923813],[-75.59018205097772,26.966679312440593],[-75.58957542494227,26.966639944364452],[-75.5895565302006,26.966579385780342],[-75.58955046539339,26.966477241602913],[-75.58945483548752,26.96628376376681],[-75.58938198773907,26.966221635786287],[-75.58940828843461,26.966013992731],[-75.58940856872105,26.96601379798528],[-75.5894142366806,26.96600986280778],[-75.58944823581527,26.96602216355287],[-75.58947590387996,26.966032173501205],[-75.58952175290024,26.96604552771719],[-75.58976999336684,26.966136201593596],[-75.58977341123561,26.96613744976648],[-75.58985943846633,26.96617705231828],[-75.59007287888045,26.966302847415065],[-75.59034598740362,26.966485040691378],[-75.5906536634314,26.96672094633768],[-75.59078658404519,26.966823744404227],[-75.5909150849347,26.966923122211398],[-75.59105007071761,26.967055571372587],[-75.59107363086675,26.967086498449437],[-75.59118317849071,26.96725123901685],[-75.5912255557981,26.967382275179638],[-75.59124918938357,26.967495752646876],[-75.5912453587216,26.967824206989338],[-75.59125141573989,26.96802107567775],[-75.5912771228708,26.968183015385126],[-75.5912995517114,26.96828975115313],[-75.59141530227046,26.96851829817459],[-75.59148546295177,26.968602363235256],[-75.59183293153109,26.968952921404163],[-75.59188772854799,26.96900858342674],[-75.59199793869676,26.96904897662643],[-75.59231507449002,26.969037744183204],[-75.59265330360593,26.96904298828231],[-75.59270501972745,26.969168724335688],[-75.59282701731875,26.969407657861296],[-75.5928928188847,26.969472507114713],[-75.59301765039721,26.969555909701143],[-75.59317291210634,26.969636890800697],[-75.59328358710424,26.969712227164536],[-75.5933632576386,26.969780300325883],[-75.5934472323011,26.969880218189992],[-75.59357620094481,26.97001975539535],[-75.5936735215577,26.97008698753696],[-75.59381404901688,26.970136620014102],[-75.59387009628867,26.970145603377855],[-75.59397967073384,26.97016174745782],[-75.59409502828193,26.970153335673334],[-75.594214451676,26.97013210405392],[-75.59444601556955,26.97006182170586],[-75.59491327993916,26.96997739134929],[-75.59538942510079,26.969879913282824],[-75.59592671607398,26.96978243461517],[-75.5963097408872,26.969702021542908],[-75.59637546649789,26.969670724179117],[-75.59644507744042,26.969582909537056],[-75.59653800967506,26.96948135841355],[-75.59674951435275,26.969398436502466],[-75.59697414562187,26.969333342749433],[-75.59733070027725,26.969281386550374],[-75.59742864181966,26.96930488454989],[-75.59749736199076,26.969351141972968],[-75.59767412894138,26.969523365849675],[-75.59789600618078,26.969750742694764],[-75.5984102614633,26.970281778502454],[-75.59851888041557,26.970403833434094],[-75.59878620977683,26.97067857805155],[-75.59898429187818,26.970843960648782],[-75.59914889752275,26.970960434671518],[-75.59937029858023,26.971098482885342],[-75.59971532639845,26.971326792455024],[-75.6000482639451,26.971568304598712],[-75.60019555665691,26.971650639921457],[-75.60043087276665,26.971738493203276],[-75.60066102776923,26.971807167185663],[-75.60083181144428,26.971865074406058],[-75.60114937146687,26.972010197147238],[-75.60124164396262,26.972060189121994],[-75.60151616367256,26.972185025549578],[-75.60163965832001,26.972222543658965],[-75.60167920822494,26.972234559248527],[-75.60182202732962,26.972295741591633],[-75.60218991420005,26.97244299728021],[-75.60226870350851,26.972474534803197],[-75.60233885131501,26.972504214062567],[-75.60256992779192,26.972601983686996],[-75.60274747498724,26.972678993079096],[-75.60275979947079,26.972683263337487],[-75.60283865547349,26.972710584932447],[-75.6029306850369,26.972742815817522],[-75.60309253637647,26.97279949878946],[-75.60330870181026,26.972835819297238],[-75.60349582949989,26.97287247059903],[-75.60364921158707,26.972902511350615],[-75.60378733804089,26.972929564716623],[-75.60410018117021,26.972981676966835],[-75.60446811229093,26.973135086487176],[-75.60485719458707,26.97331954096291],[-75.60532152179437,26.973524691260348],[-75.60534013065572,26.97343153764551],[-75.60536677765407,26.973363243109354],[-75.60537295259125,26.973347418046767],[-75.6054344766272,26.973218225988795],[-75.60556605732637,26.972913787608217],[-75.60565742974826,26.972731698792913],[-75.6060517133977,26.972948344099407],[-75.60628366945753,26.973075794353644],[-75.60690577952455,26.973404548197074],[-75.60800196103598,26.97398072910729],[-75.60835275813024,26.97416755990467],[-75.60835665738092,26.974169636391842],[-75.60901379096623,26.974519621869185],[-75.60901635733569,26.974520988378156],[-75.60890628667215,26.97477098136508],[-75.6088050783016,26.97500084562218],[-75.60877175216379,26.975076536412885],[-75.60853483722742,26.97569387934947],[-75.60843099400059,26.976004769791228],[-75.6084237615215,26.976029421241286],[-75.60839284992375,26.976134791429033],[-75.60836002426461,26.976304983968475],[-75.60835654928384,26.97632300068067],[-75.60832554747442,26.976668300950134],[-75.6083090667635,26.976941856632195],[-75.60828623052588,26.977320915135188],[-75.60827155251424,26.97761590578472],[-75.60824866163384,26.9777995926152],[-75.60821216888841,26.978201489540773],[-75.60817420091031,26.97868698628442],[-75.60814949678276,26.9789892547307],[-75.6081478007214,26.979123370307548],[-75.60815257308789,26.979217355457376],[-75.60816750891847,26.979428379938735],[-75.60817883594297,26.979646375705236],[-75.6082171340184,26.980088420956914],[-75.60821979192593,26.98021455911222],[-75.60824168205006,26.98054277687396],[-75.60824430562218,26.980636065967463],[-75.60824675664315,26.98072319155131],[-75.6082447143417,26.980739041625174],[-75.60824235013294,26.980757396205707],[-75.60807605349484,26.980761432261804],[-75.6078472979067,26.980783983799522],[-75.60749338428136,26.98083074559792],[-75.60738749699924,26.9808447361439],[-75.60711182094023,26.98088519076363],[-75.60705343899781,26.980893757280636],[-75.60646629390335,26.980979918077267],[-75.60605486167353,26.981055851136507],[-75.60593876675895,26.98107886444096],[-75.60547450334589,26.981172855445376],[-75.60534997300567,26.981201754407653],[-75.60532761734935,26.981206942432852],[-75.60530070611422,26.981213187261215],[-75.60529245450326,26.98121517199312],[-75.60521503938098,26.98123378070159],[-75.60502955824127,26.98130769169748],[-75.60486151466158,26.981388993122977],[-75.6046842895356,26.981474736240806],[-75.60460646053606,26.98151239110753],[-75.6040125553834,26.981807786743985],[-75.60385892709179,26.981864550719816],[-75.60384959293215,26.981867999987145],[-75.60383850125278,26.98180572194313],[-75.60381580411364,26.9816782682235],[-75.60378592770803,26.981567995523527],[-75.60373777384001,26.981475104567867],[-75.60368068353668,26.981394295081245],[-75.60359808766766,26.981290418481546]]]}},{"type":"Feature","properties":{"Ward_Num":18,"Shape_Leng":22288.7651101,"Shape_Area":20892977.8509},"geometry":{"type":"Polygon","coordinates":[[[-75.5894142366806,26.96600986280778],[-75.58955108927583,26.96492939413004],[-75.58947434846921,26.96352904717943],[-75.58949724280329,26.963477924402795],[-75.58970170606028,26.963021369432166],[-75.58972653795776,26.962965920358084],[-75.58978300587596,26.962839830124004],[-75.5897863552491,26.962832351287716],[-75.58981239461636,26.96281105673747],[-75.59040234166835,26.962328598418917],[-75.59134868038392,26.9620290412559],[-75.59136490967062,26.962023903463248],[-75.59149464306334,26.962019103497777],[-75.59207615758665,26.961997584498725],[-75.59289947897523,26.961967118567664],[-75.59297466204482,26.961964336125327],[-75.5930787709151,26.961960483689484],[-75.59336995744533,26.961905482233924],[-75.59348894727005,26.96188300636866],[-75.59361069801427,26.961860008554627],[-75.59487781009821,26.96140495582086],[-75.59520086982899,26.961288937488906],[-75.59553786375076,26.96112900949705],[-75.59577212176679,26.961017835686828],[-75.59632032219628,26.960757669156028],[-75.59661325878457,26.96094862949669],[-75.59690906007467,26.96113362746263],[-75.59725174427581,26.96134941115186],[-75.59765959755929,26.96161939089324],[-75.59784535132424,26.961726111523728],[-75.59784807923478,26.96172513734952],[-75.59833462040861,26.961551290833015],[-75.59857433482975,26.96146870871741],[-75.59883844648992,26.961377720591127],[-75.59913756109135,26.961265536101465],[-75.59939017741627,26.96117079011671],[-75.59997875546918,26.96094753649121],[-75.60011792674194,26.960895161299163],[-75.60014717422425,26.96088415486005],[-75.60081649552303,26.960625007160033],[-75.60189113287413,26.960199902044238],[-75.60211393804599,26.960103981796777],[-75.60245678764144,26.95995637982957],[-75.60247636794105,26.959981467083033],[-75.60249771345411,26.960008816482606],[-75.60258982406708,26.960110287477466],[-75.60298602130835,26.96052045022503],[-75.60301672329958,26.960552234261144],[-75.60304972226756,26.96059201974757],[-75.60317766728838,26.960746277829774],[-75.6031779040497,26.960746563071357],[-75.6030193028476,26.960839316946878],[-75.60296095395962,26.960873440738602],[-75.60296018006028,26.960874051921866],[-75.60279762353491,26.96100233984628],[-75.60279724450513,26.961002638539757],[-75.60269462297016,26.961117271001303],[-75.602608160184,26.961219480829755],[-75.6026008135505,26.961237782940387],[-75.6025696072098,26.961315522702915],[-75.60253113616169,26.961438751767915],[-75.6025283654445,26.961447626569502],[-75.60251016500395,26.96160194221904],[-75.60251020367203,26.961846680817626],[-75.60252764369487,26.962103645606135],[-75.60254857366243,26.962412029678582],[-75.60255129754222,26.962607109929504],[-75.6025434621867,26.962705573919017],[-75.60251035732664,26.962825636843917],[-75.60245089526697,26.962976091349347],[-75.60244191841743,26.962997500633463],[-75.60233953081858,26.963241678369357],[-75.60226546986287,26.963485092560695],[-75.60225938744287,26.9635191814067],[-75.60225218707606,26.963559536217478],[-75.6022449957918,26.963638253953157],[-75.60222438381643,26.96386387527618],[-75.60221043279478,26.96441521153011],[-75.60219359961343,26.964511191825718],[-75.60230495989127,26.964584553895072],[-75.6024069804208,26.964663216509624],[-75.60270561439263,26.965045241374472],[-75.60309427399396,26.965398697640303],[-75.60327211843325,26.965521338138444],[-75.60342061338095,26.96559681684961],[-75.60362297843834,26.965671671499297],[-75.6040090722532,26.965764967301695],[-75.60408547033998,26.965780947641694],[-75.60447425123898,26.96586226614687],[-75.60458457041621,26.965877406491398],[-75.60497500770272,26.965894742589125],[-75.6051148365818,26.965891966751084],[-75.60593932042119,26.965915822004593],[-75.60610591227126,26.965916627317668],[-75.60623835294628,26.965938484085775],[-75.60635818578777,26.965964826509037],[-75.6065930982256,26.966032304813062],[-75.6067535081108,26.966078080774732],[-75.60688893555567,26.966150298602095],[-75.60708855747728,26.96628744301062],[-75.60716094171242,26.966327699854208],[-75.60757565908226,26.96661873502232],[-75.60782623286542,26.96680104302322],[-75.60795220825176,26.966903818260306],[-75.60856311379352,26.967382667537226],[-75.6090434025368,26.967775473431004],[-75.60931443630164,26.967977205022567],[-75.60983094303609,26.968383827006512],[-75.61018353475998,26.96867199886848],[-75.61037960087708,26.968817085130134],[-75.61049273390593,26.968879683294716],[-75.61062678053325,26.968928659391427],[-75.61074225812786,26.968962979999844],[-75.61098994388391,26.969015285214653],[-75.61104851258932,26.969026093637623],[-75.61117279203407,26.969049696371044],[-75.61120249852961,26.96905533929079],[-75.61137969534765,26.969088991655777],[-75.61173541037894,26.969185685365893],[-75.61167337031083,26.969346949097744],[-75.61160812656938,26.96954915647599],[-75.61154855867868,26.969765662984845],[-75.61153254894643,26.969830954052302],[-75.61150904113367,26.96992682497458],[-75.6114999261183,26.969959699460656],[-75.61145665121782,26.970115768467874],[-75.61144872881988,26.97014433860438],[-75.61133168533962,26.97033342796962],[-75.61108016418062,26.970739769672935],[-75.61102225805935,26.970843346290028],[-75.61085758860115,26.971137889719227],[-75.610762086322,26.971318230383222],[-75.61045059204503,26.971844903985982],[-75.61015600457961,26.972371745652815],[-75.60984050233479,26.972898613331278],[-75.60967647803635,26.973171573500377],[-75.60938189388892,26.973698417670523],[-75.60924956433773,26.973990265988316],[-75.60919675489946,26.974116359902844],[-75.60918191171801,26.974151800437657],[-75.60901635733569,26.974520988378156],[-75.60901379096623,26.974519621869185],[-75.60835665738092,26.974169636391842],[-75.60835275813024,26.97416755990467],[-75.60800196103598,26.97398072910729],[-75.60690577952455,26.973404548197074],[-75.60628366945753,26.973075794353644],[-75.6060517133977,26.972948344099407],[-75.60565742974826,26.972731698792913],[-75.60556605732637,26.972913787608217],[-75.6054344766272,26.973218225988795],[-75.60537295259125,26.973347418046767],[-75.60536677765407,26.973363243109354],[-75.60534013065572,26.97343153764551],[-75.60532152179437,26.973524691260348],[-75.60485719458707,26.97331954096291],[-75.60446811229093,26.973135086487176],[-75.60410018117021,26.972981676966835],[-75.60378733804089,26.972929564716623],[-75.60364921158707,26.972902511350615],[-75.60349582949989,26.97287247059903],[-75.60330870181026,26.972835819297238],[-75.60309253637647,26.97279949878946],[-75.6029306850369,26.972742815817522],[-75.60283865547349,26.972710584932447],[-75.60275979947079,26.972683263337487],[-75.60274747498724,26.972678993079096],[-75.60256992779192,26.972601983686996],[-75.60233885131501,26.972504214062567],[-75.60226870350851,26.972474534803197],[-75.60218991420005,26.97244299728021],[-75.60182202732962,26.972295741591633],[-75.60167920822494,26.972234559248527],[-75.60163965832001,26.972222543658965],[-75.60151616367256,26.972185025549578],[-75.60124164396262,26.972060189121994],[-75.60114937146687,26.972010197147238],[-75.60083181144428,26.971865074406058],[-75.60066102776923,26.971807167185663],[-75.60043087276665,26.971738493203276],[-75.60019555665691,26.971650639921457],[-75.6000482639451,26.971568304598712],[-75.59971532639845,26.971326792455024],[-75.59937029858023,26.971098482885342],[-75.59914889752275,26.970960434671518],[-75.59898429187818,26.970843960648782],[-75.59878620977683,26.97067857805155],[-75.59851888041557,26.970403833434094],[-75.5984102614633,26.970281778502454],[-75.59789600618078,26.969750742694764],[-75.59767412894138,26.969523365849675],[-75.59749736199076,26.969351141972968],[-75.59742864181966,26.96930488454989],[-75.59733070027725,26.969281386550374],[-75.59697414562187,26.969333342749433],[-75.59674951435275,26.969398436502466],[-75.59653800967506,26.96948135841355],[-75.59644507744042,26.969582909537056],[-75.59637546649789,26.969670724179117],[-75.5963097408872,26.969702021542908],[-75.59592671607398,26.96978243461517],[-75.59538942510079,26.969879913282824],[-75.59491327993916,26.96997739134929],[-75.59444601556955,26.97006182170586],[-75.594214451676,26.97013210405392],[-75.59409502828193,26.970153335673334],[-75.59397967073384,26.97016174745782],[-75.59387009628867,26.970145603377855],[-75.59381404901688,26.970136620014102],[-75.5936735215577,26.97008698753696],[-75.59357620094481,26.97001975539535],[-75.5934472323011,26.969880218189992],[-75.5933632576386,26.969780300325883],[-75.59328358710424,26.969712227164536],[-75.59317291210634,26.969636890800697],[-75.59301765039721,26.969555909701143],[-75.5928928188847,26.969472507114713],[-75.59282701731875,26.969407657861296],[-75.59270501972745,26.969168724335688],[-75.59265330360593,26.96904298828231],[-75.59231507449002,26.969037744183204],[-75.59199793869676,26.96904897662643],[-75.59188772854799,26.96900858342674],[-75.59183293153109,26.968952921404163],[-75.59148546295177,26.968602363235256],[-75.59141530227046,26.96851829817459],[-75.5912995517114,26.96828975115313],[-75.5912771228708,26.968183015385126],[-75.59125141573989,26.96802107567775],[-75.5912453587216,26.967824206989338],[-75.59124918938357,26.967495752646876],[-75.5912255557981,26.967382275179638],[-75.59118317849071,26.96725123901685],[-75.59107363086675,26.967086498449437],[-75.59105007071761,26.967055571372587],[-75.5909150849347,26.966923122211398],[-75.59078658404519,26.966823744404227],[-75.5906536634314,26.96672094633768],[-75.59034598740362,26.966485040691378],[-75.59007287888045,26.966302847415065],[-75.58985943846633,26.96617705231828],[-75.58977341123561,26.96613744976648],[-75.58976999336684,26.966136201593596],[-75.58952175290024,26.96604552771719],[-75.58947590387996,26.966032173501205],[-75.58944823581527,26.96602216355287],[-75.5894142366806,26.96600986280778]]]}},{"type":"Feature","properties":{"Ward_Num":19,"Shape_Leng":22635.0012101,"Shape_Area":24670047.5242},"geometry":{"type":"Polygon","coordinates":[[[-75.59632032219628,26.960757669156028],[-75.59632231271372,26.960755532731532],[-75.59678535464474,26.96025857539755],[-75.59680257972971,26.96023360713057],[-75.59700978026723,26.95993326003835],[-75.59747890528283,26.95920974448642],[-75.597624996996,26.958586742163373],[-75.59762572968398,26.958583617093925],[-75.59762940759947,26.958567934305975],[-75.59783791060802,26.95768319326853],[-75.59768157913756,26.956866818945393],[-75.5975083712765,26.956392523676215],[-75.59727217560928,26.95574574952852],[-75.59723789252347,26.955607906820003],[-75.59713966628628,26.955212958379967],[-75.59686341637827,26.953726656558345],[-75.59686038504499,26.953710348808944],[-75.59711746092799,26.95360875198485],[-75.59730559600152,26.95352500869632],[-75.59772817175649,26.953351429929008],[-75.59800738109672,26.95323985466995],[-75.59824690900776,26.95314413580987],[-75.59834948354072,26.953090879838616],[-75.59841785006788,26.953055384959896],[-75.59841990767352,26.953054521840862],[-75.59911263220492,26.95276395327969],[-75.59925990784943,26.95269672466333],[-75.59968690529037,26.952507973534907],[-75.60020546054892,26.952278751863894],[-75.6006362958131,26.95213586105093],[-75.6008085583103,26.952055789169762],[-75.60085411474623,26.952023512942926],[-75.60088912334065,26.95196260509699],[-75.60090199654319,26.951813405696935],[-75.60091269694124,26.95169538725649],[-75.60116474701685,26.951698917625254],[-75.6014596633098,26.95172238030033],[-75.60157703920711,26.951731718213573],[-75.60189310166875,26.95171569026828],[-75.60198285176484,26.951736664614593],[-75.6020876760537,26.951767603722235],[-75.6023486772479,26.951854228050763],[-75.60296541413427,26.95203753073186],[-75.60365310142897,26.95223687786588],[-75.604069303435,26.952376321925765],[-75.6045123249179,26.95250671899104],[-75.60468603671208,26.952559627478397],[-75.60504200067508,26.952660182603672],[-75.60525921231796,26.952727528498087],[-75.60614061104394,26.9529914618316],[-75.60680806215078,26.95318886597274],[-75.60693191336111,26.953228611990482],[-75.60693887854389,26.953230822516847],[-75.60698988858442,26.953247014403072],[-75.60738948922783,26.95337385805145],[-75.60806868853012,26.953579445671302],[-75.6082824631805,26.953642032496926],[-75.60843387681562,26.953686362190968],[-75.60883910297987,26.953804397925143],[-75.6089496785003,26.95383660770528],[-75.60911502272484,26.953884997896402],[-75.60944341466254,26.95398110573911],[-75.61048504418204,26.954287920569858],[-75.61096829337292,26.954445545160617],[-75.61138150451859,26.95456183230524],[-75.61227779151953,26.954846437561862],[-75.61334474533662,26.955159824788446],[-75.61414640682317,26.955395526077318],[-75.6143320364476,26.955459525732735],[-75.61456368642833,26.955539787424932],[-75.6148739105841,26.955656125074118],[-75.61487110034676,26.95567097114323],[-75.61472012395558,26.956468543427214],[-75.61461530460562,26.956980483686106],[-75.61451786373048,26.95735902317089],[-75.61442244407156,26.95786663353073],[-75.61437267631017,26.958167153011786],[-75.61431980727497,26.958401780764945],[-75.61425091205516,26.958813926422444],[-75.61413079971325,26.959366418838048],[-75.61394624543787,26.960161862848178],[-75.6137538538305,26.96105577214835],[-75.61354409117311,26.961873788396776],[-75.61341900720014,26.962491595138413],[-75.61322336739218,26.963479874894038],[-75.61314480040937,26.96394590622545],[-75.61311490102285,26.964065816299467],[-75.61298432663746,26.96474022057431],[-75.61290994735276,26.965222565501378],[-75.61289008743546,26.965416780931204],[-75.61287287110444,26.965669143481083],[-75.61286119475709,26.96578430203552],[-75.61285537206989,26.965826354856393],[-75.6128262706688,26.96603653636952],[-75.61278594098208,26.966577478014155],[-75.61278506550647,26.9665867277058],[-75.61277209208187,26.966723819350868],[-75.61273183664764,26.966953970542267],[-75.61267313696227,26.96725298559768],[-75.61259672828885,26.967464740730218],[-75.61253977661498,26.96762256974336],[-75.61241688596203,26.967856657126628],[-75.61189065887507,26.96881894094069],[-75.61180117430835,26.969019389008736],[-75.61173541037894,26.969185685365893],[-75.61137969534765,26.969088991655777],[-75.61120249852961,26.96905533929079],[-75.61117279203407,26.969049696371044],[-75.61104851258932,26.969026093637623],[-75.61098994388391,26.969015285214653],[-75.61074225812786,26.968962979999844],[-75.61062678053325,26.968928659391427],[-75.61049273390593,26.968879683294716],[-75.61037960087708,26.968817085130134],[-75.61018353475998,26.96867199886848],[-75.60983094303609,26.968383827006512],[-75.60931443630164,26.967977205022567],[-75.6090434025368,26.967775473431004],[-75.60856311379352,26.967382667537226],[-75.60795220825176,26.966903818260306],[-75.60782623286542,26.96680104302322],[-75.60757565908226,26.96661873502232],[-75.60716094171242,26.966327699854208],[-75.60708855747728,26.96628744301062],[-75.60688893555567,26.966150298602095],[-75.6067535081108,26.966078080774732],[-75.6065930982256,26.966032304813062],[-75.60635818578777,26.965964826509037],[-75.60623835294628,26.965938484085775],[-75.60610591227126,26.965916627317668],[-75.60593932042119,26.965915822004593],[-75.6051148365818,26.965891966751084],[-75.60497500770272,26.965894742589125],[-75.60458457041621,26.965877406491398],[-75.60447425123898,26.96586226614687],[-75.60408547033998,26.965780947641694],[-75.6040090722532,26.965764967301695],[-75.60362297843834,26.965671671499297],[-75.60342061338095,26.96559681684961],[-75.60327211843325,26.965521338138444],[-75.60309427399396,26.965398697640303],[-75.60270561439263,26.965045241374472],[-75.6024069804208,26.964663216509624],[-75.60230495989127,26.964584553895072],[-75.60219359961343,26.964511191825718],[-75.60221043279478,26.96441521153011],[-75.60222438381643,26.96386387527618],[-75.6022449957918,26.963638253953157],[-75.60225218707606,26.963559536217478],[-75.60225938744287,26.9635191814067],[-75.60226546986287,26.963485092560695],[-75.60233953081858,26.963241678369357],[-75.60244191841743,26.962997500633463],[-75.60245089526697,26.962976091349347],[-75.60251035732664,26.962825636843917],[-75.6025434621867,26.962705573919017],[-75.60255129754222,26.962607109929504],[-75.60254857366243,26.962412029678582],[-75.60252764369487,26.962103645606135],[-75.60251020367203,26.961846680817626],[-75.60251016500395,26.96160194221904],[-75.6025283654445,26.961447626569502],[-75.60253113616169,26.961438751767915],[-75.6025696072098,26.961315522702915],[-75.6026008135505,26.961237782940387],[-75.602608160184,26.961219480829755],[-75.60269462297016,26.961117271001303],[-75.60279724450513,26.961002638539757],[-75.60279762353491,26.96100233984628],[-75.60296018006028,26.960874051921866],[-75.60296095395962,26.960873440738602],[-75.6030193028476,26.960839316946878],[-75.6031779040497,26.960746563071357],[-75.60317766728838,26.960746277829774],[-75.60304972226756,26.96059201974757],[-75.60301672329958,26.960552234261144],[-75.60298602130835,26.96052045022503],[-75.60258982406708,26.960110287477466],[-75.60249771345411,26.960008816482606],[-75.60247636794105,26.959981467083033],[-75.60245678764144,26.95995637982957],[-75.60211393804599,26.960103981796777],[-75.60189113287413,26.960199902044238],[-75.60081649552303,26.960625007160033],[-75.60014717422425,26.96088415486005],[-75.60011792674194,26.960895161299163],[-75.59997875546918,26.96094753649121],[-75.59939017741627,26.96117079011671],[-75.59913756109135,26.961265536101465],[-75.59883844648992,26.961377720591127],[-75.59857433482975,26.96146870871741],[-75.59833462040861,26.961551290833015],[-75.59784807923478,26.96172513734952],[-75.59784535132424,26.961726111523728],[-75.59765959755929,26.96161939089324],[-75.59725174427581,26.96134941115186],[-75.59690906007467,26.96113362746263],[-75.59661325878457,26.96094862949669],[-75.59632032219628,26.960757669156028]]]}},{"type":"Feature","properties":{"Ward_Num":15,"Shape_Leng":22731.7601265,"Shape_Area":21568073.4781},"geometry":{"type":"Polygon","coordinates":[[[-75.61760005933391,26.983587827895633],[-75.61767265184571,26.983483409510875],[-75.6177047652985,26.98343721675931],[-75.61786497829654,26.983243753808697],[-75.6178879127139,26.983216060752138],[-75.61792248002584,26.983174319039257],[-75.61810147126278,26.983004564759387],[-75.61873837190998,26.982381518122907],[-75.61899406931165,26.982131379609854],[-75.61905120206028,26.982075488816346],[-75.61924665197071,26.981878321841545],[-75.61936546800261,26.981758461941453],[-75.6194152279906,26.98171095834799],[-75.61952382337647,26.981607287187988],[-75.61970276976317,26.981436453842527],[-75.61975808823246,26.981378206631035],[-75.6197729129483,26.98136259726231],[-75.61977741226279,26.98135786001342],[-75.61981483964193,26.981318451396977],[-75.62010985985982,26.98104313604739],[-75.62005400312994,26.98099846239711],[-75.62004898387067,26.980994448604935],[-75.61993334361865,26.98090196241656],[-75.61961946060087,26.98063564282901],[-75.61958432220386,26.98060582763815],[-75.61952626761672,26.980562942303873],[-75.61946488800754,26.98051827155402],[-75.619374279954,26.980441969155304],[-75.61917719266461,26.980232256762545],[-75.6191742020262,26.980229073891234],[-75.61873701355422,26.979707918550325],[-75.61828285740688,26.979158435159654],[-75.61819414224121,26.979100497645085],[-75.61822485810524,26.979068342695854],[-75.61852365160681,26.978755553441147],[-75.61861996348647,26.978629561151788],[-75.61864849041316,26.978554387077914],[-75.61868863783067,26.978390274976796],[-75.61875439161024,26.978155985581793],[-75.61883984821539,26.977846942071665],[-75.61894896667563,26.977502778893005],[-75.61909528942259,26.977113168535517],[-75.61917478067005,26.976901506354036],[-75.61930118997226,26.976862466053404],[-75.61945075118525,26.976833978971534],[-75.61971085298867,26.976797316959992],[-75.61985164703233,26.976770218623557],[-75.62005082954175,26.97671023219948],[-75.62022940681707,26.976617243590283],[-75.62023969344453,26.97661188682149],[-75.62032116856673,26.976545828492185],[-75.62033641339487,26.976533467964853],[-75.62035180552425,26.97650329547936],[-75.62040344278614,26.97640207215037],[-75.62043219771127,26.97630357788652],[-75.62043274338923,26.976301322435745],[-75.62050132745678,26.976017653715665],[-75.62055585467138,26.975803030203306],[-75.62059199594987,26.975660774998435],[-75.62064605872374,26.97539207959988],[-75.62067550806907,26.975141295414637],[-75.62067759991555,26.975123484991286],[-75.62071527929879,26.974904132644987],[-75.62072129737322,26.974875059586093],[-75.62076218421288,26.97467754293381],[-75.62076700526553,26.974647352089633],[-75.62080031920306,26.974438744153506],[-75.620825982564,26.974355937956577],[-75.62088149406435,26.974220235547612],[-75.62094743811953,26.974113567486327],[-75.62099161251037,26.974042113206327],[-75.6210559563705,26.97396038064457],[-75.62122263453229,26.973772767159005],[-75.6212849641586,26.97370876980505],[-75.62129285700888,26.97370066508948],[-75.62133047157117,26.97366204344339],[-75.62136736043941,26.973624167436757],[-75.62136917698933,26.973622302774846],[-75.62152218903348,26.973465195612956],[-75.62171012661342,26.97326977274105],[-75.62179022759443,26.973168836693834],[-75.62181451604746,26.973145524944425],[-75.62195312887529,26.97301248418592],[-75.62208457551911,26.97288232653438],[-75.62242504075064,26.972545198668694],[-75.6225917180056,26.972395729350367],[-75.62262977204749,26.972361603433622],[-75.62273875498664,26.9722592936068],[-75.62288263925174,26.972175718709],[-75.62308417436596,26.972101054535486],[-75.62322863261491,26.97202716463999],[-75.62325300118195,26.972014910111106],[-75.62327895038928,26.97200186236584],[-75.62328410149573,26.971999272677966],[-75.62336158962896,26.971933126738715],[-75.62336292987169,26.97193198291197],[-75.62338022045606,26.971917223810784],[-75.6234479791232,26.97185938640879],[-75.62345233954406,26.971854404268694],[-75.6234838532273,26.971818399732854],[-75.62358813033585,26.971699261463836],[-75.6236985967637,26.97152695308297],[-75.62370544062007,26.971529983509075],[-75.62377804841934,26.971562135965833],[-75.62378455841896,26.9715650182635],[-75.62411209820986,26.97171005563492],[-75.6245066412234,26.97188476218499],[-75.62507220967441,26.972101627274213],[-75.62619395065924,26.97256688907098],[-75.6265023807063,26.9727076105574],[-75.62608262169839,26.97326759103812],[-75.6261980383569,26.973314546194214],[-75.62631053563791,26.973380093280003],[-75.62659152105017,26.97357359656637],[-75.62665387407009,26.973621134569363],[-75.62672195772913,26.973670341899105],[-75.62695630553901,26.973945706355895],[-75.62722510110994,26.974300045982023],[-75.62741062263225,26.97455248309291],[-75.62762846400251,26.974807267151863],[-75.62782619129618,26.975062037439205],[-75.62797703863005,26.975272419746574],[-75.62805647574174,26.975404614087005],[-75.62810668469143,26.975505177436748],[-75.62812583020137,26.97555671430051],[-75.62820888628195,26.975777120489127],[-75.628280878386,26.97594657718017],[-75.62833578458432,26.976031376996293],[-75.62838358246988,26.97609126300401],[-75.6284429551208,26.976142827851273],[-75.62872301580913,26.97628004683083],[-75.62884351857143,26.97631922931069],[-75.62890020648732,26.976337661250138],[-75.62907865783103,26.97638938887218],[-75.62926765119717,26.976428959180407],[-75.62934574430746,26.976429689343234],[-75.62935297695338,26.976429756529487],[-75.62940564034042,26.976435992113146],[-75.62949004966283,26.976434890151186],[-75.62981559506085,26.976430085983733],[-75.6300182773456,26.976401989430403],[-75.63020451174847,26.97635427885723],[-75.63043905254565,26.976293587539285],[-75.63051159988864,26.9762959632516],[-75.63059687009228,26.976309389681226],[-75.63081382925346,26.976372882778787],[-75.6310231704739,26.976457135387193],[-75.6312675276125,26.97658925562908],[-75.6314930858754,26.976704663240174],[-75.63152804451684,26.976722550407967],[-75.63165200008359,26.976791440464215],[-75.63194735951609,26.976942502306294],[-75.63207572640634,26.977004384145804],[-75.63222770280682,26.977070969774942],[-75.63239801702551,26.977134740919926],[-75.63273016068423,26.977241318713112],[-75.63289818044137,26.977293544344665],[-75.63309680347861,26.97737345134326],[-75.6334925600777,26.97754887754099],[-75.63392086607853,26.977730525734525],[-75.63441014577256,26.97796366526348],[-75.63459513175401,26.97807141732051],[-75.6347530709531,26.978184340693407],[-75.63513129653661,26.978430533054045],[-75.63532848782542,26.978540619083372],[-75.63540596778054,26.978599095019003],[-75.63496090109477,26.979383673702056],[-75.63487461501097,26.979529582419733],[-75.63469258687132,26.97981116554976],[-75.63457754386161,26.9800555680861],[-75.63425388541289,26.980580877772297],[-75.63400330520862,26.980922448292564],[-75.63398975729854,26.98094091563363],[-75.6337913052245,26.98116161302049],[-75.63379036092121,26.98116266290084],[-75.63378647243258,26.981166987899552],[-75.63377603184247,26.981178598343647],[-75.6336200004501,26.981233612463097],[-75.63298865755986,26.98148120923011],[-75.632708832567,26.981532546681272],[-75.6326169951597,26.981549395168113],[-75.6325041091275,26.981558650043397],[-75.63171293473077,26.981674960548677],[-75.63148567475749,26.981722679919873],[-75.6312931178004,26.98175396528435],[-75.63125807635477,26.98175965793992],[-75.6309023951678,26.981817446289465],[-75.63036243576416,26.98191015335792],[-75.6303649472113,26.981924544970234],[-75.63036508862389,26.98192535535006],[-75.63043066916669,26.982301243993966],[-75.6305504333487,26.982842374896208],[-75.63058685148876,26.983117456022597],[-75.6305973604103,26.983321896567823],[-75.63056671010982,26.983388430458763],[-75.63049801253344,26.98346454465827],[-75.63038668271972,26.983554342438055],[-75.63027288427092,26.983602493472088],[-75.63027186748977,26.98373463552188],[-75.6302881088242,26.983954344331163],[-75.63027866900114,26.984093686091498],[-75.63027023052403,26.984142759950085],[-75.63025593414373,26.984225890972183],[-75.62995529675521,26.984179686118324],[-75.62982644181145,26.984159881082025],[-75.62908420992093,26.9843733561698],[-75.62889477456828,26.98442784129511],[-75.62842962401453,26.984561628797895],[-75.62743164061888,26.984848659857885],[-75.62739323691748,26.985630487493918],[-75.62739136583737,26.98566857057115],[-75.6270977289868,26.985680743071864],[-75.62707436938553,26.985681711868907],[-75.62653011016526,26.9857017832066],[-75.62646662362678,26.98569859746081],[-75.62624204729852,26.98568732441138],[-75.62613695298471,26.985678727200927],[-75.6258569715905,26.985678453423816],[-75.62556008580333,26.9856780123155],[-75.62523437596988,26.985679914699322],[-75.62514030178453,26.985680131588026],[-75.62503396984789,26.985680376327878],[-75.62467252087528,26.986980961465797],[-75.62439132360912,26.98784020043527],[-75.62401687851313,26.988695611867076],[-75.62391623239402,26.988925531957157],[-75.62343639023874,26.989819890006828],[-75.6233078174296,26.990032775296513],[-75.62316002106894,26.989950265806634],[-75.62315944950818,26.989949946125584],[-75.62306216020546,26.98989563452924],[-75.62299236662561,26.98985667194335],[-75.62295089076959,26.98983351761604],[-75.6225200471004,26.989730422631535],[-75.62244291594301,26.98971196651159],[-75.6223787745716,26.989696617543768],[-75.62229932415919,26.989677607000853],[-75.62229897798453,26.989677575665787],[-75.62229834744255,26.989677519059878],[-75.62166360431125,26.989620449665242],[-75.62110777019026,26.989608056105013],[-75.6206748005405,26.98964615018761],[-75.62025368568669,26.989660359546495],[-75.62018423746801,26.98966270366187],[-75.62006963137217,26.989656503733325],[-75.61997840324769,26.989637535363446],[-75.61993255730476,26.98961057812787],[-75.61978103891177,26.98953814403963],[-75.61961586490993,26.989452242407754],[-75.61961335877383,26.989450938156423],[-75.61960180143717,26.989447083146114],[-75.61956701395636,26.98943547589854],[-75.61936877862998,26.989369336534146],[-75.61895554657872,26.989211260574574],[-75.61886368603307,26.989181638016564],[-75.61877750065432,26.989166315257393],[-75.6187593421376,26.9891418813689],[-75.6186673411667,26.989018093564017],[-75.61856773862998,26.988907930224617],[-75.61836255295779,26.988680991690014],[-75.61824866279261,26.988596266259215],[-75.61820180038404,26.988561403807278],[-75.61813329764769,26.98851431383542],[-75.61793090128008,26.98837518464017],[-75.61815261692603,26.98808489355486],[-75.61825109772282,26.987941309174],[-75.61828747258913,26.987862843990037],[-75.61829663098406,26.987800244968668],[-75.61831362709563,26.987652769244495],[-75.61835346637773,26.987375024210742],[-75.61841423436205,26.98717884227748],[-75.61845026506106,26.987094567153875],[-75.6185508680403,26.986959623782404],[-75.61864161816362,26.986848461095246],[-75.61877282146112,26.986714003355228],[-75.61894888466213,26.986522046875944],[-75.61922114564018,26.986242951116978],[-75.61983442097686,26.98559601463427],[-75.6194285072993,26.98496457379916],[-75.619359159772,26.984894057065386],[-75.61926912405694,26.984813841398157],[-75.61910384492896,26.984699327890628],[-75.61908074372188,26.984688764789208],[-75.61900957425227,26.98465622257257],[-75.61836357432861,26.98441124356618],[-75.61836103605489,26.984410280780153],[-75.61781725219961,26.984194318477307],[-75.61738767968598,26.98402992860877],[-75.6173183960271,26.98400341532008],[-75.61748757508452,26.983749625570365],[-75.617533995592,26.98368285345711],[-75.61760005933391,26.983587827895633]]]}},{"type":"Feature","properties":{"Ward_Num":16,"Shape_Leng":20864.8972408,"Shape_Area":21369407.9951},"geometry":{"type":"Polygon","coordinates":[[[-75.60824235013294,26.980757396205707],[-75.6082447143417,26.980739041625174],[-75.60824675664315,26.98072319155131],[-75.60824430562218,26.980636065967463],[-75.60824168205006,26.98054277687396],[-75.60821979192593,26.98021455911222],[-75.6082171340184,26.980088420956914],[-75.60817883594297,26.979646375705236],[-75.60816750891847,26.979428379938735],[-75.60815257308789,26.979217355457376],[-75.6081478007214,26.979123370307548],[-75.60814949678276,26.9789892547307],[-75.60817420091031,26.97868698628442],[-75.60821216888841,26.978201489540773],[-75.60824866163384,26.9777995926152],[-75.60827155251424,26.97761590578472],[-75.60828623052588,26.977320915135188],[-75.6083090667635,26.976941856632195],[-75.60832554747442,26.976668300950134],[-75.60835654928384,26.97632300068067],[-75.60836002426461,26.976304983968475],[-75.60839284992375,26.976134791429033],[-75.6084237615215,26.976029421241286],[-75.60843099400059,26.976004769791228],[-75.60853483722742,26.97569387934947],[-75.60877175216379,26.975076536412885],[-75.6088050783016,26.97500084562218],[-75.60890628667215,26.97477098136508],[-75.60901635733569,26.974520988378156],[-75.60918191171801,26.974151800437657],[-75.60919675489946,26.974116359902844],[-75.60924956433773,26.973990265988316],[-75.60938189388892,26.973698417670523],[-75.60967647803635,26.973171573500377],[-75.60984050233479,26.972898613331278],[-75.61015600457961,26.972371745652815],[-75.61045059204503,26.971844903985982],[-75.610762086322,26.971318230383222],[-75.61085758860115,26.971137889719227],[-75.61102225805935,26.970843346290028],[-75.61108016418062,26.970739769672935],[-75.61133168533962,26.97033342796962],[-75.61144872881988,26.97014433860438],[-75.61145665121782,26.970115768467874],[-75.6114999261183,26.969959699460656],[-75.61150904113367,26.96992682497458],[-75.61153254894643,26.969830954052302],[-75.61154855867868,26.969765662984845],[-75.61160812656938,26.96954915647599],[-75.61167337031083,26.969346949097744],[-75.61173541037894,26.969185685365893],[-75.61180117430835,26.969019389008736],[-75.61189065887507,26.96881894094069],[-75.61241688596203,26.967856657126628],[-75.61253977661498,26.96762256974336],[-75.61259672828885,26.967464740730218],[-75.61267313696227,26.96725298559768],[-75.61273183664764,26.966953970542267],[-75.61277209208187,26.966723819350868],[-75.61278506550647,26.9665867277058],[-75.61278594098208,26.966577478014155],[-75.6128262706688,26.96603653636952],[-75.61285537206989,26.965826354856393],[-75.61286119475709,26.96578430203552],[-75.61287491039278,26.96578756660305],[-75.61292820854824,26.965800251927014],[-75.61294643840236,26.96580459055547],[-75.61298360667885,26.965813436469666],[-75.61328276556468,26.96594681558819],[-75.61383392521144,26.96624592834622],[-75.61412478047718,26.966429235861987],[-75.61465961163435,26.966778659316223],[-75.61517252369464,26.967108332232183],[-75.6152124932139,26.967134022690527],[-75.615504836065,26.967301720930582],[-75.61579350656478,26.967448228639057],[-75.61622436649492,26.96768605920942],[-75.6164137806906,26.967813982946243],[-75.61653310469998,26.96791319373716],[-75.61704381140738,26.968317188102215],[-75.61761269101069,26.968793198049145],[-75.61800188860083,26.969106872166112],[-75.61809514214696,26.969182029125253],[-75.61913815900061,26.970056013319294],[-75.61946471981067,26.970326009030707],[-75.61961894765486,26.970471150496145],[-75.61981312414737,26.970679461910496],[-75.61993199487719,26.970838913148135],[-75.62003419056829,26.971002071045024],[-75.6200985017023,26.971123327278697],[-75.62020690798721,26.971472666398185],[-75.62028871710442,26.971753342773695],[-75.6203937499831,26.97216791570006],[-75.6204672387318,26.97236255022244],[-75.62057562412507,26.972535127358174],[-75.62071523876955,26.972691648837934],[-75.62082567503785,26.97276312031154],[-75.62136993449866,26.973027615046693],[-75.62145245960271,26.97307613459151],[-75.6216954231565,26.97325872376848],[-75.62171012661342,26.97326977274105],[-75.62152218903348,26.973465195612956],[-75.62136917698933,26.973622302774846],[-75.62136736043941,26.973624167436757],[-75.62133047157117,26.97366204344339],[-75.62129285700888,26.97370066508948],[-75.6212849641586,26.97370876980505],[-75.62122263453229,26.973772767159005],[-75.6210559563705,26.97396038064457],[-75.62099161251037,26.974042113206327],[-75.62094743811953,26.974113567486327],[-75.62088149406435,26.974220235547612],[-75.620825982564,26.974355937956577],[-75.62080031920306,26.974438744153506],[-75.62076700526553,26.974647352089633],[-75.62076218421288,26.97467754293381],[-75.62072129737322,26.974875059586093],[-75.62071527929879,26.974904132644987],[-75.62067759991555,26.975123484991286],[-75.62067550806907,26.975141295414637],[-75.62064605872374,26.97539207959988],[-75.62059199594987,26.975660774998435],[-75.62055585467138,26.975803030203306],[-75.62050132745678,26.976017653715665],[-75.62043274338923,26.976301322435745],[-75.62043219771127,26.97630357788652],[-75.62040344278614,26.97640207215037],[-75.62035180552425,26.97650329547936],[-75.62033641339487,26.976533467964853],[-75.62032116856673,26.976545828492185],[-75.62023969344453,26.97661188682149],[-75.62022940681707,26.976617243590283],[-75.62005082954175,26.97671023219948],[-75.61985164703233,26.976770218623557],[-75.61971085298867,26.976797316959992],[-75.61945075118525,26.976833978971534],[-75.61930118997226,26.976862466053404],[-75.61917478067005,26.976901506354036],[-75.61909528942259,26.977113168535517],[-75.61894896667563,26.977502778893005],[-75.61883984821539,26.977846942071665],[-75.61875439161024,26.978155985581793],[-75.61868863783067,26.978390274976796],[-75.61864849041316,26.978554387077914],[-75.61861996348647,26.978629561151788],[-75.61852365160681,26.978755553441147],[-75.61822485810524,26.979068342695854],[-75.61819414224121,26.979100497645085],[-75.61828285740688,26.979158435159654],[-75.61873701355422,26.979707918550325],[-75.6191742020262,26.980229073891234],[-75.61917719266461,26.980232256762545],[-75.619374279954,26.980441969155304],[-75.61946488800754,26.98051827155402],[-75.61952626761672,26.980562942303873],[-75.61958432220386,26.98060582763815],[-75.61961946060087,26.98063564282901],[-75.61993334361865,26.98090196241656],[-75.62004898387067,26.980994448604935],[-75.62005400312994,26.98099846239711],[-75.62010985985982,26.98104313604739],[-75.61981483964193,26.981318451396977],[-75.61977741226279,26.98135786001342],[-75.6197729129483,26.98136259726231],[-75.61975808823246,26.981378206631035],[-75.61970276976317,26.981436453842527],[-75.61952382337647,26.981607287187988],[-75.6194152279906,26.98171095834799],[-75.61936546800261,26.981758461941453],[-75.61924665197071,26.981878321841545],[-75.61905120206028,26.982075488816346],[-75.61899406931165,26.982131379609854],[-75.61873837190998,26.982381518122907],[-75.61810147126278,26.983004564759387],[-75.61792248002584,26.983174319039257],[-75.6178879127139,26.983216060752138],[-75.61786497829654,26.983243753808697],[-75.6177047652985,26.98343721675931],[-75.61767265184571,26.983483409510875],[-75.61760005933391,26.983587827895633],[-75.61705175405898,26.983373186609587],[-75.61667028645361,26.983223855846244],[-75.61636885902021,26.983105855044535],[-75.61636266974921,26.983103432019494],[-75.61633637913944,26.98316379770356],[-75.61632273803028,26.983195119248588],[-75.61630787737847,26.983214642695906],[-75.61621611558027,26.983335201174214],[-75.61621227835727,26.983340243581686],[-75.61616168785491,26.983396072688137],[-75.61612876332389,26.983418311467844],[-75.61610599483807,26.983433690569882],[-75.61607187925324,26.98345673356578],[-75.61605184864864,26.98347026324836],[-75.6157983029974,26.983617344112954],[-75.6157020188166,26.98368431080921],[-75.61569786070382,26.983687202521985],[-75.61557985003871,26.983542272208126],[-75.61548265252453,26.983476968131985],[-75.6153732511898,26.98342292903264],[-75.61523302413444,26.983391725499814],[-75.61514128155765,26.98339123729995],[-75.61508976537644,26.98339077663336],[-75.61494662465167,26.98341896092925],[-75.6146863654665,26.983507113212227],[-75.6141161652533,26.983686755776553],[-75.61405542719092,26.983707131654075],[-75.61393899132061,26.98373792918407],[-75.61293867983736,26.98397690726449],[-75.61254799781263,26.984063501838207],[-75.61248426788137,26.984043195860103],[-75.6124812238561,26.984042225936367],[-75.61302264293431,26.985478285380772],[-75.61306997989223,26.985731017888384],[-75.61307035638183,26.98573302543763],[-75.61307425203479,26.985859293311975],[-75.61302214988969,26.985898997635964],[-75.61211397411884,26.98571107976172],[-75.61185306129728,26.98565260120563],[-75.61176200146012,26.98562294229588],[-75.61163237073694,26.985566953360962],[-75.61129681901129,26.98533525510709],[-75.61073505342152,26.984897733580205],[-75.610411016633,26.984656746135776],[-75.6099440999609,26.98429921166532],[-75.60994321156608,26.984298732509526],[-75.60978369141056,26.98421263707041],[-75.60961256930491,26.984135314426013],[-75.6092878580554,26.983977891559565],[-75.60889563948346,26.983808144181015],[-75.60849287525099,26.983623358881108],[-75.60822048888578,26.983507152972212],[-75.60756003276666,26.983200075900484],[-75.60751558969037,26.983179412194836],[-75.60768980450709,26.982848047390586],[-75.60770571687057,26.982817780541637],[-75.60782801722276,26.98257399167598],[-75.6078624414435,26.98248979280545],[-75.60788798231374,26.982391449068153],[-75.60791151270634,26.982272803018308],[-75.60792531581784,26.982214142956153],[-75.60794941962922,26.98211170800024],[-75.60808427669241,26.98157788117966],[-75.60808659550733,26.98156880207829],[-75.60819199165256,26.981156073840513],[-75.6082098742419,26.981042175204745],[-75.60822410370476,26.980951548318615],[-75.60824235013294,26.980757396205707]]]}},{"type":"Feature","properties":{"Ward_Num":22,"Shape_Leng":53013.3402778,"Shape_Area":108845122.806},"geometry":{"type":"Polygon","coordinates":[[[-75.6419766910217,26.981407726606182],[-75.64197058823942,26.981380270746676],[-75.64196991836818,26.981377257621013],[-75.64196393331967,26.981350335159114],[-75.6419276688638,26.98118719855746],[-75.64190418260424,26.98108154258562],[-75.64187791226426,26.980948286348273],[-75.64184467555035,26.980735635259826],[-75.64185846950767,26.980506731498867],[-75.64189288474103,26.98015058380091],[-75.64154791659516,26.98009899732229],[-75.64098943363379,26.98000122997389],[-75.6404352480637,26.9799081146896],[-75.64016546207613,26.97987626475882],[-75.6398829404939,26.979859707587163],[-75.63986353056572,26.979858570436882],[-75.63981800736786,26.979857323931157],[-75.639811236306,26.979857138650946],[-75.63942275288869,26.979846507013676],[-75.63933441099508,26.97984685160021],[-75.6392224783987,26.97984728892251],[-75.63899704985047,26.979873739909873],[-75.63895802577973,26.979878318358793],[-75.63881780626043,26.979901497744535],[-75.63864635703379,26.979927133615096],[-75.63850923268275,26.979961821554905],[-75.63832529341896,26.980007475976475],[-75.63830585499956,26.980012240698624],[-75.63812863256824,26.980055679268723],[-75.63777519213268,26.980132705654007],[-75.63777328740488,26.98013311895649],[-75.63776266700287,26.980135419381327],[-75.63749956831035,26.980192433962284],[-75.63728273604791,26.980239654243753],[-75.6367528061892,26.98036586802764],[-75.6364375881768,26.980449819953876],[-75.63603813421055,26.98053777773386],[-75.63586204493505,26.98058014696293],[-75.63552064030954,26.980670201632616],[-75.6351401364798,26.980760354855114],[-75.63471537472951,26.98086099139119],[-75.63445895006144,26.980946032940217],[-75.6344216403313,26.98096174246302],[-75.63421532045032,26.98104861665706],[-75.63415989668273,26.981071954037297],[-75.63404016653091,26.981105217822545],[-75.63402383287259,26.981109754952193],[-75.63377603184247,26.981178598343647],[-75.63378647243258,26.981166987899552],[-75.63379036092121,26.98116266290084],[-75.6337913052245,26.98116161302049],[-75.63398975729854,26.98094091563363],[-75.63400330520862,26.980922448292564],[-75.63425388541289,26.980580877772297],[-75.63457754386161,26.9800555680861],[-75.63469258687132,26.97981116554976],[-75.63487461501097,26.979529582419733],[-75.63496090109477,26.979383673702056],[-75.63540596778054,26.978599095019003],[-75.63532848782542,26.978540619083372],[-75.63513129653661,26.978430533054045],[-75.6347530709531,26.978184340693407],[-75.63459513175401,26.97807141732051],[-75.63441014577256,26.97796366526348],[-75.63392086607853,26.977730525734525],[-75.6334925600777,26.97754887754099],[-75.63309680347861,26.97737345134326],[-75.63289818044137,26.977293544344665],[-75.63273016068423,26.977241318713112],[-75.63239801702551,26.977134740919926],[-75.63222770280682,26.977070969774942],[-75.63207572640634,26.977004384145804],[-75.63194735951609,26.976942502306294],[-75.63165200008359,26.976791440464215],[-75.63152804451684,26.976722550407967],[-75.6314930858754,26.976704663240174],[-75.6312675276125,26.97658925562908],[-75.6310231704739,26.976457135387193],[-75.63081382925346,26.976372882778787],[-75.63059687009228,26.976309389681226],[-75.63051159988864,26.9762959632516],[-75.63043905254565,26.976293587539285],[-75.63020451174847,26.97635427885723],[-75.6300182773456,26.976401989430403],[-75.62981559506085,26.976430085983733],[-75.62949004966283,26.976434890151186],[-75.62940564034042,26.976435992113146],[-75.62935297695338,26.976429756529487],[-75.62934574430746,26.976429689343234],[-75.62926765119717,26.976428959180407],[-75.62907865783103,26.97638938887218],[-75.62890020648732,26.976337661250138],[-75.62884351857143,26.97631922931069],[-75.62872301580913,26.97628004683083],[-75.6284429551208,26.976142827851273],[-75.62838358246988,26.97609126300401],[-75.62833578458432,26.976031376996293],[-75.628280878386,26.97594657718017],[-75.62820888628195,26.975777120489127],[-75.62812583020137,26.97555671430051],[-75.62810668469143,26.975505177436748],[-75.62805647574174,26.975404614087005],[-75.62797703863005,26.975272419746574],[-75.62782619129618,26.975062037439205],[-75.62762846400251,26.974807267151863],[-75.62741062263225,26.97455248309291],[-75.62722510110994,26.974300045982023],[-75.62695630553901,26.973945706355895],[-75.62672195772913,26.973670341899105],[-75.62665387407009,26.973621134569363],[-75.62659152105017,26.97357359656637],[-75.62631053563791,26.973380093280003],[-75.6261980383569,26.973314546194214],[-75.62608262169839,26.97326759103812],[-75.6265023807063,26.9727076105574],[-75.62619395065924,26.97256688907098],[-75.62507220967441,26.972101627274213],[-75.6245066412234,26.97188476218499],[-75.62411209820986,26.97171005563492],[-75.62378455841896,26.9715650182635],[-75.62377804841934,26.971562135965833],[-75.62370544062007,26.971529983509075],[-75.6236985967637,26.97152695308297],[-75.62358813033585,26.971699261463836],[-75.6234838532273,26.971818399732854],[-75.62345233954406,26.971854404268694],[-75.6234479791232,26.97185938640879],[-75.62338022045606,26.971917223810784],[-75.62336292987169,26.97193198291197],[-75.62336158962896,26.971933126738715],[-75.62328410149573,26.971999272677966],[-75.62327895038928,26.97200186236584],[-75.62325300118195,26.972014910111106],[-75.62322863261491,26.97202716463999],[-75.62308417436596,26.972101054535486],[-75.62288263925174,26.972175718709],[-75.62273875498664,26.9722592936068],[-75.62262977204749,26.972361603433622],[-75.6225917180056,26.972395729350367],[-75.62242504075064,26.972545198668694],[-75.62208457551911,26.97288232653438],[-75.62195312887529,26.97301248418592],[-75.62181451604746,26.973145524944425],[-75.62179022759443,26.973168836693834],[-75.62171012661342,26.97326977274105],[-75.6216954231565,26.97325872376848],[-75.62145245960271,26.97307613459151],[-75.62136993449866,26.973027615046693],[-75.62082567503785,26.97276312031154],[-75.62071523876955,26.972691648837934],[-75.62057562412507,26.972535127358174],[-75.6204672387318,26.97236255022244],[-75.6203937499831,26.97216791570006],[-75.62028871710442,26.971753342773695],[-75.62020690798721,26.971472666398185],[-75.6200985017023,26.971123327278697],[-75.62003419056829,26.971002071045024],[-75.61993199487719,26.970838913148135],[-75.61981312414737,26.970679461910496],[-75.61961894765486,26.970471150496145],[-75.61946471981067,26.970326009030707],[-75.61913815900061,26.970056013319294],[-75.61809514214696,26.969182029125253],[-75.61800188860083,26.969106872166112],[-75.61761269101069,26.968793198049145],[-75.61704381140738,26.968317188102215],[-75.61653310469998,26.96791319373716],[-75.6164137806906,26.967813982946243],[-75.61622436649492,26.96768605920942],[-75.61579350656478,26.967448228639057],[-75.615504836065,26.967301720930582],[-75.6152124932139,26.967134022690527],[-75.61517252369464,26.967108332232183],[-75.61465961163435,26.966778659316223],[-75.61412478047718,26.966429235861987],[-75.61383392521144,26.96624592834622],[-75.61328276556468,26.96594681558819],[-75.61298360667885,26.965813436469666],[-75.61294643840236,26.96580459055547],[-75.61292820854824,26.965800251927014],[-75.61287491039278,26.96578756660305],[-75.61286119475709,26.96578430203552],[-75.61287287110444,26.965669143481083],[-75.61289008743546,26.965416780931204],[-75.61290994735276,26.965222565501378],[-75.61298432663746,26.96474022057431],[-75.61311490102285,26.964065816299467],[-75.61314480040937,26.96394590622545],[-75.61322336739218,26.963479874894038],[-75.61341900720014,26.962491595138413],[-75.61354409117311,26.961873788396776],[-75.6137538538305,26.96105577214835],[-75.61394624543787,26.960161862848178],[-75.61413079971325,26.959366418838048],[-75.61425091205516,26.958813926422444],[-75.61437985539091,26.95881749984896],[-75.61441674291254,26.95880524066574],[-75.61471755944591,26.9587052751551],[-75.61564557138934,26.958371685525204],[-75.61646338683683,26.958092873864718],[-75.61679742356262,26.957973056704127],[-75.61712761835274,26.95782914422984],[-75.61747276855351,26.957666067494078],[-75.61767597206922,26.957551509101275],[-75.61780628297633,26.95746955458586],[-75.61787281242418,26.95741103093187],[-75.61797125571937,26.9572936894417],[-75.61807834659992,26.95710504101719],[-75.61843479577216,26.956426708692714],[-75.61852481532735,26.956302970459483],[-75.61870438967566,26.95597976546835],[-75.61913636400912,26.95516382302777],[-75.61917475385788,26.95509207196782],[-75.61919969769292,26.95505185134201],[-75.6199436696274,26.95385221120863],[-75.62000142934602,26.953767885229777],[-75.62018869328719,26.95372379002176],[-75.6203632701062,26.953682682867004],[-75.62051485036649,26.95366090184246],[-75.62066752077672,26.953657520594255],[-75.62101028530235,26.953671314627087],[-75.62164796276627,26.953706035624883],[-75.62170162527785,26.953697579885514],[-75.6217627505672,26.953687947558535],[-75.62220580419113,26.953614802129167],[-75.62282885094989,26.95351193643094],[-75.62375971482832,26.953388307013856],[-75.6237860115667,26.95338481456332],[-75.62418562184712,26.953353174906084],[-75.62439038562958,26.95334634599654],[-75.6255086005902,26.953479602914197],[-75.62579267884469,26.953467057778973],[-75.62592689316108,26.953437365069874],[-75.62604631744898,26.953334567496313],[-75.62613559753322,26.953225435229236],[-75.62629268813187,26.95298407619873],[-75.62635019708368,26.952895716197304],[-75.62680198280684,26.952318725366343],[-75.62739371431772,26.951659328678264],[-75.62743795313251,26.951604782245425],[-75.62756843587049,26.951444162838346],[-75.62764866296152,26.951345174248296],[-75.62816166173785,26.950782756924042],[-75.62864239766438,26.950232558935088],[-75.62873764007254,26.950128972256508],[-75.6288804459623,26.949972623499853],[-75.62904743789223,26.949830662924953],[-75.62922469139225,26.949753281003208],[-75.62931477258965,26.94971889859099],[-75.62951448818364,26.949642670161204],[-75.62982344576993,26.949524745812177],[-75.62990418341076,26.949476472666422],[-75.62990662198223,26.949475014535302],[-75.62995083567596,26.949448578600066],[-75.62999284696744,26.949423459407903],[-75.63024614309688,26.949203588528814],[-75.63040992564288,26.949048186068065],[-75.63050442458132,26.948959202362968],[-75.63064579936018,26.9487922408638],[-75.63188182719183,26.94981432609037],[-75.63266457819915,26.950464665057144],[-75.633345829298,26.951031459329126],[-75.63345397738544,26.95112106048678],[-75.63406415747497,26.95162659895709],[-75.63446011341073,26.95194087238352],[-75.63460648405318,26.952075698449224],[-75.63488753710432,26.952419715768297],[-75.63527902982301,26.9529439707711],[-75.63535329659183,26.95282584335535],[-75.63544830774913,26.95265040373864],[-75.63564371768733,26.9523089789454],[-75.63587408217519,26.951851297135313],[-75.63595075489746,26.95166507574595],[-75.63601837093013,26.95140742081342],[-75.63604071435228,26.95118688034022],[-75.63603807429,26.951033565223003],[-75.63598396413975,26.95067681601759],[-75.63594137890375,26.9505147185129],[-75.63609657059814,26.950499569980515],[-75.63615364915742,26.950485202345018],[-75.63619726008483,26.95046079212586],[-75.63627766263288,26.950405499129026],[-75.63701074359177,26.94993168785628],[-75.63738679801664,26.949705983705545],[-75.637600155217,26.94957250595133],[-75.63754232854343,26.94946551650343],[-75.63744793601474,26.94923013419998],[-75.63740042415074,26.949107116939068],[-75.63735279774643,26.94896856752321],[-75.63734712176826,26.94885909967816],[-75.63735978051086,26.948556475866976],[-75.63740665497029,26.948356136239596],[-75.63746442010525,26.948244622781516],[-75.63875865779984,26.949217974120085],[-75.63894289636946,26.949329966308866],[-75.63991833585474,26.949922907059335],[-75.63992092997967,26.94992478972283],[-75.6405452602372,26.950378020228946],[-75.64074280716122,26.950727334376193],[-75.64114752009003,26.950781901961605],[-75.64136191129174,26.950842603696184],[-75.64148867792295,26.950877366036806],[-75.64178903205324,26.950976711719484],[-75.64229455113505,26.951143996326916],[-75.64243306530707,26.951214132558388],[-75.64247192126645,26.951272496095854],[-75.64292906447879,26.95071761010606],[-75.64332070622329,26.950225079049762],[-75.64372530122644,26.949706684311323],[-75.64410909563121,26.949217442766734],[-75.64482069748827,26.948312517205107],[-75.64498087550508,26.94810970782426],[-75.64506620853365,26.948192082549518],[-75.64508082160731,26.948248684594876],[-75.64505944500011,26.948390514107974],[-75.64504275583946,26.94862605416368],[-75.6450331974542,26.94876094497502],[-75.64503313953071,26.948761764788955],[-75.64501611785053,26.949194727221535],[-75.64500468325932,26.949257824829292],[-75.64499428297289,26.94931521489876],[-75.64494806413565,26.949396401675312],[-75.64494475866402,26.94940220821568],[-75.64489370613842,26.9494918852196],[-75.64426887346671,26.95025867454707],[-75.6440016457258,26.95056951522285],[-75.64397342683682,26.95060649513511],[-75.6438986058296,26.950704544934712],[-75.64382679935912,26.950864311225644],[-75.6438220423779,26.95087781288251],[-75.64372622545525,26.95114975147069],[-75.64365241344434,26.951397987894286],[-75.64354742691187,26.951595264275863],[-75.64347898086137,26.951701122778022],[-75.64336893408127,26.9518713209731],[-75.64336020322094,26.951884823583487],[-75.64303578753749,26.952398441301995],[-75.64286873791039,26.952648197939507],[-75.64283319523084,26.952757414096705],[-75.64282925406468,26.952769525373753],[-75.64282962070986,26.952776590644692],[-75.64283492850055,26.952878995948495],[-75.64284272430555,26.952925271429393],[-75.6428522943092,26.95298208320181],[-75.64289401235561,26.953017194891057],[-75.64302809977741,26.953130049780146],[-75.64307837589052,26.953172364613778],[-75.64311900774484,26.953206365347995],[-75.6432651967716,26.953328747855128],[-75.64328915652719,26.953348806222888],[-75.64334314193009,26.95348608571564],[-75.6433473263474,26.95357037686728],[-75.64331515995048,26.953628889018745],[-75.64330547389271,26.95364650848681],[-75.64328921714555,26.953676081126215],[-75.6429062946027,26.95419345607179],[-75.64275248407046,26.954449382208033],[-75.64261500706007,26.95469579267465],[-75.64255313265096,26.954761911736036],[-75.6424780439425,26.95484215005286],[-75.64232646790005,26.954972692682286],[-75.64257999744531,26.955015026003284],[-75.6427563911959,26.955059083149933],[-75.6432232761618,26.955117496115076],[-75.64370660839353,26.955168330088554],[-75.64410867830631,26.95519194979377],[-75.64441361135667,26.95520561972216],[-75.64481917667669,26.955261122721478],[-75.64532468594716,26.95537402960621],[-75.6456441176835,26.955428771089938],[-75.64599564171392,26.955468391316817],[-75.64701009591765,26.95554837185485],[-75.64761468747513,26.955595390174725],[-75.64802890442648,26.955606783626035],[-75.6480531032625,26.95560701406076],[-75.64825028137774,26.955608887911026],[-75.64827697463255,26.95574529114437],[-75.64827796152797,26.955750332930457],[-75.64831544028654,26.955826245192014],[-75.64836833474159,26.955931529916715],[-75.64846633021388,26.956146356368688],[-75.64856355070437,26.956328264462893],[-75.64862375272409,26.956440906325476],[-75.6487069628728,26.956623416040554],[-75.64870933866673,26.956666686178412],[-75.64871727870486,26.956811331133107],[-75.64870994359217,26.95693210457736],[-75.64876365309165,26.957024212278125],[-75.64878157715418,26.957054951815117],[-75.64882392663861,26.95711800745698],[-75.64894226553983,26.9572143562791],[-75.64880599018451,26.95734514192766],[-75.64860421346766,26.957565473870783],[-75.64842822516455,26.957772926148742],[-75.64799109197308,26.958339496956388],[-75.64744657010901,26.959076272414293],[-75.64733628778254,26.959206499294613],[-75.64733602652394,26.959206807896187],[-75.64758800497194,26.95931817229191],[-75.64786737492923,26.959430177245174],[-75.64802485443009,26.959494560066087],[-75.64919064279245,26.959943201306064],[-75.64950903757601,26.96006209323902],[-75.64979012608993,26.9601759605163],[-75.64992594216969,26.96020058442839],[-75.65020588302383,26.960199908331877],[-75.65060290126775,26.960206293085864],[-75.6507245372893,26.960214486131825],[-75.65085653901902,26.960223377024995],[-75.65114175181085,26.96025741226682],[-75.65129382396826,26.9602816490716],[-75.65169567376685,26.960345692455103],[-75.65215458182472,26.96043266012166],[-75.65234008150892,26.960467549991684],[-75.65258689899544,26.96049175689979],[-75.65266227695392,26.960492722099893],[-75.65270103776231,26.960493217759403],[-75.6527962383423,26.960494436282904],[-75.65299446075015,26.960458797002865],[-75.6534435125233,26.96029761238922],[-75.65369892655642,26.960195158385933],[-75.65388362425949,26.96012131480083],[-75.65434809287211,26.959948717208185],[-75.65442413236383,26.959923904848523],[-75.65456658987843,26.95987742058444],[-75.6546093521888,26.959863466651676],[-75.65475834826938,26.959852504326946],[-75.6548660244523,26.95987227246983],[-75.65491644191,26.959881528370055],[-75.65503570991349,26.959903425503843],[-75.65532372955819,26.9599849187613],[-75.65632342892299,26.96030550643584],[-75.6564068657456,26.96032873608768],[-75.65676680317286,26.96044274786902],[-75.65698949225029,26.96053511462437],[-75.65719871380607,26.960644631305886],[-75.65720592246646,26.960648404647284],[-75.65724288455496,26.960667752184307],[-75.65721202658315,26.960699629074753],[-75.65720017711526,26.960711335312663],[-75.65682058888528,26.96130186354667],[-75.6567808194565,26.961363734042465],[-75.65655040905925,26.96172218351866],[-75.65627709814653,26.962147369348777],[-75.656221802407,26.96223339120945],[-75.65588139916366,26.962763516071217],[-75.65566890031467,26.963094447078014],[-75.65506035819489,26.96404214391261],[-75.65493519316077,26.964244781631965],[-75.65456531822095,26.9648138152704],[-75.65454617819772,26.964850089216842],[-75.6541917050217,26.96551653092112],[-75.65368345541923,26.96647206827023],[-75.6533194981113,26.96720497570225],[-75.65309687745118,26.967638882898914],[-75.65302583625996,26.96776958677964],[-75.65298280155953,26.96784876411935],[-75.65297777335616,26.967860175768877],[-75.65228211698617,26.969478415788288],[-75.65224655110104,26.969561148614975],[-75.65215716159831,26.969765687489122],[-75.65210762540761,26.96986643783716],[-75.65196792209991,26.970152043856125],[-75.65195752483396,26.970174082235356],[-75.65192020804349,26.97025351458979],[-75.65191678523011,26.9702616566839],[-75.65173725865672,26.97061881366076],[-75.65165556091448,26.97078438147121],[-75.65140288684941,26.971289415634985],[-75.65132813275173,26.97144056058225],[-75.65121061511033,26.971674837533115],[-75.65094740507467,26.972069220189155],[-75.65048751882983,26.9727582856652],[-75.65035705303394,26.972953764307594],[-75.65034886141437,26.972967176962655],[-75.65031965615648,26.97301222921623],[-75.65030797691196,26.973030245446534],[-75.6502964550325,26.973048069480903],[-75.65002129374233,26.973478942560675],[-75.64952136710903,26.97426121840306],[-75.64888780898124,26.975255293145917],[-75.6485980853134,26.975716362574666],[-75.64859804584779,26.975716426364393],[-75.6478922419754,26.976839639262163],[-75.64776799550268,26.977037973770646],[-75.64774552751977,26.977073326470546],[-75.64769759138771,26.977148958594345],[-75.6459574319711,26.980029052710673],[-75.64593701181525,26.980063784567964],[-75.64591230582214,26.980107227723202],[-75.64566843178459,26.980523679347264],[-75.64529283812236,26.981165435204396],[-75.64504286732382,26.981042296894703],[-75.64477214838718,26.981304035309122],[-75.64364515711361,26.982426182493793],[-75.64362680897268,26.982444301865065],[-75.64356156563635,26.982414902193728],[-75.64239106292774,26.981474838317833],[-75.64235997552659,26.981449870916077],[-75.64226901244042,26.981439868720045],[-75.64203915424434,26.98141459451107],[-75.6419766910217,26.981407726606182]]]}},{"type":"Feature","properties":{"Ward_Num":4,"Shape_Leng":28605.7895338,"Shape_Area":12995801.5724},"geometry":{"type":"Polygon","coordinates":[[[-75.59642014280105,27.039661235944784],[-75.59627926149884,27.039598045999814],[-75.5960302218383,27.040039758566465],[-75.59568839508509,27.03991648635674],[-75.59586175105133,27.039416401017544],[-75.59570961492663,27.039374468807083],[-75.59553826476511,27.039868767169263],[-75.59495778617926,27.039655943101632],[-75.59494430753706,27.039379581729644],[-75.59493164229866,27.039119889443388],[-75.59488017303346,27.03911285518861],[-75.59479285960406,27.03910092122886],[-75.59462632037686,27.03957964074676],[-75.59417171312808,27.03945804021547],[-75.59419566452738,27.039185688840544],[-75.59398435097133,27.039200883332324],[-75.59394111781559,27.03943833488073],[-75.59336913364966,27.039368386792553],[-75.59342169780996,27.038880724924603],[-75.59342457599533,27.03885402538931],[-75.59327020000963,27.038852211637327],[-75.59325238749112,27.038852002708012],[-75.59316351498505,27.039415036103264],[-75.59273805614572,27.03939780096858],[-75.59273782249618,27.039329583800953],[-75.59262242992102,27.039330754133186],[-75.59252833861642,27.039331707954933],[-75.59218561864272,27.039335181906573],[-75.59220299344872,27.0391849921629],[-75.59221701597036,27.039063778351164],[-75.59207502679592,27.039050752738333],[-75.59206661225838,27.039123489784586],[-75.59204724845634,27.0392908788123],[-75.59149815704477,27.039252249918626],[-75.59149417361152,27.03931384630548],[-75.59095005346526,27.03922750031263],[-75.5908495243197,27.039211547149264],[-75.59073101408953,27.039404828965274],[-75.59033076407533,27.039232879158355],[-75.59039070397979,27.03914079933696],[-75.59024133817022,27.039081483195734],[-75.59026536334208,27.039033358035056],[-75.58952910620236,27.03874097639982],[-75.58963418577612,27.03857903606313],[-75.58966442341192,27.038517059541498],[-75.58968871679993,27.038467267006233],[-75.5887651321768,27.037597039857157],[-75.58847527630564,27.03782599015008],[-75.58823191749417,27.038018211445866],[-75.58798181603987,27.037788492517638],[-75.58847473689706,27.036993393230745],[-75.5887895769481,27.03730644911257],[-75.588871076591,27.037387487191992],[-75.58898951588573,27.037292660619922],[-75.58886608347188,27.037169928164477],[-75.58854753768976,27.036853184571516],[-75.58872680191563,27.03665273335196],[-75.58877020364676,27.03665919135425],[-75.58889307287075,27.03655524815582],[-75.58888126381594,27.036517431694286],[-75.58889779905128,27.036473998494643],[-75.58889978228434,27.036426994246394],[-75.58819853722528,27.03572695338403],[-75.58826847242771,27.035617005430613],[-75.5889423184924,27.03604716539821],[-75.58902432955298,27.035958284891095],[-75.58917936420787,27.03607214595498],[-75.58926957656857,27.035974378801285],[-75.58908964531507,27.035842232913335],[-75.58909086974893,27.035782471665126],[-75.588438670462,27.03534448624826],[-75.58854882632005,27.03515291503557],[-75.58918147747335,27.035585746101763],[-75.58921543091269,27.035546247004607],[-75.58946179767665,27.03571480075545],[-75.58955922281993,27.035781454332117],[-75.58965775626532,27.035670141797702],[-75.5895065480207,27.035562853595568],[-75.58864970180667,27.03495487680003],[-75.58876249437935,27.03476185626703],[-75.58922305760126,27.03506986700505],[-75.589255418465,27.03503429069218],[-75.58937875457703,27.03512358547568],[-75.58933751008448,27.035168929218997],[-75.58937129186744,27.03519338677565],[-75.58958215128737,27.034961572907893],[-75.58948277961626,27.034898080228704],[-75.58955940524133,27.034491141966573],[-75.58860561551933,27.03386866528235],[-75.58865817713229,27.033627339612533],[-75.58961256588282,27.03420489836462],[-75.58968372315661,27.03381558231289],[-75.58879898127539,27.033262395364087],[-75.58882457652842,27.032969473768297],[-75.58973132434497,27.03355514611319],[-75.58979727767647,27.033194304095957],[-75.59017142174781,27.03294534592288],[-75.59028996443097,27.03293361230663],[-75.59040134412855,27.032922588603807],[-75.59067617914869,27.032895385658357],[-75.59062859084005,27.03260195947193],[-75.59057333988176,27.032409240810182],[-75.59055622124295,27.032349531601636],[-75.59037494566236,27.032034062199234],[-75.59048478337726,27.031952059715657],[-75.59019265940096,27.03170158164308],[-75.59070640405056,27.031660019747004],[-75.5908067879975,27.03174052575562],[-75.59097786740313,27.03172383652352],[-75.59116260430783,27.031936789605567],[-75.59147429856975,27.032194863320765],[-75.5916165806362,27.032294061254937],[-75.59178346418642,27.032410410325355],[-75.59187263205162,27.03242357733557],[-75.59199824561381,27.032442126009478],[-75.59223288948972,27.032247628897377],[-75.59148250799193,27.031529180639794],[-75.59183369440265,27.03148684327481],[-75.59273170055093,27.03230583711959],[-75.59285196344301,27.032415517067857],[-75.59305525556452,27.03225593527462],[-75.59274286845793,27.031962216321222],[-75.59223507219814,27.031484759917056],[-75.59279243356703,27.031372885183483],[-75.59312265560251,27.031546972383417],[-75.59324199251716,27.031609884102373],[-75.59338556032127,27.031482372088213],[-75.59341451278733,27.031456657408544],[-75.59385508939276,27.03163458222749],[-75.59391455883785,27.031658598277655],[-75.59393470207252,27.031571663286474],[-75.59394869742903,27.031511259952097],[-75.59352059187358,27.031224616160667],[-75.59451116447886,27.030520612140247],[-75.59536279905524,27.03131208787311],[-75.59540160965341,27.031348155981053],[-75.59548891982172,27.031369581014346],[-75.59562237504205,27.03136321733008],[-75.59570563864298,27.031316599956806],[-75.59574058146384,27.03124497899994],[-75.59574824404302,27.03122927419054],[-75.59565007780895,27.031126956649132],[-75.59534843530545,27.030812557177104],[-75.59487180778055,27.030315766015715],[-75.5952113638418,27.03007780761527],[-75.59588168437594,27.03079273222665],[-75.59597687382707,27.0308942550285],[-75.59612238997462,27.030929964187372],[-75.59630148561017,27.030887307198626],[-75.5963057500165,27.030821386282067],[-75.59630646654041,27.030810304199605],[-75.59621073755821,27.030700990671047],[-75.59601246651374,27.03047458099695],[-75.5954962537236,27.02988510253116],[-75.59619190508936,27.029365747969347],[-75.59674509400067,27.029987619374957],[-75.59683687999112,27.029923535958538],[-75.59707262238918,27.030195998637204],[-75.59713456033711,27.030267583296578],[-75.59720854610254,27.030225673049653],[-75.5971862912188,27.030196255345956],[-75.59706288284372,27.03003312677228],[-75.59666803031574,27.02950179672757],[-75.59720172845662,27.029203433807968],[-75.59726016463411,27.02917076453078],[-75.59756949767419,27.02959924866189],[-75.5976351921921,27.029690247420813],[-75.59773131297771,27.029779490224023],[-75.59777105665219,27.029759712720104],[-75.59795879304146,27.02966629049744],[-75.5978992366862,27.029172608438273],[-75.59799853407874,27.02907404942363],[-75.59796464201557,27.028941158210124],[-75.59793620737933,27.02882966136627],[-75.59850054586241,27.028849934777565],[-75.59876563500195,27.028859456233754],[-75.59924228674348,27.028876574868637],[-75.59929572158501,27.029015967777877],[-75.6006173028311,27.02885750185132],[-75.60097519412034,27.029225582345642],[-75.60110304944357,27.029373048069377],[-75.60116138154734,27.029417440216843],[-75.60119100529036,27.029448144763993],[-75.60121385025086,27.029491135210453],[-75.60124888370972,27.029589300691384],[-75.60125672025573,27.029696366798785],[-75.6013131677712,27.029777617228447],[-75.6013959341573,27.02994994774443],[-75.60146959516695,27.030046981211427],[-75.60151271691034,27.03004085941289],[-75.60153694722801,27.030059802559695],[-75.60156497650186,27.030094041831166],[-75.60161271834333,27.0301351575517],[-75.60166064018,27.030168538633195],[-75.6016920101478,27.030209562475076],[-75.60172718530862,27.030254950719012],[-75.60177897269733,27.030299358943697],[-75.60182355463746,27.030353672239297],[-75.60187778402776,27.03041023396139],[-75.60195681007406,27.030463060085342],[-75.60205000710305,27.030524872553354],[-75.60208794989829,27.030566413101226],[-75.60214370948914,27.030645898819262],[-75.6021498307403,27.03065462446895],[-75.60221393288002,27.030717690881712],[-75.6022942318161,27.030772062939384],[-75.60237539155206,27.03082586272209],[-75.60239985105218,27.030849061074637],[-75.60246236282879,27.030899135327896],[-75.60250623841995,27.030901508406256],[-75.60255230312121,27.03090032193369],[-75.60260162897889,27.030915520639986],[-75.60262619281148,27.03092405547054],[-75.60263121519328,27.03092890250556],[-75.60264768942743,27.030930857461588],[-75.60267343990282,27.03093934375142],[-75.60275112349531,27.030967174507676],[-75.60286767071663,27.03101491915314],[-75.60286599854518,27.030983811713195],[-75.6028489739196,27.030954961853325],[-75.60286521559698,27.030956876958122],[-75.60315751494615,27.03099134445038],[-75.6036255845797,27.031046537066313],[-75.60544688242864,27.031261273627262],[-75.60544200338182,27.03126931506108],[-75.60484155026236,27.03225889586149],[-75.60473185636579,27.03243968098178],[-75.60461495499432,27.032567902752454],[-75.60450104794359,27.032662735361406],[-75.60440430311228,27.03274327998609],[-75.60405021294501,27.03293715965164],[-75.60364878126123,27.033119758868555],[-75.60321581676259,27.03331669794726],[-75.6031976009324,27.033324984648928],[-75.60249245898636,27.03361822598251],[-75.60239006499839,27.033666975473718],[-75.60231332228051,27.03370351273242],[-75.60187804841372,27.033891358231372],[-75.60152653347289,27.034053839233213],[-75.60113779243261,27.034266669481326],[-75.60075529173643,27.03465213076251],[-75.60063901705074,27.034577039151667],[-75.60050417940195,27.034500889101192],[-75.60034429755268,27.034409417756216],[-75.60009782026555,27.03424143995899],[-75.59979856243658,27.03403809016679],[-75.59960863608433,27.033874217640737],[-75.59941191637945,27.034543244525263],[-75.5992942988514,27.034946195471893],[-75.59920727641936,27.035160189546396],[-75.59916708043853,27.035241768609993],[-75.59912618467837,27.03528452150563],[-75.59955325883757,27.035459433900424],[-75.5995452749896,27.035476877447277],[-75.59918733357131,27.03625894183866],[-75.59909594314466,27.03642651260235],[-75.59909273987955,27.036432448691063],[-75.59902276262251,27.036562126836913],[-75.59876847215685,27.036935861653678],[-75.59867434174892,27.037074208156064],[-75.59833281626895,27.0376481402648],[-75.59812710414519,27.0375705116172],[-75.59794084897648,27.037500200390475],[-75.59751152733202,27.0384596530008],[-75.5971911807361,27.0391326462557],[-75.5970607323112,27.039406697459626],[-75.5966472920044,27.04027524306004],[-75.59618674810756,27.040075199642732],[-75.59642014280105,27.039661235944784]]]}},{"type":"Feature","properties":{"Ward_Num":3,"Shape_Leng":36828.6205747,"Shape_Area":22031853.8161},"geometry":{"type":"Polygon","coordinates":[[[-75.60939659993852,27.048771458486673],[-75.60939143271553,27.04876395144955],[-75.60930162765482,27.04880434267309],[-75.60921213219463,27.048651485178663],[-75.6090617203938,27.048384518846653],[-75.60891748413938,27.04813274097048],[-75.60876669218543,27.047864190131012],[-75.60860902281007,27.04758953969935],[-75.60845221841151,27.047314318620806],[-75.60833233565978,27.047096844491822],[-75.60830311154179,27.047043829299312],[-75.60830421541733,27.047025658006028],[-75.6082168462336,27.04687350920543],[-75.6081471028017,27.046750184630266],[-75.60809665541127,27.046649434271337],[-75.60803565529127,27.046618860974252],[-75.60827800758359,27.045966006210097],[-75.60840911696111,27.0456629901786],[-75.6082904868287,27.045597010077746],[-75.60806726374827,27.045894182316133],[-75.60780321758608,27.046136035440373],[-75.60776284525323,27.04636918966144],[-75.60766900057801,27.046311050347548],[-75.60765852603042,27.046304561080532],[-75.60675054850294,27.04574203213301],[-75.60552999432807,27.044944286986556],[-75.60584791530667,27.044652804760418],[-75.60577091963191,27.044585963418598],[-75.60677169876527,27.04366841070529],[-75.60604431436329,27.043396067016506],[-75.60592698319476,27.04354493041232],[-75.60558313520583,27.043356644404625],[-75.60566736415359,27.043229825728396],[-75.6055625970227,27.043204117565406],[-75.60453017046093,27.0431879768243],[-75.60428356956362,27.043627292239186],[-75.60342784014185,27.043349121801842],[-75.6035824590309,27.0430736684564],[-75.60318017598752,27.042877621004738],[-75.60334499252532,27.042562750739005],[-75.602858417603,27.04228916290258],[-75.60267722036579,27.042328501318536],[-75.60168750910098,27.042565744815285],[-75.6014180292391,27.04304583020136],[-75.60130566220494,27.04299565504681],[-75.60070634936604,27.044100790433752],[-75.60029917560449,27.044093649669307],[-75.60062627563602,27.04349860812642],[-75.60147574893396,27.04198523973058],[-75.60093800688927,27.04174512240464],[-75.60089764747946,27.041819767613898],[-75.60077667755561,27.041907406475417],[-75.6006316163443,27.041975724884537],[-75.60040284411483,27.041986631517798],[-75.60020232044327,27.04189385205429],[-75.60009278866193,27.041980944847673],[-75.59990631164128,27.042317320672073],[-75.5997419234565,27.04225352006074],[-75.59992284838798,27.041840978074593],[-75.60029823234737,27.041209042934977],[-75.6001327874219,27.0411285342293],[-75.59998240003138,27.0413966715302],[-75.59932112197988,27.0425246361517],[-75.59908125305628,27.042433515387817],[-75.5996020741792,27.041521009562167],[-75.59940741468041,27.041450752032212],[-75.59901279703774,27.04214500741095],[-75.59763531010177,27.042128813018046],[-75.59692027178727,27.043800320625444],[-75.59628908887612,27.043794447439527],[-75.59622667702395,27.043920704155216],[-75.59037523335367,27.04356324418374],[-75.59038157531477,27.043320575813265],[-75.58915234959947,27.043225703320612],[-75.58855072834966,27.04307530940307],[-75.58828573957696,27.04292398876733],[-75.58816480534652,27.042854928472394],[-75.58799263730302,27.042692576236046],[-75.5877150288482,27.042364687334757],[-75.58754075473819,27.042006282189195],[-75.58754346467579,27.041409165184444],[-75.5875589874158,27.041348725665163],[-75.58894132535994,27.041606862091662],[-75.58909578474795,27.041471567485086],[-75.58932389150185,27.04112807778304],[-75.58932887007246,27.04105108459729],[-75.58723017295951,27.04078015387838],[-75.58743772191713,27.039488610216612],[-75.5901909076572,27.039875815230413],[-75.59017940048844,27.03993947592811],[-75.59031969208733,27.03996467920331],[-75.59037071905145,27.039973845777585],[-75.59033131438964,27.040034572077367],[-75.5931786894547,27.040415984849723],[-75.59352991014727,27.040457900642146],[-75.59352517728435,27.040500143179262],[-75.59674489936096,27.040858682320227],[-75.59716813007965,27.04083850201767],[-75.59824509219065,27.040623406451473],[-75.59845546968076,27.040286677011046],[-75.59850111470294,27.04021361842929],[-75.59837398008357,27.04025946954239],[-75.59794521594895,27.040414103431846],[-75.59785800078758,27.04058712435374],[-75.59757680295728,27.04054916061475],[-75.59781249309772,27.040115058255644],[-75.59765967414147,27.04004905346786],[-75.59741154346995,27.040506070535812],[-75.59689844580517,27.040417345579524],[-75.59720723508612,27.039832612040428],[-75.59708157922847,27.039779825568857],[-75.59678774026348,27.04033624870098],[-75.5966472920044,27.04027524306004],[-75.5970607323112,27.039406697459626],[-75.5971911807361,27.0391326462557],[-75.59751152733202,27.0384596530008],[-75.59794084897648,27.037500200390475],[-75.59812710414519,27.0375705116172],[-75.59833281626895,27.0376481402648],[-75.59867434174892,27.037074208156064],[-75.59876847215685,27.036935861653678],[-75.59902276262251,27.036562126836913],[-75.59909273987955,27.036432448691063],[-75.59909594314466,27.03642651260235],[-75.59918733357131,27.03625894183866],[-75.5995452749896,27.035476877447277],[-75.59955325883757,27.035459433900424],[-75.59912618467837,27.03528452150563],[-75.59916708043853,27.035241768609993],[-75.59920727641936,27.035160189546396],[-75.5992942988514,27.034946195471893],[-75.59941191637945,27.034543244525263],[-75.59960863608433,27.033874217640737],[-75.59979856243658,27.03403809016679],[-75.60009782026555,27.03424143995899],[-75.60034429755268,27.034409417756216],[-75.60050417940195,27.034500889101192],[-75.60063901705074,27.034577039151667],[-75.60075529173643,27.03465213076251],[-75.60113779243261,27.034266669481326],[-75.60152653347289,27.034053839233213],[-75.60187804841372,27.033891358231372],[-75.60231332228051,27.03370351273242],[-75.60239006499839,27.033666975473718],[-75.60249245898636,27.03361822598251],[-75.6031976009324,27.033324984648928],[-75.60321581676259,27.03331669794726],[-75.60364878126123,27.033119758868555],[-75.60405021294501,27.03293715965164],[-75.60440430311228,27.03274327998609],[-75.60450104794359,27.032662735361406],[-75.60461495499432,27.032567902752454],[-75.60473185636579,27.03243968098178],[-75.60484155026236,27.03225889586149],[-75.60544200338182,27.03126931506108],[-75.60544688242864,27.031261273627262],[-75.60689557708149,27.031432053143405],[-75.60852587431725,27.0352360165618],[-75.6100246494968,27.038755725164492],[-75.61409777945387,27.039340673077973],[-75.61420134481773,27.039783760447552],[-75.61426374187828,27.04005071189184],[-75.61427709127088,27.040100987528792],[-75.6144030453407,27.040575339504155],[-75.61430674522471,27.04063307270348],[-75.61412754576345,27.040749271229036],[-75.61345767920237,27.04118362497268],[-75.61341319365,27.041212470063417],[-75.61274477530456,27.042550793054293],[-75.61194292186445,27.044059327656814],[-75.61185426849127,27.044281176007512],[-75.61179324796969,27.04440169335462],[-75.61153708120743,27.044907624387587],[-75.61081098876362,27.046303880951648],[-75.61044737092615,27.04701232482571],[-75.61029883525725,27.04730171524605],[-75.61015344154286,27.047584983622308],[-75.61013979743464,27.047611567341445],[-75.60950682004457,27.04884479435598],[-75.60950277253626,27.048841504535453],[-75.60949866761857,27.048837148618713],[-75.60949684355613,27.048836428122545],[-75.60949467742668,27.048834923149283],[-75.60949071867496,27.04883322711191],[-75.60948667223627,27.04882993899368],[-75.60948268190415,27.04882771090653],[-75.60947952495897,27.04882438263798],[-75.60947666723526,27.04882104320031],[-75.60947351024362,27.048817714059233],[-75.6094695056307,27.048815220756275],[-75.6094624453032,27.048811260884364],[-75.60945448212931,27.04880707503198],[-75.60944277003159,27.048805180305052],[-75.60943698429841,27.0488027638947],[-75.60943094544152,27.048801160279844],[-75.60942606455163,27.04879897063743],[-75.60942210399554,27.04879727729877],[-75.60941809938532,27.048794783993877],[-75.60941316132265,27.04879153261696],[-75.60941006164948,27.048789267825317],[-75.60940690568339,27.0487859395128],[-75.60940408978779,27.04878339488919],[-75.60939659993852,27.048771458486673]]]}},{"type":"Feature","properties":{"Ward_Num":26,"Shape_Leng":45898.140912,"Shape_Area":61165120.2179},"geometry":{"type":"Polygon","coordinates":[[[-75.64257912721793,27.01327199536121],[-75.64257933442639,27.013271820216612],[-75.64363464783365,27.012379453462778],[-75.65203529174146,27.013295797804535],[-75.65306445744983,27.013407943089966],[-75.65455564117018,27.013570437451627],[-75.65802842756094,27.013948894529886],[-75.65858794787269,27.014009842135156],[-75.65874283132348,27.013451299578705],[-75.65887381464388,27.012769951833704],[-75.65894810532326,27.01247597379702],[-75.65896019256897,27.012449171531397],[-75.65906415190496,27.012037482961276],[-75.65906816114624,27.011976799011187],[-75.65912705880804,27.011750419070506],[-75.65919790056928,27.01147813730072],[-75.65934792600459,27.010735356285995],[-75.65934905139416,27.010729782165626],[-75.65953119300518,27.010751039705298],[-75.65979860598169,27.01078224904766],[-75.66004928081206,27.01080433828126],[-75.66052587857833,27.010851636002894],[-75.66065674602554,27.010874560635262],[-75.66145931508194,27.011088023052928],[-75.66203687532129,27.011237379204932],[-75.66220744977683,27.01127881732472],[-75.66256003038079,27.011365598409192],[-75.6628360024211,27.011433523275116],[-75.66303202461715,27.011481475314714],[-75.66351102309032,27.011598651440416],[-75.66362158768665,27.011305867055192],[-75.66373738136109,27.01102018100388],[-75.66383355410582,27.01078290282982],[-75.66394629624808,27.010472530789432],[-75.66412710028236,27.01004818875869],[-75.66427685050337,27.009629207032006],[-75.66445771428286,27.009205834441357],[-75.66462958199328,27.008779976721275],[-75.66467495534269,27.00866319811243],[-75.664804945302,27.00833161148001],[-75.66484624899941,27.008186856826956],[-75.66484704687923,27.008105222502444],[-75.66483724525682,27.008021178232582],[-75.66478802274555,27.007937063582606],[-75.66466694783013,27.007807792482467],[-75.66442760519465,27.007569516523294],[-75.66494319101092,27.007281012843855],[-75.66512758578895,27.00717783128333],[-75.665170139994,27.007152199086168],[-75.66556876254246,27.00691209129569],[-75.66581427575755,27.006792608175044],[-75.66630851028106,27.00652629241655],[-75.66641255929304,27.006476667621424],[-75.66677128974183,27.00628575494799],[-75.66705347206583,27.006106249432072],[-75.66733021174042,27.005929916629814],[-75.66747425481415,27.005862851111623],[-75.66780141686574,27.005709380618114],[-75.66796780567036,27.005652910719782],[-75.6680395541469,27.005642847535693],[-75.66813534242029,27.005629412507034],[-75.66833542521395,27.005625739485303],[-75.66873278220713,27.00563892540674],[-75.66952520402548,27.005640151919117],[-75.66996702414394,27.0056570568899],[-75.67062074129565,27.005648917687623],[-75.67107761630254,27.005651921243977],[-75.67141297623486,27.005636970249217],[-75.67163465847125,27.005617702803285],[-75.67230806015924,27.005575064218117],[-75.6724608255019,27.00556390801354],[-75.67304508382854,27.005527427243983],[-75.67352872821004,27.005489895999606],[-75.67411206923418,27.005437919136153],[-75.67428155433345,27.005412901154802],[-75.67478565280285,27.00532046350757],[-75.67518478262186,27.005241292114533],[-75.67539304769238,27.005215385316195],[-75.6754993499147,27.005202161665874],[-75.67553852889212,27.005201684747462],[-75.67621240555629,27.00519348437261],[-75.67711594507884,27.00519741281619],[-75.67758106035308,27.005199431383705],[-75.67808291769458,27.00520857493514],[-75.67835010004684,27.005213441369342],[-75.67854685793242,27.005275984868586],[-75.6787056445986,27.005358266176017],[-75.67890183892167,27.005459931021516],[-75.67932804450103,27.00576733367262],[-75.67971812043108,27.00603828873983],[-75.6798468302864,27.00612708062761],[-75.67996556953308,27.006208993133868],[-75.68013501160189,27.006284829254508],[-75.68026478839079,27.00631832663548],[-75.68057392125303,27.006376585945926],[-75.68088713922353,27.006436850615525],[-75.68179269900635,27.006528680436773],[-75.68205897428953,27.006555680560755],[-75.68218004189212,27.006562563204195],[-75.68228535279104,27.006588649643756],[-75.68246824306779,27.00659357080241],[-75.68263939084886,27.006277525509663],[-75.68285494443325,27.005909832953957],[-75.68300483459895,27.005669592831193],[-75.68310848547084,27.005572394687178],[-75.68341296185484,27.00542972733524],[-75.68367274736066,27.00532026473822],[-75.68385162798883,27.005284578953038],[-75.68399721897376,27.00528447036814],[-75.68415587282254,27.005314826667657],[-75.6843638588683,27.00537683928019],[-75.68481392094134,27.00554684526052],[-75.68519001349853,27.005676649586132],[-75.68532723831288,27.005725506668153],[-75.685483772108,27.005760820655386],[-75.68573283901331,27.005783002215605],[-75.68590323929251,27.005794345141183],[-75.68621665020416,27.005816388548094],[-75.6876308389741,27.005939688589578],[-75.68780953208935,27.00595526477457],[-75.68782596649847,27.005956697548108],[-75.68786256238359,27.00601791291231],[-75.68782521601743,27.006220510853673],[-75.6876474377045,27.007184914332015],[-75.68757663442253,27.007568990825455],[-75.68737025523755,27.00861870805817],[-75.68732795078422,27.00883387963511],[-75.68727817476021,27.009087049524357],[-75.68695569766385,27.00953784833607],[-75.68674535375725,27.00983188960073],[-75.68633610516625,27.010403976606607],[-75.68549386176699,27.011604843824724],[-75.68528771241768,27.011898803406595],[-75.6850877851693,27.012184402266783],[-75.68491592890643,27.012429899597347],[-75.68480206629366,27.012592551665676],[-75.6844885640603,27.01303967551262],[-75.68428281513896,27.01333775066069],[-75.68414840343625,27.013532476906867],[-75.68329189021232,27.01477287271544],[-75.68329074771663,27.014773722109055],[-75.68325382476725,27.014784141396454],[-75.68322976333049,27.014790262607097],[-75.68318442254296,27.014804515276587],[-75.68314069807064,27.014821096120922],[-75.68312004373979,27.0148297308335],[-75.68308537010469,27.014848578831852],[-75.68307035857426,27.01485696810001],[-75.68306287270427,27.01486156144231],[-75.68305534411887,27.014865357494525],[-75.68304866377683,27.014868314467407],[-75.68303935396004,27.01487218882045],[-75.68303549446598,27.014872358481426],[-75.68303256878811,27.01487328625967],[-75.68302965871044,27.01487448090695],[-75.68302302219807,27.01487823774177],[-75.68301757173,27.014881939815563],[-75.68300819701557,27.014890081284502],[-75.68300363676987,27.014893745972966],[-75.6829990775454,27.01489741149071],[-75.68299248471727,27.014901965570655],[-75.68298966108719,27.0149047556258],[-75.68298609765161,27.01490491227033],[-75.68297941739903,27.014907870983386],[-75.68294892505034,27.014916139833566],[-75.68291843176894,27.01492440958942],[-75.68288435675076,27.014937900214633],[-75.6828511748191,27.014951352444474],[-75.68283904115343,27.014958013341776],[-75.68282402670057,27.014966403575574],[-75.68278875411818,27.014990607039632],[-75.68276211412996,27.01500873193734],[-75.6827523234087,27.015015393011684],[-75.6827393443967,27.015022892846236],[-75.68272048782099,27.01503171688188],[-75.68270165747431,27.015041073122333],[-75.68268670417373,27.01505052649637],[-75.68267168866431,27.015058915879866],[-75.68261005879536,27.015096268840708],[-75.68259127497677,27.015106421308904],[-75.68257543700247,27.01511489142179],[-75.68257335232134,27.015116006057596],[-75.68257169200332,27.015117061820064],[-75.68256299891556,27.01512258954605],[-75.6825529310311,27.015128896425974],[-75.68254164672898,27.015134721661134],[-75.68252272989515,27.015142482459257],[-75.68250282195743,27.0151484217996],[-75.68248263141487,27.01515463761498],[-75.68246936013092,27.015156821891658],[-75.68244728635719,27.015161254582612],[-75.68243309671219,27.01516294498304],[-75.68242716092493,27.015163206752383],[-75.6824074805893,27.01516152298844],[-75.68239218259377,27.015160214067535],[-75.6823736469091,27.01515862862817],[-75.68236404573432,27.015157186479033],[-75.6823553937319,27.015156764962068],[-75.68234945594932,27.01515702593989],[-75.68233224056738,27.015157782589394],[-75.68231477100012,27.01515935219869],[-75.6823083400627,27.01516149899114],[-75.68230160243075,27.015163393456454],[-75.6822948755746,27.01516555587721],[-75.6822816051139,27.01516773746823],[-75.68226710380495,27.015169173986703],[-75.68225261814088,27.015170878244817],[-75.6822402804684,27.01517381712658],[-75.68223177431945,27.015176057744263],[-75.6822195833779,27.015181656982172],[-75.68220626361807,27.015188373428128],[-75.68218105170054,27.015200672476304],[-75.68216966352513,27.015204638090225],[-75.68215831805382,27.015209400993964],[-75.68214796863857,27.01521598688539],[-75.68213672602387,27.015222609408653],[-75.68212245786259,27.015228301676487],[-75.6821131478116,27.015232173327927],[-75.68210350011049,27.01523526327302],[-75.68207964222714,27.015239776037458],[-75.68204807022809,27.015244628696983],[-75.68201551961931,27.015247923395133],[-75.68201430130934,27.01524804863577],[-75.68200190954038,27.015249323327637],[-75.68199549768576,27.01524925274941],[-75.68198732173411,27.01524916351965],[-75.68197390564322,27.01524868728268],[-75.68194689293018,27.01524987443481],[-75.68191216118487,27.015251400810918],[-75.68187753243491,27.015254789413557],[-75.68186199624392,27.01525360541615],[-75.68184380047649,27.015252807599744],[-75.68182440472278,27.015251792336752],[-75.6818068476291,27.01525176473945],[-75.6817886965119,27.015251764118325],[-75.68175155142224,27.015247265457983],[-75.6817390419882,27.015247016025146],[-75.68173419143714,27.01524536504301],[-75.6817290553119,27.01524398979361],[-75.68172420378734,27.015242338853803],[-75.68171837463733,27.015239129916935],[-75.68171438492858,27.015236905119238],[-75.6817103361887,27.015233620564402],[-75.68170633394975,27.015231131385057],[-75.68170228506716,27.015227844213147],[-75.6816992136666,27.0152261124212],[-75.68169531047732,27.015225484779556],[-75.6816913062915,27.015222995685274],[-75.68168740305464,27.015222367171067],[-75.6816844365944,27.015222497532246],[-75.6816787531397,27.015221948123727],[-75.68167188056886,27.015221450970422],[-75.68166624176231,27.01522169876693],[-75.68166030299841,27.015221959744622],[-75.6816555970247,27.015222965715214],[-75.68164966220404,27.01522322739334],[-75.68164410972325,27.015225068856246],[-75.68163936007535,27.015225277577436],[-75.68162514817617,27.015232033145388],[-75.68162481219392,27.015232226280002],[-75.68160553240291,27.01524328957465],[-75.68160266489284,27.015245279727075],[-75.68159978596945,27.01524700807204],[-75.68159721447309,27.015248984341905],[-75.68159428876326,27.015249912077365],[-75.68159140979174,27.015251639549852],[-75.68158849958161,27.01525283241042],[-75.68158468373827,27.015253799261604],[-75.68158290347175,27.01525387749353],[-75.6815808678949,27.015254766112633],[-75.68157904395515,27.01525404709578],[-75.68157815382187,27.01525408621168],[-75.68157810917484,27.015253289005752],[-75.68157692103196,27.015253341217356],[-75.68157686283294,27.01525227880058],[-75.6815759288832,27.01525151805096],[-75.68157584153693,27.015249923553558],[-75.6815749514037,27.01524996266942],[-75.68157489320473,27.015248900252658],[-75.68157391558194,27.015247342254334],[-75.68157262556709,27.015245534800425],[-75.68157164711386,27.01524397946168],[-75.68156759828416,27.015240693156098],[-75.68155367533114,27.015230910554326],[-75.68153944945497,27.015221140388217],[-75.6815334757445,27.015215274483634],[-75.68152720490379,27.015209419887018],[-75.68152222319868,27.015205374531796],[-75.68152039828676,27.015204655556712],[-75.68151817335148,27.015202087395174],[-75.68151630671501,27.015200571085884],[-75.68151412559574,27.015198802789616],[-75.68151304615208,27.015195385998126],[-75.68151211229923,27.015194626992567],[-75.68151083569515,27.015193082132225],[-75.68151073387246,27.015191223339354],[-75.68150975620394,27.015189664468505],[-75.68150969805369,27.015188602924194],[-75.68150872057633,27.015187047542383],[-75.68150867690393,27.015186250293837],[-75.68150649564195,27.015184479380736],[-75.68150551811695,27.015182923126666],[-75.68150367955847,27.015181937196022],[-75.68150156053352,27.015181231144958],[-75.68149840179481,27.015177904849853],[-75.6814934628394,27.015174657657184],[-75.68148848016443,27.01517061234354],[-75.68146889598638,27.015149885786975],[-75.68144965262158,27.015129945168578],[-75.68142540816176,27.015111022601232],[-75.68140205287156,27.015092060957755],[-75.68139168752285,27.015082121137333],[-75.68138153289156,27.015070574596955],[-75.68137650655837,27.015065732030983],[-75.6813702358853,27.015059880044422],[-75.68136430572794,27.015054808764468],[-75.68134599049351,27.01504095750509],[-75.68132801577994,27.015027886949852],[-75.68131667302609,27.015016392613585],[-75.68130452957656,27.015006534417076],[-75.6812874013386,27.014992627494756],[-75.68127538988007,27.01498516099664],[-75.68126245520538,27.014977200828895],[-75.6812512872906,27.014968898095706],[-75.68123731973652,27.014958317381165],[-75.68122913475003,27.014950149381143],[-75.681220848685,27.014940118185358],[-75.68121122997378,27.014927483114416],[-75.68120733253568,27.014921524218085],[-75.68120190830018,27.01491483499147],[-75.68119692565759,27.014910789666857],[-75.68119283314496,27.014906705229844],[-75.68117984117725,27.014897680850652],[-75.6811598340189,27.014885501368926],[-75.68113988510729,27.01487438517129],[-75.68112307644323,27.01486632940453],[-75.68111423528401,27.01486245361698],[-75.68110628625017,27.014858539503887],[-75.68109611031068,27.0148520564358],[-75.68109019388115,27.014847252970345],[-75.68108485690118,27.014842156489788],[-75.68107483344666,27.014833003415305],[-75.68104433010102,27.014808493197332],[-75.6810384573454,27.014804486977066],[-75.68102739328617,27.014798043800514],[-75.68101666988207,27.014792383946947],[-75.68100645033984,27.014785104495864],[-75.68099652890292,27.01477781369452],[-75.68098146061664,27.01476887964982],[-75.68095928690578,27.014755196122465],[-75.68093745302454,27.014742298574518],[-75.68092228289665,27.014731504859526],[-75.6809061925293,27.01472021821521],[-75.68089635946355,27.014714522729403],[-75.6808853506489,27.01470914120966],[-75.68087551656446,27.014703444892522],[-75.68086657348698,27.014697707677993],[-75.6808612948165,27.01469367534728],[-75.68085724697266,27.014690388103883],[-75.68084900381929,27.014681156793163],[-75.68084190601547,27.014671074245314],[-75.68083540242392,27.014660968212983],[-75.68082919470262,27.014650845683907],[-75.68082349182004,27.01463910351747],[-75.68081713863218,27.01462632495218],[-75.6808106358305,27.014616215388237],[-75.68080353521168,27.01460613471305],[-75.68079525128317,27.014596105153327],[-75.68078089560271,27.0145839431158],[-75.68076678266827,27.014570705440924],[-75.68075156591725,27.014559112843344],[-75.68073952441641,27.014551113381984],[-75.68072973407484,27.014546215172537],[-75.68072667836375,27.014544751095457],[-75.68072271693512,27.014543059257],[-75.68071960187274,27.01454052931926],[-75.68071368549097,27.01453572583659],[-75.68070959404595,27.014531642214525],[-75.68070430087253,27.014527344710473],[-75.68069508020751,27.01451655626224],[-75.68068092168932,27.014502521417224],[-75.68066566422333,27.01449013143415],[-75.6806543654076,27.01447943603541],[-75.68064332084327,27.014467928552],[-75.68061892919172,27.014446346392567],[-75.6806077352059,27.014437511394416],[-75.68060180417356,27.014432440122732],[-75.68054706874118,27.014405529320264],[-75.68053021760268,27.0143966770474],[-75.6805121801424,27.01438787426767],[-75.68049746540107,27.014379992227134],[-75.68048338941058,27.01437288216148],[-75.68046441827235,27.01436332297726],[-75.6804448966393,27.014354585390112],[-75.6804328959419,27.01434738327138],[-75.68042173015708,27.01433908037677],[-75.68041354625026,27.0143309114123],[-75.6804045014087,27.014323314503496],[-75.68039428388755,27.014316034042857],[-75.68038525352344,27.01430870142758],[-75.68037212979888,27.01429728526463],[-75.68035988455321,27.01428556382826],[-75.68035475737368,27.014278859777217],[-75.68035051943914,27.01427211840917],[-75.68033879833796,27.01425371045585],[-75.68033352468831,27.014244349542196],[-75.68032702100928,27.014234240003802],[-75.68032199479795,27.014229397398747],[-75.68031695397042,27.014224287881873],[-75.68031063779276,27.01421763781311],[-75.68030353528195,27.0142128864213],[-75.6802937021831,27.014207188268333],[-75.68027877583754,27.014200913825956],[-75.68026489699336,27.014191930067767],[-75.68025294004497,27.014185526049225],[-75.68023994840647,27.014176503313006],[-75.68022093359355,27.014166145097715],[-75.68020098495867,27.014155027863914],[-75.68018004052412,27.01414209111395],[-75.68016986768029,27.014135607837524],[-75.68015910082275,27.014129151529364],[-75.68015212642864,27.014126792865646],[-75.68014600146763,27.014123598597315],[-75.68013315539298,27.014117233625093],[-75.68012332129749,27.014111534627293],[-75.68011316312639,27.0141053191295],[-75.6801041755452,27.014098784654564],[-75.68009512978803,27.014091187766354],[-75.68009286224995,27.014087822294847],[-75.68009095099035,27.014085507889476],[-75.68008684396509,27.014081156507185],[-75.68008275155624,27.014077072036333],[-75.68007554723863,27.014070460972114],[-75.68006749441552,27.01406468459576],[-75.68005757301853,27.01405739110137],[-75.68005144894536,27.014054195040583],[-75.68004561708241,27.014050987017548],[-75.68003953583606,27.014048590861147],[-75.68003257592551,27.01404649648417],[-75.68001422416026,27.01404277259154],[-75.67998298944806,27.014037482928217],[-75.67995089263862,27.014032761859763],[-75.67994005977518,27.01403057267389],[-75.67993060427382,27.014031787189506],[-75.67991498105155,27.014029008389453],[-75.67989144880069,27.01402311454694],[-75.67986801745629,27.01401908127166],[-75.67984946855515,27.014017230138656],[-75.67982909576118,27.014014659955343],[-75.67981539548886,27.014014462588875],[-75.67980975579148,27.014014710317],[-75.67980288626308,27.01401421290298],[-75.67979506635068,27.014012689643778],[-75.67976377242367,27.014006335795],[-75.67973158930842,27.01400002011949],[-75.67970517602278,27.0139958511077],[-75.67967822684935,27.013992770594935],[-75.67966452950296,27.013992573078482],[-75.67965111257786,27.013992094815027],[-75.67961916259102,27.013990036602078],[-75.67961220557112,27.013987941194323],[-75.67960137174988,27.013985752013117],[-75.67959164065032,27.013981915195426],[-75.6795806215532,27.01397627081972],[-75.67957453731029,27.013973873018163],[-75.67956876666075,27.013971728995603],[-75.6795578347262,27.0139676764916],[-75.67954309780214,27.013964859577815],[-75.67952955392052,27.01396199113436],[-75.67951784450453,27.013960106207456],[-75.67950716015179,27.013960575492526],[-75.67949766095376,27.013960991847057],[-75.67946390828263,27.01396407529089],[-75.67943911774924,27.0139678274335],[-75.67941397590981,27.01397053003222],[-75.67938820809651,27.01397272938292],[-75.67937188404547,27.013973446355617],[-75.67935430966372,27.013973150650823],[-75.6793379409893,27.013973070414906],[-75.67931953869366,27.01397387865675],[-75.67930024238262,27.01397472616057],[-75.67929371256697,27.013975012952507],[-75.67928976581281,27.013973587969918],[-75.67928674123078,27.013972655843116],[-75.67928372824485,27.013971989011583],[-75.67928067244112,27.013970522274796],[-75.67927671116982,27.013968832124682],[-75.67927276432077,27.013967405396908],[-75.679268803002,27.013965714374187],[-75.67926506137913,27.01396511189507],[-75.67926490281869,27.013965086507845],[-75.67926099971382,27.01396445876968],[-75.67925328177446,27.01396479774128],[-75.67918664409936,27.01396505939793],[-75.67917417658329,27.013965606960635],[-75.679161754662,27.0139669516818],[-75.67913770877439,27.013968007748954],[-75.67912129645451,27.013967130230164],[-75.67910461609021,27.01396679521552],[-75.6789916873281,27.013969357305836],[-75.6789514483179,27.013973521967888],[-75.67893124416175,27.013976349464993],[-75.6789236914829,27.013977406868563],[-75.67891304784709,27.013978673461057],[-75.67890246446278,27.013981004996527],[-75.67889474652016,27.013981343939054],[-75.67888613743602,27.013981721142052],[-75.67885446288047,27.01398471135729],[-75.67882195743162,27.013988804766722],[-75.67881033633772,27.0139885150738],[-75.67879876088284,27.01398902341201],[-75.6787813931694,27.013992449407702],[-75.67876519725932,27.013995560759213],[-75.67874995147903,27.013999693601775],[-75.6786946249995,27.01401091925959],[-75.67867919100631,27.014011596152642],[-75.67866074407854,27.01401160706407],[-75.67864342410194,27.014010501767835],[-75.67863278045687,27.014011768329222],[-75.67862200880826,27.01401064302305],[-75.67861047406863,27.014011948712728],[-75.6786047470847,27.014010601877484],[-75.67859875400013,27.014009797461938],[-75.67859228150478,27.014011149278566],[-75.67858545367808,27.01401144910827],[-75.67857218331193,27.01401363017208],[-75.67854784134389,27.01401469909118],[-75.67853923522365,27.0140150770068],[-75.67853147363533,27.014014618673883],[-75.67851900610647,27.014015166150926],[-75.67850747428604,27.014016471699897],[-75.67849593954352,27.014017777375773],[-75.67848916996645,27.014019141356368],[-75.6784835739046,27.01402018625209],[-75.6784672489088,27.01402090398489],[-75.67845190029124,27.01402317629118],[-75.67844042671838,27.014025545989945],[-75.67842889197335,27.01402685165774],[-75.6784217924816,27.014027164279142],[-75.67841820765234,27.01402732169301],[-75.6784074766747,27.01402699286471],[-75.67839793387088,27.01402661273576],[-75.67838724950197,27.01402708189532],[-75.67837189893305,27.014029354274264],[-75.67833360310829,27.014036365066346],[-75.67826305984775,27.01405225532846],[-75.67824024169379,27.014059387376527],[-75.67822800700037,27.014064188831416],[-75.67821572769411,27.014068193081222],[-75.67819464701472,27.014074447916514],[-75.67817266072284,27.014080476706688],[-75.67816167239496,27.01408629014289],[-75.67815493085948,27.014088184477558],[-75.67814914163435,27.01409110458765],[-75.67814150997667,27.014093038005058],[-75.67813508202885,27.014095186122518],[-75.67811869282079,27.014100170854668],[-75.67811695519235,27.01410104543848],[-75.67811408763426,27.014103035476545],[-75.67811116304317,27.01410396567467],[-75.6781084926782,27.014104082924586],[-75.67810645709159,27.014104971465255],[-75.67810358953307,27.014106961503053],[-75.67810081738199,27.01410521909229],[-75.6780987391329,27.01410531034346],[-75.67809695888955,27.01410538850984],[-75.67809483797818,27.01410468247161],[-75.67809390212943,27.014103921776947],[-75.67809212188611,27.014103999943252],[-75.67809089207037,27.014103254779023],[-75.6780900009748,27.014103293904896],[-75.6780890507558,27.014102270659656],[-75.67808697348066,27.01410236186781],[-75.67808608433292,27.014102400908126],[-75.6780851932851,27.01410244090622],[-75.67808430116798,27.01410247920257],[-75.67808311498834,27.014102531284813],[-75.67808228301622,27.014103632781776],[-75.67808139289457,27.014103671864813],[-75.67808054645666,27.014104509066687],[-75.67807940108685,27.014105360268257],[-75.67807772262894,27.014107298094782],[-75.67807691977916,27.01410893167097],[-75.67807583358037,27.014110846115955],[-75.67807507339255,27.014113276981494],[-75.67807432878757,27.014115974716194],[-75.67807437339744,27.014116771920026],[-75.67807354059437,27.014117876076554],[-75.67807358525195,27.014118674152645],[-75.67807362791399,27.014119471442058],[-75.67807248240067,27.014120320026805],[-75.67807254069331,27.01412138505759],[-75.67807084869524,27.01412305767402],[-75.67806877239342,27.014123148839023],[-75.67806703286386,27.014124024379786],[-75.67805738319132,27.01412711398643],[-75.6780480304067,27.01413018793354],[-75.67803836621924,27.01413301237095],[-75.67802812340656,27.014136127143367],[-75.67792991432756,27.014179348056786],[-75.67783571118834,27.014225059781896],[-75.67779610664094,27.014252164594957],[-75.67773418216278,27.01429454420015],[-75.67771283663441,27.01431016006571],[-75.67769155303411,27.014325730364742],[-75.67765076537655,27.014357904132183],[-75.67764365740192,27.014369407100055],[-75.67763858521552,27.014380025025293],[-75.67763415165143,27.014391413202354],[-75.67762996944441,27.014401989432393],[-75.67760922880527,27.0144471390245],[-75.677586787289,27.01447744236618],[-75.67756529188554,27.01450876564054],[-75.67755390100321,27.014528987751145],[-75.67754430682857,27.01454939678829],[-75.67753683356793,27.014570511878233],[-75.6775345335087,27.014582872237288],[-75.67753340799858,27.01459491435293],[-75.67753374267471,27.014601029789215],[-75.67753317261592,27.01460691739116],[-75.67753142810237,27.014613124981725],[-75.67753082887671,27.014618479631185],[-75.67751666074851,27.014642289629204],[-75.67749501791988,27.0146709560802],[-75.6774832660776,27.014684529675907],[-75.6774909491618,27.01468847586539],[-75.67753776086032,27.014712519514518],[-75.67755282741886,27.014720431159464],[-75.67757850688072,27.014733915200374],[-75.67757687124448,27.014736653803762],[-75.67746524133655,27.01492064432828],[-75.67746330763548,27.014923395142368],[-75.67740866686678,27.014895344314716],[-75.67739779074037,27.014889760715903],[-75.67732531496691,27.01485403162444],[-75.67728208683752,27.014835248072842],[-75.67727685286529,27.014832974546835],[-75.67720532051707,27.014868894438997],[-75.6771778406577,27.014877830084377],[-75.67714942586913,27.014886004100735],[-75.67712071325637,27.01489419467973],[-75.6770932904928,27.014904191890093],[-75.67705121639835,27.014929225942556],[-75.67701015062678,27.014956345656923],[-75.67695999198033,27.014991328026483],[-75.67695155323828,27.01500022607963],[-75.67694346785964,27.015010176214805],[-75.67693716557092,27.015020046331944],[-75.67693464360782,27.01502389317385],[-75.67693194771661,27.01502800471218],[-75.67692672981349,27.01503596222015],[-75.67692023651759,27.01504237738117],[-75.67691378679726,27.01504958891989],[-75.676907237313,27.015054941576164],[-75.67689980918688,27.01506059685651],[-75.67689143279246,27.015065228789652],[-75.67688301374685,27.01506906342916],[-75.6768753993906,27.01507126179316],[-75.67686687853852,27.01507323588992],[-75.67685920317415,27.0150743728343],[-75.67685069571367,27.015076609524165],[-75.67683494553867,27.01507802395981],[-75.6768332260524,27.015078178127375],[-75.6768170878223,27.015082348963546],[-75.67679728223395,27.015090147608586],[-75.67677727960383,27.015099822531752],[-75.6767377963042,27.01511781080993],[-75.6767036357856,27.015129704604995],[-75.67666951498272,27.01514239580998],[-75.67660173322925,27.01517068798158],[-75.67659503629761,27.015173382039002],[-75.67653206873284,27.01520812373791],[-75.67647142791178,27.015247298584605],[-75.67646023036792,27.015254717604112],[-75.676454867033,27.01526001817147],[-75.67645040824597,27.015265543094984],[-75.67644474680358,27.01527085499714],[-75.67643011267121,27.01528615594154],[-75.67641515455571,27.015295606766777],[-75.67639939752925,27.015306692733574],[-75.67638349109467,27.0153151193296],[-75.67637214914183,27.015319881375227],[-75.67636011776283,27.015328404574976],[-75.67634885914828,27.015334761291765],[-75.67633772077528,27.01534324442169],[-75.67632928099569,27.015352143347553],[-75.67632208660986,27.015362054334666],[-75.67631850343695,27.015367275018544],[-75.67631487664522,27.015371698450892],[-75.67631037417559,27.015376425246558],[-75.67630674840457,27.01538084950828],[-75.67624980858771,27.0154006704499],[-75.67615688216183,27.01543166593767],[-75.67611203804955,27.015438697413927],[-75.67609753754704,27.015440132951824],[-75.67608220419775,27.01544267263255],[-75.67606689786548,27.01544574186227],[-75.6760526446909,27.015451698352333],[-75.6760396204054,27.01545840095028],[-75.67601109637819,27.015470044518604],[-75.67596465593687,27.015485942052965],[-75.67595520023991,27.01548715705334],[-75.67594549005022,27.015489180638443],[-75.67593613618317,27.01549225705483],[-75.67592653083983,27.015496143672245],[-75.67591811058125,27.01549997565913],[-75.67591162013063,27.015506391507696],[-75.67590625659682,27.015511689432792],[-75.6759009048376,27.01551725614425],[-75.67589534702037,27.015524427607392],[-75.67588998445804,27.01552972548926],[-75.67588433663254,27.015535305192632],[-75.6758759630462,27.015539936917257],[-75.67586758653714,27.01554456876946],[-75.67585891201533,27.015549213698804],[-75.6758495590636,27.015552289192463],[-75.67583990897776,27.015555375975715],[-75.6758305987117,27.0155592496349],[-75.6758211439297,27.015560463707352],[-75.67581139210952,27.015561690813783],[-75.67580189371385,27.01556210763196],[-75.6757920982802,27.015562537484055],[-75.67578259891039,27.015562954343046],[-75.67577182416338,27.015561828835544],[-75.67576095051194,27.01555884178002],[-75.67575011662602,27.0155566530189],[-75.67574038551977,27.01555281578297],[-75.67572940902362,27.015547966475875],[-75.67572358107599,27.01554475712533],[-75.67571656302972,27.015541599998524],[-75.67570960324483,27.015539507909615],[-75.67570174159368,27.015537186966984],[-75.67569510702764,27.015535614840534],[-75.6756873044686,27.015534356275595],[-75.67568056288715,27.01553625306313],[-75.67567388025326,27.015539209612285],[-75.67566719966209,27.015542167820065],[-75.67566085879363,27.015545911160334],[-75.6756541753274,27.015548870367773],[-75.67564872557143,27.01555257460404],[-75.67564302044063,27.015557089212333],[-75.67562132429367,27.01556843304797],[-75.67559869457999,27.015579022175807],[-75.67557700269279,27.015585036582774],[-75.67555403937223,27.01558950931763],[-75.67550914620286,27.015601071852224],[-75.67550629211757,27.015602096806862],[-75.67547617055554,27.01561291409507],[-75.6754598234363,27.015618694823747],[-75.67544294035216,27.015625564039468],[-75.67542843897084,27.015627002136096],[-75.6754142344841,27.015628424580004],[-75.67539960004098,27.015627465765782],[-75.6753850122718,27.015627306690707],[-75.67534921230757,27.015627743487617],[-75.67532613593558,27.015628025942018],[-75.67525207136643,27.01563393901714],[-75.67523660773739,27.015635275909816],[-75.67521445823483,27.015637190321947],[-75.67517804761385,27.015640652032754],[-75.67514548213198,27.015643680963127],[-75.67501654409865,27.01565280063329],[-75.674942802769,27.015648310124416],[-75.67490482585501,27.015644910262793],[-75.67486806731566,27.01564199291573],[-75.67486030461018,27.01564153432329],[-75.67474600543802,27.015636414184574],[-75.67474307737197,27.015636282958855],[-75.6746697585591,27.015639499557643],[-75.67459649501599,27.01564378039547],[-75.67452222687778,27.015645971806897],[-75.67444792773743,27.015647632034433],[-75.67441998107392,27.015648059721812],[-75.6743214635797,27.01564998834759],[-75.67427730802957,27.01565085335745],[-75.67426365204913,27.01565145240167],[-75.67411931017048,27.01564552555991],[-75.67407652842674,27.015641271163062],[-75.674032911862,27.01563812096058],[-75.67400797815752,27.01563921465699],[-75.67398283362819,27.01564191592577],[-75.67393310871626,27.01564676296102],[-75.67387183217143,27.015641721381762],[-75.67380979743459,27.01563911401349],[-75.67375097911726,27.01564089384198],[-75.67373083874244,27.01564257726357],[-75.67371154486965,27.01564342351262],[-75.67369220443595,27.01564347176002],[-75.67366970860238,27.01564019505885],[-75.67365917462968,27.01563799115816],[-75.67364732270539,27.015633447565616],[-75.6736372344767,27.015628558187117],[-75.67362656880918,27.015623963437207],[-75.67361476047932,27.015620217094416],[-75.67360388393453,27.015617229047756],[-75.6735669312143,27.01561618647772],[-75.67352952676251,27.015617827007596],[-75.67345536038926,27.015621879008243],[-75.67341859651928,27.01562429056494],[-75.67338124917174,27.015626993502774],[-75.67335127067523,27.015628308278533],[-75.67331257833483,27.015628141069737],[-75.67327379872575,27.015626377593232],[-75.6731521136425,27.015626650755337],[-75.6731071819216,27.015632085442338],[-75.67306195417719,27.015637533964178],[-75.67304082086416,27.01563739402458],[-75.67303310272821,27.015637732494376],[-75.67302623012857,27.01563723384402],[-75.67301847040402,27.01563677584561],[-75.67301154060293,27.0156352129833],[-75.67300458180976,27.01563311978092],[-75.67299794909566,27.015631544763714],[-75.67299572555139,27.015628978972696],[-75.67299296684078,27.015627498998022],[-75.6729907432968,27.01562493320694],[-75.67298881767012,27.01562235260239],[-75.6729875442483,27.01562080924151],[-75.67298561565246,27.01561822789285],[-75.67298463834317,27.015616672420816],[-75.67298246023587,27.015614902053482],[-75.67298053164035,27.01561232070477],[-75.67297949030292,27.015611058328126],[-75.67297925826657,27.015610778216104],[-75.67297743537317,27.015610058990735],[-75.67297139376936,27.015608457175524],[-75.67296664509554,27.015608666294057],[-75.67296091804374,27.01560731823828],[-75.67295502674685,27.015608376628805],[-75.67295027700365,27.015608584044696],[-75.67294438181094,27.015609642605416],[-75.67293967565091,27.015610647274574],[-75.67293409500944,27.015611959594896],[-75.67292913641523,27.01561377537294],[-75.67292448852444,27.015615845954127],[-75.67292057326506,27.01561694272149],[-75.6728444823574,27.01563827468044],[-75.67282274767611,27.015643492037125],[-75.67274980568057,27.015653619933744],[-75.67267602872468,27.01566485023214],[-75.67260307316845,27.01567471280474],[-75.67254072947108,27.015682775733048],[-75.67247264426453,27.0156892262376],[-75.67240426103363,27.015695689760648],[-75.67234883240714,27.015705046811938],[-75.67229429507506,27.01571436824854],[-75.67224540519989,27.015721706433638],[-75.67222906919001,27.01572415829692],[-75.6721637996654,27.01573315017416],[-75.67203222127556,27.015764769540947],[-75.67191293548734,27.01579360181456],[-75.6719085659993,27.0157946581235],[-75.67189213917705,27.015798628301795],[-75.67182296252584,27.015823247304482],[-75.67178890256137,27.01583699905133],[-75.6717557143424,27.015850446763153],[-75.6717539340519,27.015850524811537],[-75.67168672749001,27.01587852243744],[-75.67161987704911,27.01590757112486],[-75.67161780073876,27.01590766302214],[-75.6715518257583,27.015936404855157],[-75.67153430436397,27.015944945148558],[-75.6714857406948,27.015968617434883],[-75.67146519049751,27.01597911353265],[-75.6714528084132,27.01598585729275],[-75.67140132895767,27.01601389363472],[-75.67133871654848,27.016049684785674],[-75.67133207643744,27.01605344095191],[-75.6712713158803,27.01609048253589],[-75.67124055546243,27.01611022047545],[-75.67120973780402,27.016128893320236],[-75.67118437028871,27.016143864783785],[-75.67115349459597,27.016161476058144],[-75.67112267592171,27.016180148921364],[-75.67105980981609,27.016216751062554],[-75.67105520525884,27.016219616197468],[-75.67094306703136,27.01629115954188],[-75.67090905744757,27.016322402127727],[-75.67090254851925,27.016328381264064],[-75.67088984300948,27.016340928280435],[-75.67087596707249,27.01635379852281],[-75.67086114259466,27.01636563924569],[-75.67084226593126,27.01637419597765],[-75.67082167104861,27.0163838956116],[-75.67080175983476,27.01638983087688],[-75.67079709679102,27.016391697419746],[-75.67074119266927,27.01641407263479],[-75.67068882207145,27.016446749441673],[-75.67064233705386,27.016475064012116],[-75.67063554673992,27.01647919919456],[-75.67058483507701,27.016504074754348],[-75.67053391058172,27.01653055882443],[-75.6704811631587,27.01655632359418],[-75.67042963085056,27.01658256582019],[-75.67037268875627,27.01660238596223],[-75.67032717155897,27.01661673724918],[-75.6703147701956,27.016620647906485],[-75.6702190507752,27.016638164525972],[-75.6702037005021,27.0166409732988],[-75.67011847793923,27.016655100691796],[-75.67007853172665,27.016648322704054],[-75.67007339035992,27.016646294778674],[-75.67006879984001,27.016644485786443],[-75.67006483960776,27.016642795191903],[-75.67005994454976,27.016640343773048],[-75.67001585298028,27.01665027024225],[-75.6699721301361,27.016661513935567],[-75.66991968506758,27.01667652010711],[-75.66990064428835,27.016681968493817],[-75.66986550085082,27.01669230457233],[-75.66983034379696,27.016702373679678],[-75.66976367036048,27.016718352991315],[-75.66969095935842,27.01673273354508],[-75.66961810105832,27.016744453691686],[-75.66954432648429,27.0167556814434],[-75.66948972891109,27.01676393630913],[-75.66944009031543,27.016770826699748],[-75.66941678345613,27.01677406178476],[-75.66937952556312,27.016778360173294],[-75.66934286258434,27.016782629858177],[-75.66926898246274,27.016791997878748],[-75.66919612696313,27.01680371757735],[-75.6691811336993,27.01680704040623],[-75.66910846312535,27.016822217907997],[-75.66903683066697,27.01684001230666],[-75.66896555338705,27.01685885868733],[-75.66893035162195,27.01686813025218],[-75.66889392100394,27.01687665559799],[-75.66888150370343,27.016880079746052],[-75.66882268622167,27.016896299177148],[-75.66882060788559,27.016896390226886],[-75.66881887110867,27.0168972654807],[-75.66874723865536,27.016915062283825],[-75.66871116213397,27.016924637895176],[-75.6686747721299,27.01693396141949],[-75.66860333397771,27.016949882837906],[-75.66856028600142,27.01695709785586],[-75.66848634842788,27.016965400184382],[-75.66842757186346,27.016968820405985],[-75.66841219505474,27.01696971519628],[-75.66837449375885,27.016971366679794],[-75.66833798068765,27.016972966973935],[-75.66826389784612,27.016978609560184],[-75.66824266944248,27.01698220448399],[-75.6681688363752,27.016992367876338],[-75.66809603760234,27.017005150090515],[-75.6680598564896,27.017012865893356],[-75.66802361911499,27.017019515675575],[-75.66795090847268,27.01703389487585],[-75.66791937739283,27.017039540190364],[-75.66784831629876,27.017051446937096],[-75.66777448019035,27.01706161015454],[-75.66770197730912,27.01707437823152],[-75.66767311960088,27.017079906377997],[-75.66760163757513,27.01709502979344],[-75.66752906892,27.017112065759818],[-75.66745743693873,27.01712986156581],[-75.66744040676998,27.017134072491714],[-75.66736883275028,27.017152930666363],[-75.66729857453164,27.0171741286673],[-75.66726059262892,27.017186986461684],[-75.66719249498138,27.017215019094046],[-75.66716065422641,27.01723133882443],[-75.66712756722684,27.017246647270422],[-75.66711622144093,27.017251407506972],[-75.66708347587156,27.017267498405687],[-75.66705034823993,27.017282009437203],[-75.66698451558642,27.017313408715815],[-75.66693562213693,27.01733900189052],[-75.6668718048147,27.01737457624068],[-75.66681006388532,27.017410060504773],[-75.66674842436504,27.017447403559828],[-75.66673891699583,27.017453150852262],[-75.66672969307596,27.017458618177262],[-75.66669976398545,27.0174772515605],[-75.66666898735355,27.017496722962758],[-75.6666083395155,27.017535889279092],[-75.66654956190837,27.01757657200993],[-75.66653180776153,27.017589342145023],[-75.66652457032438,27.017598455134173],[-75.66651735988582,27.017608098554252],[-75.66651130854441,27.01761715698735],[-75.6664904957478,27.017644718002174],[-75.66644649204187,27.017689020715277],[-75.66639850083986,27.017731097868793],[-75.66630484836678,27.0178034248795],[-75.66625553053188,27.017837564866138],[-75.66620533598038,27.017872009020504],[-75.66615830823135,27.017915376424842],[-75.66612548035364,27.017984506106327],[-75.6661198199873,27.017989818240807],[-75.66599037973361,27.018105389280592],[-75.66594844276291,27.018142832879597],[-75.66594589999417,27.018145344331067],[-75.66585837730968,27.018204608912672],[-75.66579503318239,27.018287068135656],[-75.66578544122888,27.0183021450365],[-75.66580686039093,27.01832386133191],[-75.66566827006379,27.018439727681354],[-75.66556553007031,27.018525509706997],[-75.6654965998717,27.01858742613743],[-75.66543857245361,27.018641935051534],[-75.66538877518686,27.018691118156042],[-75.6653773033815,27.01870244846547],[-75.66534815929576,27.018732530189034],[-75.66533955582857,27.018741410874583],[-75.66528145841929,27.018805518965785],[-75.66524318142852,27.018851168954104],[-75.66519518363295,27.01890950305258],[-75.66513848470873,27.01898287414068],[-75.66508385536471,27.019061487402563],[-75.66503463478499,27.019135597876726],[-75.6650152540455,27.019167628748487],[-75.66501563124208,27.019174541612347],[-75.66501559058347,27.019176086652887],[-75.66501524282295,27.01918921565804],[-75.66501189077472,27.01919868926361],[-75.66500662886415,27.019205849814757],[-75.66499826571561,27.01921074508303],[-75.66498948869064,27.019213530250962],[-75.66498697142971,27.01921425598143],[-75.66498187353146,27.019215726829056],[-75.66497534321414,27.01921601264534],[-75.66497326481037,27.019216103611978],[-75.66497171563051,27.019220436587634],[-75.664953781578,27.019246274810733],[-75.66495269678236,27.019248186444194],[-75.66494747836471,27.019256144262908],[-75.66494422792054,27.01926748019937],[-75.66494149047367,27.019271864308156],[-75.66493781928844,27.019275489236108],[-75.66493533738884,27.019279063861145],[-75.66493251274716,27.01928184994172],[-75.66493053887847,27.0192838031104],[-75.66492888511029,27.019286273011307],[-75.66492699727083,27.0192898207616],[-75.66492540351605,27.019293354766372],[-75.66492351572386,27.019296903388966],[-75.66492206889035,27.01930309429219],[-75.66492146601261,27.019308452582116],[-75.66491919567657,27.019321343970653],[-75.66490612225832,27.019365357447878],[-75.6649028281591,27.01937589350134],[-75.66489947920098,27.01938537047145],[-75.6648930807795,27.019409902898182],[-75.66488993179222,27.019423098555016],[-75.66488672488134,27.01943523263955],[-75.6648835758919,27.019448428297544],[-75.66487949320926,27.019460865646558],[-75.66487708943598,27.019471365359585],[-75.66487468955783,27.01948186490253],[-75.66487237873164,27.01948862873757],[-75.66486974561806,27.01949487156368],[-75.66486626308244,27.01950195423752],[-75.66486112281973,27.019516838020188],[-75.6648555925029,27.019535469811608],[-75.66485064363049,27.019553807724773],[-75.66484946962478,27.01956505279298],[-75.66484795886295,27.019575511677036],[-75.66484481000381,27.01958870995821],[-75.66484170547572,27.01960270285109],[-75.66484062046543,27.01961554324971],[-75.66483976592518,27.019621710860015],[-75.6648383616534,27.019628699955778],[-75.66483441057323,27.01964353169839],[-75.66482904017457,27.019654162128905],[-75.66482500097288,27.019667396756862],[-75.66482081679884,27.019677974397425],[-75.66481756719666,27.019689308561922],[-75.6648074530361,27.01971666871485],[-75.66479643508448,27.019743800866873],[-75.6647883416688,27.01975908058817],[-75.66478053079001,27.01977408126122],[-75.66477634660397,27.019784658904417],[-75.66477129511057,27.019801134539893],[-75.6647683783417,27.019818586979703],[-75.6647670331452,27.019826641101226],[-75.66476537544966,27.01983444309071],[-75.66476142322796,27.019849272268583],[-75.66475662445217,27.01986494029496],[-75.66475065094245,27.019880925542985],[-75.66474421185343,27.019904660609974],[-75.66474189504777,27.01991675488203],[-75.66473874601347,27.019929950561245],[-75.66473301357895,27.01994486115137],[-75.66471281795474,27.02000011167959],[-75.66469380900062,27.020044385005146],[-75.66468688729806,27.02005934677177],[-75.66467814160185,27.020073587439526],[-75.66467094525981,27.02008349773799],[-75.66466290110026,27.020094241692934],[-75.66465027521436,27.02011371740916],[-75.66464764016072,27.020119961202628],[-75.6646461934797,27.020126155611678],[-75.66464439255721,27.020131297041093],[-75.66464228486174,27.0201417846916],[-75.66464073051337,27.020151445452342],[-75.66463667683236,27.020164415795605],[-75.66463244910585,27.020174196176843],[-75.66462971258258,27.020178580250246],[-75.66462787975235,27.02018319058404],[-75.6646263749111,27.020188319056608],[-75.66462577492749,27.020193677236232],[-75.6646233710011,27.0202041752298],[-75.66462077953636,27.02021121804208],[-75.66460816276249,27.020247216378205],[-75.66458935011033,27.020289614345938],[-75.66458585290188,27.020296429239643],[-75.66458139403164,27.020301955423303],[-75.66457583202458,27.020309129111055],[-75.66456963518041,27.020315528781104],[-75.66456223480294,27.02032171793468],[-75.66455658950129,27.02032729341606],[-75.66455306340026,27.020333578829483],[-75.66454947918986,27.020338799176777],[-75.66454674168193,27.020343183293402],[-75.66454440459677,27.020349413174923],[-75.66454115404626,27.020360749148406],[-75.66453940931954,27.02036695660464],[-75.66453671823015,27.020372137866822],[-75.66453433477078,27.02037757147577],[-75.66452100813244,27.02040054212631],[-75.6645139122289,27.020412312191823],[-75.6644949453098,27.02043552879818],[-75.66448393161686,27.020446405326677],[-75.66447385542178,27.020458038255942],[-75.66445212197826,27.02048510775009],[-75.66442803407789,27.02051814294911],[-75.66442059566623,27.020530149217308],[-75.6644181891291,27.020534032697714],[-75.66440746644423,27.02055022579199],[-75.66438492974041,27.020578928785266],[-75.664353992812,27.020617327192255],[-75.6643385636144,27.02063452629426],[-75.664322189116,27.020650700899484],[-75.66430650629319,27.020668709400006],[-75.66430302457822,27.0206757911724],[-75.66429705977069,27.020686444999637],[-75.66429427873993,27.020690031840843],[-75.66429273041798,27.02069436391672],[-75.66428994933915,27.020697949885626],[-75.66428712481184,27.020700739452394],[-75.66428340993592,27.02070356535735],[-75.6642769615618,27.020710777824043],[-75.66427248710906,27.02071603712405],[-75.66426881582268,27.020719662047703],[-75.66426083061864,27.02073147102211],[-75.66425149867854,27.020740408901077],[-75.66424689368847,27.02074327550448],[-75.66424144203488,27.020746979209324],[-75.6642365825529,27.020750657000985],[-75.6642320645522,27.020755118152994],[-75.66422754659851,27.020759580177216],[-75.66421494090261,27.020773989745948],[-75.6641953595692,27.020791369651633],[-75.66418415724145,27.02079879014081],[-75.66417410155827,27.020805360400892],[-75.66416754767084,27.020810710690384],[-75.66416593427688,27.020812096348877],[-75.66416101112324,27.02081632515614],[-75.66415454533968,27.02082327256898],[-75.66414947379255,27.02083004268046],[-75.664145668926,27.02083512053534],[-75.66413559262811,27.02084675344736],[-75.66413022711907,27.020852054356858],[-75.66412740341141,27.020854841261144],[-75.66412368866486,27.020857669778522],[-75.6641170052134,27.020860627325725],[-75.66410500257018,27.020869681183516],[-75.66409390260257,27.020878960476544],[-75.66408096430415,27.02088725609555],[-75.66405559366885,27.020902223335018],[-75.66403135335484,27.020916076994876],[-75.66400608526898,27.020932906524692],[-75.66399407963176,27.020941959626747],[-75.66398080173217,27.020949470914616],[-75.66396777642424,27.020956171969832],[-75.66394296243193,27.020964986332455],[-75.66391844734765,27.02097378586097],[-75.66387016912282,27.0209942881483],[-75.66384380675318,27.021007434560993],[-75.66381651072139,27.021019823514543],[-75.66380244912266,27.02102390392145],[-75.6636684695611,27.02106627643393],[-75.66360153945,27.021083062777336],[-75.66357589920095,27.02108764886913],[-75.66356614647859,27.021088874749406],[-75.66355668998615,27.0210900902912],[-75.66351630983195,27.021097186306267],[-75.66347625478126,27.021104801449273],[-75.66338001874988,27.02111354458686],[-75.66323351970081,27.02111728784174],[-75.6631096883148,27.02111657407958],[-75.66299406902215,27.02110271143136],[-75.66292200797936,27.02109093908252],[-75.66290812087232,27.021087282250853],[-75.66289546257254,27.021084370841518],[-75.66287771566316,27.021080883726693],[-75.6628602647954,27.021077382784114],[-75.66283588579108,27.021072318115607],[-75.66281141987636,27.021065659760687],[-75.66279282439223,27.021063010677786],[-75.66277422974066,27.02106035893182],[-75.66276153186618,27.021056650058355],[-75.66274891705703,27.02105453590623],[-75.66272457978947,27.021050272060336],[-75.6627116833088,27.021048435160065],[-75.66269907147182,27.021046321745864],[-75.66269120784413,27.021044002378947],[-75.66268448884075,27.02104083114114],[-75.66267751528169,27.02103847021601],[-75.66265879025065,27.021033427491318],[-75.66263614821541,27.021027487616387],[-75.66261380227115,27.02102153478474],[-75.6625683308667,27.02100620155639],[-75.66252319807137,27.020991652674947],[-75.66251138950399,27.02098790574533],[-75.662499622372,27.020984954431086],[-75.66248385337481,27.02097951394203],[-75.66247016005522,27.020973985282524],[-75.66245688768869,27.020965237125452],[-75.6624502093044,27.020962864148373],[-75.66244408444048,27.020959666907558],[-75.66243617721011,27.020956547627385],[-75.66238402940022,27.020938840379355],[-75.66236751227272,27.020936097687148],[-75.66235006345691,27.020932597440222],[-75.6623353267505,27.020929776868314],[-75.66232351912828,27.02092602900149],[-75.66231170761135,27.020922281303644],[-75.66229678546958,27.020916006316792],[-75.66225918396705,27.020897662768142],[-75.66224619224356,27.020888635627287],[-75.66223296348711,27.020880686462583],[-75.66222754719749,27.020877574509655],[-75.66220623589312,27.020865331560724],[-75.66217757687771,27.02085272796722],[-75.66215478995794,27.020844129232987],[-75.66213903556897,27.020838955611588],[-75.66212330713144,27.020834311597415],[-75.66211145513476,27.020829767344804],[-75.66210053482523,27.02082598064478],[-75.66208293917343,27.0208198225589],[-75.66206513424048,27.02081526935441],[-75.66201502261269,27.020796674564725],[-75.66200715791484,27.020794352569432],[-75.66200232189703,27.02079296572183],[-75.66199853058197,27.020800210462347],[-75.66196620884129,27.020861972435377],[-75.66199615566666,27.020876386555788],[-75.66197708879454,27.020919594342473],[-75.66164695732812,27.020797312559644],[-75.66165990051599,27.02075090752964],[-75.6616964087085,27.02076556903278],[-75.6617205816015,27.020706315386235],[-75.66172187001325,27.020703158514983],[-75.66172004598772,27.020702436484846],[-75.66171400825584,27.02070083636855],[-75.66170817953005,27.020697626135224],[-75.66169721579061,27.020693042115447],[-75.66165988902614,27.020679750708815],[-75.66164689221337,27.02067605389646],[-75.66163724717346,27.020673810605008],[-75.66162637329965,27.020670821000753],[-75.66161574814909,27.02066702134187],[-75.66160491788759,27.020664831627688],[-75.6615892495817,27.020661253385075],[-75.66158489696312,27.020660477549345],[-75.6615736237232,27.020658471585797],[-75.66156363908657,27.020655443087403],[-75.66155399497808,27.020653198872804],[-75.66153842524167,27.02065148222237],[-75.66151027360863,27.020648181440293],[-75.66148223806304,27.020647009916395],[-75.6614589379586,27.02064536287132],[-75.66143663051965,27.020645538322142],[-75.66142589780678,27.02064520935849],[-75.66141544959756,27.020644601268927],[-75.66139309859804,27.020643977689378],[-75.66137192055132,27.020643039626425],[-75.66135906671072,27.020642000736483],[-75.66134467173877,27.020639966874356],[-75.66133082830169,27.02063710796727],[-75.66131138706294,27.02063529214339],[-75.66129196232461,27.020633743151926],[-75.66127548881421,27.020631798421665],[-75.6612590142831,27.02062985285881],[-75.66122799758688,27.020628545810844],[-75.66117967310274,27.02062639459775],[-75.66115647444086,27.020626608079315],[-75.66113321790762,27.020625759974866],[-75.66111675783729,27.02062407956446],[-75.66109914164619,27.020622986568497],[-75.66107880923626,27.02062120966519],[-75.6610576900914,27.020621333942476],[-75.66105175083753,27.020621593640787],[-75.66104496776111,27.02062268941145],[-75.6610411669619,27.020623923212018],[-75.66103734956886,27.02062488843145],[-75.66103090608745,27.02062676940253],[-75.66102318739426,27.02062710690588],[-75.6610164633032,27.020629266829243],[-75.66100785342934,27.020629643298513],[-75.66098732533773,27.020629739093053],[-75.66096826828156,27.02062950825076],[-75.66095853003115,27.02063099903881],[-75.66094903092429,27.0206314143842],[-75.66093359158828,27.02063208946219],[-75.66091696693321,27.020632816364895],[-75.66089597826112,27.020635334178124],[-75.66084529283006,27.020644478861694],[-75.66080529575984,27.020653157064707],[-75.6607671824151,27.020663617050456],[-75.6607289657877,27.02067221824985],[-75.66070767799515,27.020674747350764],[-75.66068763742442,27.020678288649975],[-75.6606130360967,27.02069087813044],[-75.66059482041089,27.020695139674466],[-75.66055674769399,27.0207063995986],[-75.66053299311436,27.020712767454945],[-75.66051021384598,27.02072069364017],[-75.66049787546261,27.020723630601587],[-75.66047787540346,27.0207279692613],[-75.66045664860866,27.0207315641216],[-75.66040055472432,27.020745210208513],[-75.66038150569247,27.020750572255437],[-75.66034742317012,27.020764056052943],[-75.66031325455836,27.02077594262656],[-75.66028661633162,27.02078403658953],[-75.6602713258122,27.020787371014027],[-75.66025607577582,27.020791501968127],[-75.66024201402895,27.020795581845547],[-75.66023071273591,27.020801139394678],[-75.66021818071805,27.020805951569713],[-75.66019917126309,27.020812111900746],[-75.66017936346701,27.020819907229985],[-75.6601616302719,27.02082761273578],[-75.66015291254784,27.020831456356127],[-75.66014449202666,27.020835289606328],[-75.66012924197383,27.020839420540923],[-75.66011775230909,27.020841522048514],[-75.66011306025315,27.02084279389966],[-75.6601071654051,27.020843850773492],[-75.66009404119808,27.02084868882033],[-75.66007055808865,27.02086011080764],[-75.660045888485,27.020871581159522],[-75.6600403351206,27.020873422277706],[-75.6600374264504,27.02087461703885],[-75.66003450123739,27.020875544090718],[-75.66002904834863,27.020879246726697],[-75.66002363997977,27.020883748341443],[-75.66002160492863,27.020884635605313],[-75.66001988255495,27.020885778507257],[-75.66001789002861,27.02088746396291],[-75.66001492038954,27.020887593779836],[-75.66001318342099,27.020888468887307],[-75.66001110691377,27.020888559661124],[-75.66000843438356,27.02088867736419],[-75.66000635787627,27.020888768137908],[-75.66000338818962,27.020888897082187],[-75.65999685771067,27.020889182559085],[-75.65998919596304,27.0208905833483],[-75.65998151966808,27.0208917172149],[-75.65997270169055,27.0208937036626],[-75.65996512777008,27.020896698089075],[-75.65995666280757,27.020899734089223],[-75.65995110943898,27.020901575202373],[-75.65994536245239,27.0209052915643],[-75.65993332748216,27.02091381467072],[-75.65992503729211,27.020920039734147],[-75.6599167605785,27.020926530017118],[-75.6598718557154,27.020954345536484],[-75.6598118020227,27.020988150784117],[-75.65980051521632,27.020993975208807],[-75.6597892119139,27.02099953279519],[-75.65976388399191,27.021015298792634],[-75.6597227489647,27.021041349357613],[-75.65968078544452,27.021068500232563],[-75.65966784566078,27.02107679530097],[-75.65965367705243,27.02108434402944],[-75.65963246148058,27.021099129315036],[-75.65961852376815,27.021110933137873],[-75.65960454060871,27.02112193889416],[-75.65958311577491,27.021138330796738],[-75.65956557180004,27.02114949306586],[-75.65954694184042,27.021162566089384],[-75.65953568486302,27.021168920799916],[-75.65950062471512,27.021202702766463],[-75.6594887633375,27.021214413195633],[-75.65947686250132,27.021225327919826],[-75.6594649151514,27.021235442875494],[-75.6594591642201,27.021239159383434],[-75.65942832721043,27.02125756450209],[-75.65941217944155,27.021265880840588],[-75.65940401438317,27.021270085838164],[-75.65940025533834,27.021278088897777],[-75.65939788031302,27.021283146906203],[-75.65938762940546,27.021291589350575],[-75.65938686840117,27.02129179573846],[-75.65937237931568,27.021295721916275],[-75.65936608056855,27.02130026066606],[-75.65936159946011,27.021310851078827],[-75.65935986247445,27.021311726175917],[-75.65935907378872,27.02131362830966],[-75.65935708118911,27.021315312882138],[-75.6593561910214,27.02131535266359],[-75.65935415497701,27.02131623995734],[-75.65934681294847,27.021323491145186],[-75.65933868394244,27.02133264001976],[-75.65933227459688,27.02134064961928],[-75.65932705545085,27.021348607198256],[-75.6593133638616,27.02136492948344],[-75.65929702866485,27.021381900679668],[-75.65926840559803,27.021408203389406],[-75.6592527876553,27.02142194389696],[-75.6592389512569,27.021435609160836],[-75.65922361055114,27.02145440192239],[-75.65920996151677,27.02147292138919],[-75.65920920067137,27.02147395492673],[-75.65920399493126,27.021482176851773],[-75.65920121358488,27.021485762683636],[-75.65919843520766,27.021489349260076],[-75.65919480703894,27.021493770406664],[-75.65919024525678,27.021497434053746],[-75.65918449526639,27.021501150506523],[-75.65917904331327,27.021504853933074],[-75.65917831428722,27.021505324731486],[-75.65917329526975,27.021508570300153],[-75.65916788476291,27.02151307021843],[-75.65915886262309,27.0215222589922],[-75.65914604770957,27.02153827713674],[-75.65914559980875,27.021538818713868],[-75.65913348451178,27.02155348597528],[-75.65911523202811,27.021573471848438],[-75.65909781176732,27.021592354610267],[-75.6590688199218,27.02162826878095],[-75.65904071914746,27.021664142254572],[-75.65903620078929,27.02166860317683],[-75.65903172694115,27.021673863080977],[-75.65901440713691,27.021694608233393],[-75.65899920836439,27.021716061614573],[-75.65898420076567,27.021740970039314],[-75.65897294768382,27.021763847587923],[-75.6589604658164,27.021785979660073],[-75.65895163206862,27.021798627086298],[-75.65893355328866,27.02182180293908],[-75.65892432002106,27.02183260103315],[-75.65891445103298,27.021842625981574],[-75.65889327223185,27.02186353977187],[-75.65887118972263,27.021884227242698],[-75.65885735302966,27.02189788986011],[-75.65884470376228,27.021911503206354],[-75.65883274084672,27.021921353847215],[-75.65882054065055,27.02193227897156],[-75.65881166425469,27.021944126452],[-75.65880587660226,27.02195032426171],[-75.65880154272757,27.021954964230904],[-75.65879165633756,27.021964724120526],[-75.65878140527154,27.021973166523196],[-75.65877688692748,27.021977628311074],[-75.6587711803198,27.021982142027323],[-75.65876666484907,27.021986602814906],[-75.65875747405036,27.021998199096117],[-75.65874167459198,27.022025008028805],[-75.65872462985088,27.02205080464226],[-75.65870943375302,27.022072256136223],[-75.65869419128643,27.0220929104758],[-75.65867596759689,27.0221134292838],[-75.65865775542319,27.022134213396786],[-75.65863916288357,27.022164341101927],[-75.6586192508238,27.022192129802956],[-75.65861568154216,27.022197615103256],[-75.65861398699127,27.022199287514386],[-75.65861205335358,27.0222020371127],[-75.65861041780396,27.02220477455918],[-75.65860846864953,27.022207257276364],[-75.65860852667696,27.02220832235432],[-75.65860772332573,27.022209955820504],[-75.65860776681065,27.022210753974747],[-75.65860786822795,27.02221261546236],[-75.65860697702783,27.022212654407223],[-75.65860424008575,27.022217038344092],[-75.65859526415419,27.022227024245268],[-75.65858607422697,27.022238619606497],[-75.65858244603476,27.022243041615575],[-75.65857807261192,27.022250163913576],[-75.65856884104771,27.022260959290104],[-75.65855995017485,27.022272542456093],[-75.65853919117255,27.022301165592285],[-75.65852131507431,27.022328066136154],[-75.65851061973439,27.022344788171733],[-75.658503250299,27.022357112775694],[-75.65849998163192,27.02236257881763],[-75.65849467526662,27.022368938330025],[-75.65848941155281,27.02237609865656],[-75.6584838951333,27.022384068332002],[-75.65847956508183,27.022391987039843],[-75.65847674013709,27.02239477383675],[-75.65847524942892,27.02240017005483],[-75.65847340270093,27.02240451509021],[-75.65847344516303,27.022405312415394],[-75.65847359006095,27.022407972059582],[-75.6584736779072,27.022409566582315],[-75.65847373495887,27.022410631703792],[-75.65847382183111,27.022412226269093],[-75.65847392315038,27.02241408601378],[-75.65847396668156,27.02241488504107],[-75.65847401113922,27.022415683153472],[-75.65847316337278,27.02241651937978],[-75.65847237538996,27.022418417110707],[-75.65847127223417,27.02242006717526],[-75.65847043988869,27.022421168538397],[-75.65846870286757,27.022422043623198],[-75.6584667111934,27.02242372814213],[-75.65846380243956,27.02242492286279],[-75.6584621059323,27.022426595357878],[-75.6584591392003,27.02242672587171],[-75.6584563153226,27.022429514370433],[-75.65845467878853,27.022432251859318],[-75.65845105062702,27.022436674739193],[-75.65844746687493,27.02244189485923],[-75.6584447867767,27.022447340428094],[-75.65844209227866,27.02245252168991],[-75.65843701683914,27.02246313807133],[-75.65842797458292,27.02247739120125],[-75.65841829387318,27.022490874797427],[-75.65840547849926,27.02250689028897],[-75.65839649968078,27.022516878055526],[-75.65838633254059,27.02252691687322],[-75.65837804117047,27.022533143630262],[-75.65837070073776,27.022540392076955],[-75.65836053363857,27.02255043176511],[-75.65834962300573,27.02256316729662],[-75.65833873945704,27.022576435888638],[-75.65832498733009,27.02259023903493],[-75.65832152800056,27.02259371108119],[-75.65831408331906,27.022599099906714],[-75.6583066995345,27.022605552811655],[-75.6582973212389,27.0226136921052],[-75.6582834852852,27.02262735463749],[-75.65826555002356,27.022653190131784],[-75.6582466801102,27.022678267283347],[-75.6582385480488,27.02268741885936],[-75.65822951213872,27.02269634149473],[-75.65820504071529,27.0227277919168],[-75.65819956479969,27.02273655987106],[-75.65819346877491,27.022744823298826],[-75.65818422075,27.02275535443758],[-75.65817976020413,27.022760878675122],[-75.65817753149135,27.022764126442862],[-75.65817617831878,27.02276609783448],[-75.65817101600267,27.022775120519732],[-75.65816838032765,27.022781364202],[-75.65816761951518,27.022783796739443],[-75.6581656857516,27.02278654459074],[-75.65816489697339,27.022788445853784],[-75.6581629043565,27.022790131283756],[-75.65816122534511,27.02279207144505],[-75.65815923272804,27.022793756874957],[-75.65815759710199,27.02279649344797],[-75.65815462840709,27.022796624037614],[-75.65815289035231,27.02279749828828],[-75.65814913283111,27.022799529268493],[-75.65814625192837,27.022801253511194],[-75.65814338449746,27.022803242976185],[-75.65813971286748,27.02280686856685],[-75.65813430420332,27.022811369237495],[-75.6581242673351,27.02282380076406],[-75.65811418902655,27.02283543579315],[-75.65808689909683,27.02286434511876],[-75.65806859971956,27.02288353461418],[-75.65805023176326,27.0229013936761],[-75.65804209858554,27.022910543541634],[-75.65803484309536,27.022919388372394],[-75.65800929116556,27.02294742343663],[-75.65799738873139,27.022958335479057],[-75.65798523187155,27.02297006131668],[-75.65797258115467,27.02298367203254],[-75.6579608652165,27.022998043710192],[-75.6579424672478,27.023015370697504],[-75.65794143060847,27.023016288620695],[-75.6579231617151,27.023032472398388],[-75.65791542468425,27.02304081188654],[-75.6579138865332,27.023042470461025],[-75.6579037627852,27.023053308278428],[-75.6578918168891,27.02306342302733],[-75.65787985464425,27.023073273552434],[-75.65785877661885,27.023096048713146],[-75.65784413434282,27.023111347419057],[-75.65783072659926,27.023127389619738],[-75.65780135696446,27.02315638975275],[-75.65774962705068,27.023201026649712],[-75.65773649190164,27.023211194216103],[-75.657724590504,27.023222108810582],[-75.65771353192171,27.02323218564986],[-75.65770901441482,27.02323664736759],[-75.65770538515042,27.02324106940384],[-75.65770256028863,27.02324385880434],[-75.65769993397542,27.02324477272954],[-75.65769418572901,27.02324848903386],[-75.65768864477413,27.023250597915183],[-75.65768190387037,27.023252490786412],[-75.6576790365055,27.0232544819857],[-75.65767606677042,27.023254611730945],[-75.65767343953006,27.02325552657035],[-75.6576705132232,27.023256453601192],[-75.6576684800295,27.02325734073827],[-75.6576659078345,27.023259319915926],[-75.65766391811634,27.023261005211065],[-75.65766228056204,27.023263742738205],[-75.65765663361287,27.02326931879254],[-75.65763940740173,27.023286328730364],[-75.65762166780462,27.02329936255564],[-75.65759182018006,27.023319589881247],[-75.65757611449534,27.023327501909808],[-75.65755996024309,27.023335639012117],[-75.65752786021308,27.023352765365544],[-75.65751859246893,27.023357434601706],[-75.65750996131898,27.023362875209273],[-75.65749148184217,27.023373277974173],[-75.65747260677217,27.023381831216398],[-75.65745368428085,27.023389585594508],[-75.65744695891921,27.02339174620512],[-75.65744487941889,27.023391837051584],[-75.6574422086976,27.023391953726442],[-75.65744012919725,27.023392044572777],[-75.6574383487164,27.023392122355954],[-75.65743527851178,27.023390389681044],[-75.6574332019335,27.0233904803996],[-75.65743062972793,27.023392459571948],[-75.6574268131724,27.023393425487335],[-75.65742388977928,27.02339435238347],[-75.65742102147586,27.023396344491022],[-75.65741724931966,27.023398107649843],[-75.65741349072788,27.023400137776292],[-75.65740977560895,27.023402966061262],[-75.65740521353216,27.02340662790688],[-75.65740352004443,27.023408302879083],[-75.65740069502289,27.023411089655664],[-75.65739777162878,27.023412016551077],[-75.65739598919941,27.023412094418536],[-75.6573939561884,27.02341298503958],[-75.65739104431555,27.023414177243062],[-75.65738167414507,27.02341698413922],[-75.65737876236692,27.023418178086942],[-75.657375882445,27.023419903140443],[-75.65737503270742,27.02342073944554],[-75.65737331116343,27.023421881396665],[-75.65737216829773,27.023422731381633],[-75.65737136393328,27.02342436488807],[-75.65736849655383,27.023426356079455],[-75.65736686093342,27.023429093518263],[-75.65736624290723,27.02343418405332],[-75.65736657586498,27.023440297164797],[-75.65738445460076,27.02346803315654],[-75.65712896891078,27.023580710409146],[-75.6570284817927,27.023625027681977],[-75.65689166617847,27.02368536686832],[-75.65685323068627,27.023702317688272],[-75.65685063731743,27.023709358687928],[-75.65684804696522,27.023716401304704],[-75.65684561584912,27.0237208461751],[-75.65684371666865,27.0237243199814],[-75.65684203468118,27.02372626025446],[-75.6568401027941,27.023729008004334],[-75.65683836377653,27.023729883149198],[-75.65683722094778,27.02373073400112],[-75.6568363307506,27.023730773759468],[-75.65683465149482,27.023732710415597],[-75.65683350564893,27.02373355965058],[-75.65683176857922,27.023734434710228],[-75.65683092092273,27.02373527354336],[-75.65682884243381,27.02373536520626],[-75.65682801005033,27.023736466560937],[-75.65682593049237,27.02373655652174],[-75.6568246446063,27.023737003537583],[-75.65682330317773,27.023737470467132],[-75.65681462948976,27.023742113689867],[-75.6568054621037,27.023748645280115],[-75.65679708349082,27.023753274738187],[-75.65678851107945,27.02375977771552],[-75.65676426659282,27.023773629772887],[-75.65673889370792,27.02378859785697],[-75.65672977668434,27.023794010656104],[-75.65672567023414,27.023796448548293],[-75.656705456625,27.023808447463985],[-75.65668939591374,27.023819542744263],[-75.65667259626078,27.023828005183624],[-75.65665376245663,27.02383735565271],[-75.65663386575235,27.023843556679616],[-75.65659507518454,27.02385804141492],[-75.6565109280357,27.02389209972346],[-75.65648559945205,27.023907864993244],[-75.65646022632546,27.02392283039439],[-75.65643576464896,27.023932695934676],[-75.65640912481561,27.02394078717308],[-75.6563589029379,27.023958438820276],[-75.65631066323846,27.02397973485728],[-75.65626359527809,27.024000711260854],[-75.65621907183508,27.02401918158209],[-75.65617359901063,27.024036623102],[-75.65605080467603,27.02408782791575],[-75.65594331072563,27.02415222073265],[-75.65584796643216,27.024210218386216],[-75.65579270222987,27.02424461401444],[-75.65573650427008,27.024278250328884],[-75.65568228346547,27.0243099343424],[-75.65562687431401,27.024341670218913],[-75.65557591270755,27.02437854209339],[-75.65552371929479,27.02441466767183],[-75.65546677271276,27.02445100252291],[-75.65540981349284,27.02448707033361],[-75.65532462130042,27.024556617257495],[-75.65528975439884,27.024588522746818],[-75.65525368755242,27.024620213058306],[-75.6551667137244,27.024689840281024],[-75.65512294106041,27.02472213194243],[-75.65511676597278,27.02472683555713],[-75.65507950805454,27.02475521144088],[-75.65504880974758,27.024786539631958],[-75.65503722006746,27.024798367170664],[-75.65499524173988,27.02484177780333],[-75.65491264829203,27.02492080383469],[-75.65489848785442,27.02493415572973],[-75.65486848890286,27.024962442840142],[-75.65482344217463,27.02500412144433],[-75.65474771217589,27.025088978908933],[-75.65473111111001,27.025107986184402],[-75.65470681195654,27.02513580757217],[-75.65466679024755,27.025182328561176],[-75.65460166580596,27.0252597934476],[-75.65455557423213,27.02530418357714],[-75.65451075956908,27.025350114574834],[-75.65447433432396,27.025391681629234],[-75.65443903938724,27.02543213170709],[-75.65437397724146,27.025499735073996],[-75.65436472259834,27.025504671014783],[-75.6543551977923,27.025510150375002],[-75.65434474321954,27.025514871132625],[-75.65433553182496,27.025520601748635],[-75.65432615274834,27.02552874074827],[-75.65432249572603,27.0255323533395],[-75.65431796588727,27.025536827703498],[-75.6543167607104,27.025538309934532],[-75.65430987532886,27.02554677377151],[-75.6542841755634,27.025572151112296],[-75.65428332966415,27.025572987227097],[-75.65428260051563,27.0255736005232],[-75.65418998784536,27.025651417865728],[-75.65413905844677,27.025694417145772],[-75.65411312689514,27.025715537561094],[-75.65408851202484,27.02573900068893],[-75.65406463683695,27.02576509403298],[-75.65404413093376,27.025792907994852],[-75.6540440821812,27.025792980948264],[-75.65400368602714,27.02585357124701],[-75.65398967334676,27.025874972324146],[-75.65396728555311,27.02591659280788],[-75.65396589180052,27.02591918499557],[-75.6539647702582,27.025921719833402],[-75.65394522375142,27.025965926026444],[-75.65392285256506,27.026019675295377],[-75.65390379045984,27.026074074952362],[-75.65387573232744,27.026181904170222],[-75.65385923921164,27.026288964571847],[-75.65385845014767,27.02629086320955],[-75.65385339915498,27.026356646224823],[-75.65385137593512,27.026423363856882],[-75.6538555347351,27.026532039444195],[-75.65385630363176,27.02655214220264],[-75.65386802744078,27.02665823697247],[-75.65387643942076,27.026692514893746],[-75.6538868298378,27.026724843139025],[-75.65389744104847,27.0267499078078],[-75.6539281530507,27.026822449788675],[-75.65394678077807,27.02686401144314],[-75.65396547038814,27.026906638032273],[-75.65400170096547,27.027003668698356],[-75.654031777146,27.027098072043025],[-75.6540343617474,27.027106183755624],[-75.65404338508665,27.027127689035048],[-75.65407642126566,27.027206422644095],[-75.65407739833817,27.02720797838396],[-75.65411404331859,27.02728450665869],[-75.6541297760381,27.027317362493275],[-75.65415829682469,27.027376616778767],[-75.65418653500086,27.02743614922365],[-75.65424746782011,27.027544094935163],[-75.6543021636661,27.027641383870645],[-75.65434588950998,27.0277101043139],[-75.65437278291138,27.02775236937685],[-75.65440099928816,27.02779393400933],[-75.65444008121212,27.027851506663453],[-75.65445641540953,27.02786731705643],[-75.65447364297262,27.027883091072407],[-75.65448282057764,27.027890546873135],[-75.65448578505324,27.027892954081963],[-75.65449703888555,27.027902857614798],[-75.65450719023166,27.02791440854294],[-75.65450847879836,27.027916215627386],[-75.65451034817904,27.02791773328975],[-75.6545187315207,27.027929628962834],[-75.65452799341031,27.02794121609556],[-75.65453756511614,27.027953059891317],[-75.65454250375161,27.027956308651785],[-75.65454748583328,27.027960355586913],[-75.65455661748837,27.027969549938216],[-75.6545648434892,27.027978518883277],[-75.65457017966474,27.027983617996366],[-75.65457600850405,27.027986826145412],[-75.65459322154173,27.028002332344478],[-75.65460640076944,27.0280148178485],[-75.6546208096699,27.028028046244184],[-75.65462797276592,27.028033864798296],[-75.65463483668248,27.028039693789676],[-75.65464514038233,27.028048572028588],[-75.65465649466043,27.028060338000127],[-75.65466669135179,27.028072685264227],[-75.6546741399221,27.028083819920255],[-75.6546784632985,27.02809216003481],[-75.65468053325507,27.028097398236238],[-75.65468284446308,27.028101561766203],[-75.65468703764195,27.02810750997204],[-75.65470235917947,27.028126562217597],[-75.65470630906711,27.028131628286364],[-75.65471803486619,27.02814666751344],[-75.65472631966698,27.02815669802548],[-75.65473375386652,27.028167568366854],[-75.65474292896921,27.028177560011244],[-75.65474792565355,27.028181874742717],[-75.65476134307572,27.028193282200697],[-75.65476815215044,27.028198049441542],[-75.65477531216152,27.02820386462694],[-75.65478039565114,27.028209773963674],[-75.65478453086487,27.028214657061373],[-75.654794891563,27.02822459956715],[-75.65480495600471,27.028234552382884],[-75.65481691306564,27.02824096083716],[-75.65482195199563,27.028246069422458],[-75.65483117745296,27.028251532989138],[-75.65483158816869,27.028251759889386],[-75.65484007759143,27.028256473004],[-75.65485319892365,27.028267893380168],[-75.65486544249609,27.028279618767105],[-75.65488671851502,27.028298678606657],[-75.65492723811522,27.02833235676135],[-75.65493527601005,27.02833786866995],[-75.65494332941104,27.028343647466457],[-75.65496883916309,27.02836945292474],[-75.6549770218049,27.02837762367285],[-75.654986153609,27.028386818870942],[-75.65500647960026,27.02840485515646],[-75.65501679685465,27.0284139985974],[-75.65502173554032,27.028417247339153],[-75.65502667427387,27.028420496953014],[-75.65503175682329,27.028426406324087],[-75.65504955658189,27.028447216311143],[-75.65505003319223,27.028455989313922],[-75.65517609431667,27.028645042404513],[-75.65518786745552,27.02866451711525],[-75.65519760640191,27.02868488158962],[-75.65519862696915,27.028687235504332],[-75.65519877171748,27.02868989434959],[-75.65520103956615,27.028693260572407],[-75.65520305177992,27.028697437156335],[-75.65520620983746,27.028700762763012],[-75.65521276833906,27.028711938021722],[-75.65522245019203,27.02873123560191],[-75.65523303693341,27.028750762114466],[-75.65523860676487,27.028760115449128],[-75.65524471080215,27.02876837694499],[-75.65524988117782,27.028775880880154],[-75.65525421904582,27.028784485306666],[-75.65525764832445,27.028792864460975],[-75.65526109593719,27.028801508632107],[-75.65526231919699,27.028807585630116],[-75.65526519492961,27.028822117612787],[-75.65526692481845,27.02883750057468],[-75.65527243528096,27.028867643581954],[-75.65527699750358,27.0288967612281],[-75.65528178180361,27.02893546396046],[-75.65528240426444,27.028946897529597],[-75.65528301209831,27.02895806242304],[-75.65528824029404,27.028999412701253],[-75.65529340661274,27.029039698046528],[-75.65529468041424,27.0290630955691],[-75.6552931117389,27.02909811118276],[-75.6552929334875,27.029102082618543],[-75.65529076262852,27.02911683671038],[-75.65528667157834,27.0291455330019],[-75.65527739317342,27.029188312398198],[-75.65525814372981,27.029261113349207],[-75.65525206624754,27.029275238815938],[-75.65524683844677,27.029288525359895],[-75.65524362954235,27.02930065873742],[-75.65523954573754,27.02931309613218],[-75.65522726261374,27.02934987981676],[-75.6552125187794,27.029385171662902],[-75.65520559423078,27.02940013069551],[-75.65519261625036,27.02942415136953],[-75.65517720560402,27.02944721323492],[-75.65516638031404,27.029461544247972],[-75.65510166194592,27.029546455979226],[-75.65508330140239,27.029564582973272],[-75.65506263835277,27.029584985125894],[-75.65505195469329,27.029595533410035],[-75.65504654439245,27.02960003407293],[-75.65504079359052,27.02960375039883],[-75.65503975821893,27.029604227556217],[-75.65503440713977,27.02960669527338],[-75.65502772257088,27.029609652288592],[-75.65502201711966,27.02961416583613],[-75.6550166077898,27.029618666455146],[-75.65501200182297,27.029621530971557],[-75.6550091621905,27.02962405517732],[-75.65500638122981,27.02962763921901],[-75.65500395549027,27.029632278019402],[-75.65500206493851,27.02963582493592],[-75.65500135979754,27.029636521140688],[-75.65500037116506,27.029637498163474],[-75.65499561381738,27.02964303446342],[-75.65498821176051,27.02964922310933],[-75.65498092533504,27.02965753587376],[-75.654974626659,27.029662075318267],[-75.65497174352512,27.029663800470743],[-75.65496887487483,27.029665791683236],[-75.65496525006424,27.02967021439122],[-75.65495998245169,27.029677372247278],[-75.65495526864464,27.029683708471115],[-75.65494703410506,27.029690998479996],[-75.65493884389386,27.029699084881603],[-75.65492679522822,27.02970733798514],[-75.65490899583794,27.029719309151726],[-75.65489249182325,27.029728082037945],[-75.65488932613036,27.029729764436695],[-75.65486974595505,27.029741810717592],[-75.65484358164109,27.029758677335387],[-75.6548324648684,27.029767691571024],[-75.65482953032136,27.029770588913582],[-75.65482596753814,27.029774106527114],[-75.65482229829038,27.029777731093425],[-75.65481858373941,27.029780559308662],[-75.65481313098368,27.029784262610775],[-75.65480737903998,27.02978797635087],[-75.65479429344018,27.029793611280517],[-75.6547809262462,27.029799526068597],[-75.65476788307004,27.029805958345886],[-75.65475466055942,27.029814531116372],[-75.65474176211303,27.029823622248653],[-75.65472383343716,27.029833201418104],[-75.65470598951563,27.029844373542158],[-75.65469304867909,27.029852668190134],[-75.65468010681819,27.029860962006783],[-75.65466593613503,27.029868511136968],[-75.65465840368552,27.029872305219754],[-75.65465180587975,27.029876856829286],[-75.65464521011637,27.029881410098135],[-75.65463693290971,27.02988789924546],[-75.65462865491752,27.029894391924078],[-75.65461541691936,27.029902698660493],[-75.65459778326324,27.029912263180105],[-75.65457979559726,27.0299207772544],[-75.65456195260833,27.029931949312935],[-75.65454321646862,27.029943162106473],[-75.65449351118951,27.02997038440225],[-75.6544700273606,27.029981805307514],[-75.65444554886228,27.029991401903743],[-75.65443222393596,27.02999811225479],[-75.65441928299616,27.030006405998474],[-75.65440595918142,27.030013118920774],[-75.65439009167783,27.030022340489417],[-75.65433728507432,27.03004729960065],[-75.65429216232859,27.030065792841178],[-75.65423406378017,27.030086450866406],[-75.65415852634167,27.030114800570566],[-75.65408810136077,27.030138666099784],[-75.65404739624103,27.030150835091213],[-75.65401982036589,27.030158169162902],[-75.65398416782924,27.030164788982425],[-75.65395006069527,27.030172408981628],[-75.65392980603303,27.030177556626583],[-75.65390995070659,27.030184551938447],[-75.65386791062915,27.03019411656349],[-75.65377744857312,27.030216186854698],[-75.6537543927955,27.030219059980055],[-75.65368245197332,27.030231527948473],[-75.65363657656484,27.03023619532065],[-75.65359138217492,27.030242432231173],[-75.6534492367035,27.030260894964762],[-75.65342830300611,27.030264474603015],[-75.6534073518111,27.030267786558575],[-75.65336983175015,27.0302728892398],[-75.65331297342463,27.030278036634968],[-75.65330050208689,27.030278580889195],[-75.65328714037864,27.030279163123367],[-75.65326971102257,27.030281523024918],[-75.65325248999648,27.0302822745492],[-75.65320237134368,27.0302855293513],[-75.65316377180255,27.03028721292623],[-75.65302181726277,27.030287277122813],[-75.65295299972819,27.030286015654966],[-75.65288132507447,27.03028141355333],[-75.65286875258735,27.030280098812835],[-75.65285401734997,27.030277276538353],[-75.65283927919143,27.030274454389144],[-75.65281661882773,27.030271351853315],[-75.65280350755711,27.030269556084104],[-75.65276251918371,27.030263943665467],[-75.65273319246303,27.03026095886263],[-75.65270416186952,27.030257961129703],[-75.65264866852188,27.030249989368215],[-75.65261137611802,27.030242820071777],[-75.65247160012667,27.030211873033146],[-75.65242061346474,27.030199172482927],[-75.65240485780569,27.03019399705318],[-75.652391119997,27.030187665935838],[-75.6523763241161,27.030183782088827],[-75.65233236678237,27.03016876892202],[-75.65232720029788,27.03016700419801],[-75.6523054476549,27.03016102275749],[-75.65228399021325,27.030155029307185],[-75.65227127187264,27.03015000989233],[-75.65226817565339,27.030148788781833],[-75.65226573335359,27.03014763445087],[-75.65225320915876,27.03014171467361],[-75.65223858109783,27.03013542325211],[-75.65222666830604,27.030129811692657],[-75.65221713903246,27.030126786675254],[-75.65221485683546,27.030126062558878],[-75.65212801837181,27.03009440382774],[-75.6521112702844,27.030087407427285],[-75.65209323239509,27.030078598699472],[-75.65207549072912,27.030069778794108],[-75.65205079143499,27.030058863071282],[-75.65202607475214,27.030047681409012],[-75.6520141216338,27.03004127413166],[-75.65200384933816,27.03003528756084],[-75.65200305577343,27.030034825521636],[-75.65195128832035,27.030007767907804],[-75.65192841302914,27.02999757091137],[-75.6519057761179,27.029986299364587],[-75.65189165649463,27.02997838643602],[-75.65188266946063,27.02997184887316],[-75.65187376931357,27.02996690854729],[-75.65185969306856,27.029959792924917],[-75.65184680229565,27.029952625584354],[-75.65182897672523,27.029942208272615],[-75.65181075099407,27.029929945067078],[-75.65179286476314,27.02991846625063],[-75.65177380647238,27.029907303505446],[-75.65175385401912,27.029896180638694],[-75.65171873743458,27.02987425851992],[-75.65170080688674,27.029861982421277],[-75.65168283380696,27.02984890635031],[-75.65165883700986,27.029834496396184],[-75.6516347823333,27.029819022193767],[-75.65162456650368,27.02981173901454],[-75.65161464582529,27.029804442959247],[-75.65160358003295,27.029797994309046],[-75.65159251628559,27.02979154731743],[-75.65155364677888,27.029766327113627],[-75.65154160301704,27.029758323590062],[-75.65152950234483,27.029749255779937],[-75.65149843326903,27.029730622285356],[-75.65148558593606,27.02972425221235],[-75.65147150991423,27.029717139156656],[-75.65145945164984,27.029708868691326],[-75.65145042224421,27.029701532870437],[-75.65144139200859,27.029694199708374],[-75.65142939460635,27.029686994227454],[-75.65141822759468,27.029678684006704],[-75.651367031814,27.029645020466813],[-75.65130001703434,27.02960095516938],[-75.65128387114588,27.02958860116562],[-75.65125549339338,27.0295647839468],[-75.65125051235556,27.029560736770417],[-75.65124453600123,27.029554869664032],[-75.65123243729727,27.029545800866423],[-75.65122122715297,27.029536696807455],[-75.65120588468754,27.029522705851612],[-75.65120573825422,27.029522562716576],[-75.65119488589188,27.029511994170694],[-75.65118363220317,27.029502089310117],[-75.65116646483172,27.029487379623784],[-75.65114809465918,27.029472456582106],[-75.65114080160257,27.029464245804935],[-75.65113264819536,27.029456606811816],[-75.65110253341643,27.029433667153373],[-75.6510904069246,27.02942406879592],[-75.65108901672949,27.029423102888686],[-75.65107741507096,27.029415039816435],[-75.65105904493322,27.029400116761984],[-75.65104187580283,27.029385409761236],[-75.65102701656247,27.02937486295189],[-75.65101269475471,27.029363228557127],[-75.65099340534188,27.029347811332592],[-75.65095062627073,27.029305436144043],[-75.65094051771236,27.02929468299443],[-75.65093005617864,27.029282879348468],[-75.65091693428455,27.029271458426848],[-75.65090790498273,27.029264122567675],[-75.65089856421264,27.029256535350182],[-75.65088228526761,27.029241786008683],[-75.6508731142961,27.029231791161944],[-75.65086296156609,27.029220243358466],[-75.65084559091824,27.0292018114478],[-75.65083444055328,27.029193768894984],[-75.65082407726952,27.029183825174073],[-75.65081312193615,27.029173910772162],[-75.65080276162753,27.02916396779463],[-75.6507936735939,27.029155569474284],[-75.65078464339098,27.029148234521724],[-75.65075919257336,27.02912349035646],[-75.65073338513842,27.029097700222817],[-75.65072340764179,27.029089338068392],[-75.65071217058833,27.02907970088906],[-75.65070397390623,27.029071264563335],[-75.65069382200744,27.029059713217624],[-75.65068454702178,27.02904785868415],[-75.65067005175148,27.029033032405135],[-75.65065672752142,27.029017889235806],[-75.6506162032765,27.028967685089263],[-75.65060355249392,27.028948514805293],[-75.65059004122512,27.028929913682383],[-75.65056821965841,27.028900750279988],[-75.65056002198992,27.02889231311821],[-75.65055538523498,27.02888646189022],[-75.65055267215324,27.0288830380334],[-75.65052759138234,27.02884868470051],[-75.65052273010457,27.028841703051405],[-75.65049963638667,27.028808536180076],[-75.65048562667637,27.028788416981573],[-75.65047824050103,27.028773014839405],[-75.65047057472015,27.02875789333118],[-75.65045898866606,27.02874187253025],[-75.6504485911328,27.02872580251983],[-75.6504420034648,27.02871409572774],[-75.65043569754523,27.02870211170672],[-75.65042999828631,27.028690367045268],[-75.6504236489675,27.028677584845518],[-75.65041740082965,27.02866666331917],[-75.65039320438,27.028615747097746],[-75.65038765968932,27.02860133228966],[-75.65038304754411,27.02858767338767],[-75.65037627196277,27.028572510439933],[-75.65036893122837,27.028557907268965],[-75.65036437700643,27.028545313479103],[-75.65035985157857,27.028533249191803],[-75.65033627184438,27.028477243346266],[-75.65033415877339,27.028471206863806],[-75.6503274913501,27.028452573977653],[-75.65030843594548,27.02838677698432],[-75.65030467369749,27.02837228183157],[-75.65030085177624,27.028356725143947],[-75.65029869516748,27.02834988786863],[-75.65029628311032,27.028343865301792],[-75.650269997457,27.02824906520862],[-75.65026876865912,27.028248319599506],[-75.65025357345283,27.02818235169099],[-75.65024050145348,27.02811709390133],[-75.6502221152438,27.027992367810153],[-75.65022028410058,27.027975121567206],[-75.65021761654091,27.02794245690681],[-75.65021370090189,27.02790878166768],[-75.65020711655086,27.027842438338922],[-75.65020414973195,27.027827667196476],[-75.65020058780699,27.027809942077585],[-75.65019107569987,27.027777310105456],[-75.65017306429513,27.027730654536008],[-75.65015118027468,27.027683902910262],[-75.65012515647842,27.027632267340213],[-75.65009656704646,27.027582611357115],[-75.6500271390831,27.0274824974779],[-75.64996431700038,27.0273943536224],[-75.64989976756988,27.02730735359089],[-75.64986356753376,27.027265489778664],[-75.64982767417267,27.027223878403593],[-75.64976192714508,27.027136664759208],[-75.64973375427054,27.02709471672863],[-75.64970433730966,27.027051758813254],[-75.64967050338801,27.02701512383537],[-75.64963751629625,27.026977650113192],[-75.64957864510477,27.026907459156828],[-75.64955633752591,27.02687485179504],[-75.649526946825,27.02689104686547],[-75.64944393814905,27.026936785477005],[-75.64944411387545,27.026937072484177],[-75.64947518943758,27.026987662375923],[-75.64951903437249,27.02705903934528],[-75.64947756118137,27.02707897198462],[-75.64918638732759,27.026644187446585],[-75.64919183318833,27.026641200940407],[-75.64926092007275,27.026603316501525],[-75.64934214634074,27.02655877590447],[-75.64933996846948,27.02655700491716],[-75.64933797749423,27.026553247916738],[-75.64931443256815,27.026508813328764],[-75.64928747102903,27.026461749779532],[-75.6492280987296,27.02636039738015],[-75.64918455591639,27.026293003284124],[-75.64916019385443,27.026266348259394],[-75.64913266503022,27.026241696362582],[-75.6491032949433,27.026216058859394],[-75.64907402996258,27.026192282707996],[-75.6490099321984,27.02613537761668],[-75.64895488186372,27.026080744067507],[-75.64893119981929,27.02605565774415],[-75.64892384962154,27.026046385300777],[-75.64891656005324,27.026038174341068],[-75.64890753035168,27.026030838431794],[-75.6489025496687,27.026026791191114],[-75.6488975526711,27.02602247972284],[-75.64889142894286,27.026019281501753],[-75.64888559844955,27.026016071371032],[-75.64887953159551,27.026013937419865],[-75.64887775104482,27.026014015043835],[-75.64887567146292,27.026014105704157],[-75.64887389091223,27.02601418332805],[-75.64887181133032,27.026014273988274],[-75.64887007411755,27.026015148910876],[-75.6488653670474,27.02601615330544],[-75.6488603205302,27.026016373309904],[-75.6488564180337,27.026015744252177],[-75.64885156639359,27.026014088947978],[-75.64884770630835,27.026014258103423],[-75.64884365826855,27.026010969389528],[-75.64883971238744,27.02600954215999],[-75.64883570773321,27.026007051616926],[-75.64883170317408,27.026004562818372],[-75.64882860608455,27.02600229764851],[-75.64882460138361,27.025999806232743],[-75.64882174084609,27.025996468372306],[-75.64878286595233,27.02597657454226],[-75.6486872362636,27.02594183328948],[-75.64858857803848,27.025906158095825],[-75.6484763903248,27.02586787233076],[-75.6483613187058,27.02583131315192],[-75.64826517380949,27.025803522590596],[-75.64822991731131,27.025795463891278],[-75.64819476096747,27.02578926587524],[-75.64815801302764,27.025786604153986],[-75.6481201654638,27.025785590471514],[-75.64803728860586,27.025788401027217],[-75.64794790282536,27.025797363198297],[-75.64791339967474,27.025803130534804],[-75.64787890902902,27.025809164000776],[-75.6478519787081,27.025811936129973],[-75.64782411575882,27.025813949712603],[-75.64781164511076,27.025814493238244],[-75.64779819850976,27.025813480924366],[-75.64778533152142,27.025812174910843],[-75.64777273089435,27.025810326535495],[-75.64776100993227,27.02580817225786],[-75.64774909731237,27.02580256289719],[-75.64773838924044,27.025797164226308],[-75.6477272657404,27.02578965453541],[-75.64765738282681,27.025749643841664],[-75.64757154411315,27.025700497797157],[-75.64756382387388,27.025700834259105],[-75.64754909682377,27.02569267979111],[-75.64754195001244,27.02568712851945],[-75.64753398711596,27.025682945373937],[-75.64752754263723,27.025673896562704],[-75.64752148310038,27.025666433719874],[-75.6475151128101,27.02565871423549],[-75.64751079035354,27.02565037387887],[-75.64750462966887,27.025641049510067],[-75.64750016371389,27.025630050287504],[-75.6474895360585,27.0256097258668],[-75.64747414635285,27.025578415129758],[-75.64746119899849,27.02557018484174],[-75.64744697950208,27.02556040987233],[-75.64734379325904,27.02550707330712],[-75.64725088611894,27.025467681035522],[-75.64723988119006,27.02546229787927],[-75.64717173092865,27.025434884697972],[-75.64710452978149,27.025408496859825],[-75.64702486135728,27.025377411210556],[-75.6470166640253,27.025374213181514],[-75.64697335741515,27.025360376294692],[-75.64692925978832,27.025348440663727],[-75.64692234706469,27.025347142642417],[-75.64691576991653,27.025346630057367],[-75.64689787824625,27.025340480210293],[-75.6468791395798,27.02533516557838],[-75.64684423931725,27.025328157620272],[-75.6468329020705,27.02532641496398],[-75.64680912782786,27.025322760721238],[-75.64678459400098,27.025320364579418],[-75.64676154557952,27.025317903707126],[-75.64675075733113,27.025316507857358],[-75.64673992474648,27.02531431387901],[-75.64672429959336,27.02531153216488],[-75.64670783980462,27.025309849189462],[-75.64669789943842,27.025307616329975],[-75.64668976328316,27.025305723683868],[-75.64668825434764,27.0253053732266],[-75.64666872666146,27.025301960613916],[-75.64664142086397,27.025297818412838],[-75.64661510651412,27.025295499809495],[-75.64660909671727,27.025295761667792],[-75.64660857565586,27.02529578524584],[-75.64659794440901,27.025297315213987],[-75.64659319403943,27.02529752219581],[-75.64658844366986,27.025297729177378],[-75.64658066657891,27.02529700041794],[-75.64654050864651,27.025291823303327],[-75.64652696000593,27.025288948458357],[-75.6465143055306,27.025286034652012],[-75.64648893931749,27.025284742322864],[-75.64646470454161,27.025282333070148],[-75.64645501698044,27.02527928998657],[-75.64645001089508,27.025280307287495],[-75.64644511604162,27.0252778545682],[-75.64643735545009,27.02527739351344],[-75.64642306205323,27.02527721796649],[-75.6464093598009,27.025277014912614],[-75.646394669079,27.025274988994127],[-75.6463849805949,27.025271946818282],[-75.64637508272261,27.02527051388232],[-75.64635773268247,27.025268869635138],[-75.64634121519445,27.025266124114893],[-75.64632737157555,27.025263264717445],[-75.64631471326334,27.025260351926907],[-75.64629747012785,27.02525727864417],[-75.64628346467505,27.02525478303905],[-75.64625346714111,27.025251844859834],[-75.64625145200012,27.025251647607483],[-75.64622434648689,27.025251227548036],[-75.64616546148775,27.025251928841428],[-75.64613280409462,27.0252533525021],[-75.64611148656508,27.025255345359767],[-75.64609138630833,27.025257819427292],[-75.64608589014394,27.025260724863635],[-75.64607910351893,27.02526181971647],[-75.64607331124714,27.025264738052446],[-75.64606949542853,27.025265703477658],[-75.6460669228654,27.025267682358272],[-75.6460592922017,27.025269613165644],[-75.64604864644828,27.025270876143388],[-75.64603801714172,27.02527240596403],[-75.64602470058308,27.025273785294964],[-75.64598778288635,27.025273527704893],[-75.64595202957476,27.025272687750313],[-75.64593322090712,27.025273506273056],[-75.64592708935527,27.025273773392502],[-75.64589154970164,27.025276920903472],[-75.64588011770942,27.025280084043537],[-75.64587422134808,27.02528114009799],[-75.64586862401542,27.025282183125213],[-75.64586268829116,27.025282442583848],[-75.64585704473006,27.025282688439898],[-75.64584546729789,27.02528319192361],[-75.64580879614309,27.02528745544103],[-75.64577238056582,27.02529090600291],[-75.64573881124258,27.02529743454396],[-75.6457149922542,27.025302733894364],[-75.64569043144303,27.025310733291107],[-75.6456723130288,27.02531685454367],[-75.64565208912293,27.025324620412807],[-75.64564491135766,27.02532737610986],[-75.64563822679983,27.025330332414317],[-75.64563065090363,27.025333325797618],[-75.64562430872486,27.025337067245356],[-75.64561752505597,27.025338162810698],[-75.64560390940171,27.025339554237],[-75.64558283223076,27.02534047238315],[-75.64556467158361,27.025340513259295],[-75.6455634894199,27.025340516664425],[-75.6455432591672,27.025340597850487],[-75.6455240048622,27.025342235762764],[-75.64550474860832,27.025343873755997],[-75.64549406245519,27.025344339246725],[-75.64548337240579,27.02534480490595],[-75.64543156370026,27.025349727667532],[-75.64540761778689,27.02535263666494],[-75.64539994087454,27.025353770249247],[-75.64539222168216,27.02535410736461],[-75.64538365450002,27.02535527972686],[-75.64537674082801,27.025353981635767],[-75.6453698107587,27.025352417572204],[-75.64536319324165,27.0253511074544],[-75.64535541518293,27.025350378637167],[-75.64534854485997,27.025349878714607],[-75.64534082562042,27.02535021495346],[-75.64533696556092,27.025350383966213],[-75.64533221611134,27.025350589970397],[-75.64532548731216,27.025352749869672],[-75.64531785662116,27.025354680618307],[-75.64531117204828,27.025357636900143],[-75.6453018590873,27.025361508602245],[-75.6452934363002,27.02536533978048],[-75.64528768719596,27.025369053623574],[-75.64528594810348,27.02536993030799],[-75.64528490602885,27.02537263906363],[-75.64528405905928,27.025373475140224],[-75.6452832112578,27.02537431387622],[-75.64528119036497,27.025375466898307],[-75.64528038669545,27.025377100273232],[-75.64527953972578,27.025377936349827],[-75.64527746015693,27.02537802693135],[-75.64527662773112,27.02537913080943],[-75.64527484719157,27.02537920836583],[-75.6452727675753,27.025379298074938],[-75.64527187730553,27.025379336853113],[-75.64526979875802,27.025379428264344],[-75.6452680181711,27.025379504948305],[-75.64526594059761,27.02537959631704],[-75.64525351427615,27.025380936762676],[-75.64524410104544,27.02538294427415],[-75.64523533889356,27.0253859919192],[-75.64522202132662,27.025387371181],[-75.64521727196913,27.025387578924146],[-75.64521341186013,27.025387747059565],[-75.64520866143384,27.025387953100108],[-75.6452037603632,27.025390832564653],[-75.64519911112619,27.025392901875435],[-75.64519449064451,27.025395500682887],[-75.64518984140696,27.025397569993277],[-75.64518487859617,27.02539938452663],[-75.64518018689097,27.025400653878712],[-75.64517458954009,27.025401696865632],[-75.64516865278276,27.025401955451226],[-75.64515999996816,27.0254015331542],[-75.64515128847951,27.02540004841573],[-75.6451435259353,27.025399587340182],[-75.64513487200495,27.02539916246637],[-75.64512032475795,27.02539979608977],[-75.64509349562086,27.025404429832914],[-75.64507903701139,27.02540665970689],[-75.64506374086481,27.025409989305516],[-75.6450100835473,27.025419256710457],[-75.64497078476612,27.025424433533274],[-75.64493153122423,27.02543040755384],[-75.64490588936968,27.02543498865827],[-75.64488682372789,27.025440083396468],[-75.64486648204942,27.02544363271462],[-75.64483969617703,27.02544906368593],[-75.64481405338407,27.025453645680724],[-75.64477290889137,27.025463166290297],[-75.64475479134153,27.02546928732969],[-75.64473790234601,27.02547615142089],[-75.64472278436028,27.025482672566323],[-75.6447086095619,27.025490219377108],[-75.64469633055882,27.025494219322088],[-75.64469252823181,27.02549545166489],[-75.64468871145756,27.025496417950443],[-75.64468396107047,27.025496624837192],[-75.64468099122624,27.02549675417843],[-75.64467713111054,27.025496922292184],[-75.64466945806903,27.02549805564857],[-75.6446490362088,27.025494680688997],[-75.64462950851798,27.025491266783188],[-75.64461867596944,27.02548907256204],[-75.64461382352795,27.025487417960257],[-75.64460814055072,27.025486866273848],[-75.64459354994234,27.02548670164568],[-75.64457726352354,27.025488210986186],[-75.6445686972879,27.025489383233364],[-75.64455979063014,27.025489770246402],[-75.6445559314886,27.025489938312838],[-75.64455321640767,27.025489257370637],[-75.64454342049984,27.025489683983487],[-75.64453273042432,27.025490149536285],[-75.64452634132225,27.025491697382662],[-75.6445233317972,27.02549242652379],[-75.64450980462792,27.02549541230792],[-75.64450248552515,27.025497597856283],[-75.6444948085848,27.025498731368277],[-75.64448986418826,27.025500813498297],[-75.64448600407191,27.025500981604303],[-75.6444812969758,27.025501985780082],[-75.64447654561376,27.02550219269894],[-75.64447175290803,27.025501602233582],[-75.64446670446408,27.02550182208964],[-75.6444639748425,27.02550087334307],[-75.64446096268013,27.025500205335927],[-75.6444588860291,27.025500295772353],[-75.6444579062522,27.025498740071953],[-75.64445606787643,27.02549775251217],[-75.64445483825287,27.025497007751156],[-75.64445301144872,27.025496287248057],[-75.64444500549726,27.02549130742078],[-75.64443576234035,27.025486306275152],[-75.64442722234647,27.025481686340374],[-75.64442030677856,27.025480389136323],[-75.6444143267214,27.02547985037592],[-75.64439993114715,27.025477811295406],[-75.6443892016777,27.025477479363317],[-75.64437841052806,27.025476083371164],[-75.64436496403215,27.025475070573982],[-75.64435112030726,27.02547220826989],[-75.64433840527361,27.025468231815573],[-75.64433149151436,27.025466931903384],[-75.64432481344181,27.025464560228578],[-75.64431398187988,27.025462365930558],[-75.64430217151937,27.02545861588714],[-75.64428937269096,27.02545304208427],[-75.64427548276113,27.025449382597643],[-75.64425313909219,27.02544342875472],[-75.64422970802917,27.025439385565047],[-75.6442196782183,27.025435557974923],[-75.644210880024,27.02543247593524],[-75.64419707960143,27.025430410908257],[-75.64417487825982,27.025427114214057],[-75.64416231042823,27.02542579469157],[-75.6441494571333,27.025424756033097],[-75.64413684309223,27.02542263933547],[-75.64412338123708,27.02542136136204],[-75.64410276623536,27.025419858878553],[-75.64408252063579,27.025419675484297],[-75.64405288866384,27.02542203080661],[-75.64402303484924,27.025425730959032],[-75.64401225806363,27.025424599238203],[-75.6440019114266,27.025425851583808],[-75.6439872774498,27.025424887819113],[-75.64398053518279,27.025426782396785],[-75.64397281495538,27.02542711856727],[-75.64395931356997,27.025425040484848],[-75.64394556805885,27.02542404064962],[-75.64394077424602,27.02542344758322],[-75.6439359661782,27.025422591948644],[-75.64393206570064,27.025421962605837],[-75.64392523671853,27.025422259964405],[-75.64390425755097,27.025425037649725],[-75.6438868714189,27.025428194873562],[-75.64388014535207,27.025430351927263],[-75.64387944182762,27.02543055743701],[-75.64387369826294,27.025432234518696],[-75.64387078897691,27.02543342531907],[-75.6438678624191,27.025434351934084],[-75.6438624527281,27.02543885184259],[-75.64385213894184,27.02544623040146],[-75.64385045950861,27.02544817033149],[-75.64384846942865,27.025449855353077],[-75.64384767734448,27.02545175664546],[-75.6438456439792,27.02545264436779],[-75.64384390672164,27.025453519196667],[-75.6438409811368,27.025454445768528],[-75.64383925827595,27.025455585782236],[-75.64383717870327,27.02545567633236],[-75.64383425228631,27.025456605563356],[-75.6438324717435,27.025456683092827],[-75.6438294584723,27.02545601249127],[-75.6438276779295,27.025456090020633],[-75.64382470808539,27.02545621933513],[-75.64382079126224,27.025455324887595],[-75.64381495560465,27.02545744578923],[-75.64380935823097,27.025458488696174],[-75.64379666450145,27.02546240340407],[-75.64379325943254,27.02546345402914],[-75.64378568340345,27.025466446395033],[-75.64377806720087,27.025468644823054],[-75.6437713248301,27.0254705376416],[-75.64376449774373,27.025470834031573],[-75.64375796486439,27.025471118485104],[-75.64374416347306,27.025469053434588],[-75.6437315639744,27.025467204484745],[-75.64371677237028,27.025463319240373],[-75.64371286897033,27.025462690015733],[-75.64370803187313,27.02546129963815],[-75.64370402750968,27.025458810629566],[-75.64369908944933,27.025455560468036],[-75.6436879268667,27.025447250229984],[-75.6436318830998,27.02539612237021],[-75.64362991391452,27.025392742939875],[-75.64362582284947,27.025388656713442],[-75.64362256535073,27.02538346919783],[-75.64361936460455,27.025379345080864],[-75.64361636173743,27.025373344671735],[-75.64361400793244,27.02536838362062],[-75.64360991784358,27.02536429735152],[-75.6436079919427,27.025361715220214],[-75.64360695742846,27.02535909690087],[-75.64360371432822,27.025354174570033],[-75.64360130567354,27.02534814916336],[-75.6436000824228,27.025342072144092],[-75.64359650741228,27.02533103573405],[-75.64358761892636,27.025309833419584],[-75.6435722806688,27.025273989760077],[-75.64355581470143,27.02523926019884],[-75.64355777126512,27.025237425376435],[-75.64356147624723,27.025233950162725],[-75.64355583263242,27.025234860413214],[-75.64355469251052,27.02523504470833],[-75.64355284201838,27.02523090202381],[-75.64354791677594,27.02521988418476],[-75.6435427574288,27.025210075313424],[-75.64354161208433,27.02520789726178],[-75.64353087705143,27.02519104145019],[-75.64352023843986,27.025177760276367],[-75.6435174693177,27.025174302880977],[-75.64350401719229,27.025156764438027],[-75.64348967889076,27.02513926807556],[-75.64348326294335,27.025130752911696],[-75.64347701608789,27.025119831088656],[-75.64346953758371,27.025108162833313],[-75.64345382229507,27.025087260382836],[-75.64344232692096,27.025072836097603],[-75.64343203329379,27.02505862530098],[-75.6433944483587,27.025004795453548],[-75.64338814843576,27.02499577334391],[-75.64337116566458,27.024967995748934],[-75.64335427048664,27.02494181357957],[-75.64333840796593,27.024918251556983],[-75.6433226494728,27.024896551803458],[-75.64331609905659,27.024884821282676],[-75.64331407777343,27.024881201045037],[-75.64330857685282,27.024867580768312],[-75.64330218581158,27.024854001868647],[-75.64329460918727,27.02484047108885],[-75.64328698557992,27.024826146670616],[-75.64327710602211,27.02480312335147],[-75.64327504635862,27.02479768083261],[-75.64327363403126,27.02479394752011],[-75.64326925427122,27.02478454190201],[-75.64326286324392,27.024770963004343],[-75.64325612977092,27.024756597211482],[-75.64325166457415,27.024745599574118],[-75.64324718391524,27.024734335050688],[-75.64324286197696,27.024725994531924],[-75.64323852847245,27.0247173869573],[-75.64321054320695,27.02466237148427],[-75.64319625520967,27.024629413061316],[-75.64319027071781,27.024612351311795],[-75.64318284513482,27.02459615235796],[-75.64317633660372,27.024585930070153],[-75.64317239607043,27.024579741404764],[-75.64317211109902,27.024579293888838],[-75.6431660490577,27.02457182918491],[-75.64316382820343,27.024569262518707],[-75.64316190331171,27.024566680344385],[-75.64315973720741,27.024565176286043],[-75.64315772576097,27.024560999518393],[-75.64315664790082,27.024557582161442],[-75.64315522861617,27.024553378739242],[-75.64315396213618,27.02454650443742],[-75.64315353019386,27.024538528812194],[-75.64315339252191,27.02453601047911],[-75.64315329829645,27.02453427457081],[-75.6431521338347,27.024529261748793],[-75.64315099908826,27.024524778380073],[-75.64314864533965,27.02451981733475],[-75.64314657529678,27.024514579001888],[-75.6431443090774,27.024511212507168],[-75.64313909690233,27.024502910749504],[-75.64313868218264,27.02450215935284],[-75.64313579610251,27.02449692419496],[-75.64313345070791,27.02449012047397],[-75.64313226642389,27.02448668501726],[-75.64312784249506,27.024476483022838],[-75.64312431648649,27.024469099400843],[-75.64312347828135,27.024467345168734],[-75.6431190987479,27.024457943045597],[-75.64311774513291,27.024453978093728],[-75.64311237576378,27.024438247480347],[-75.6431054143501,27.024419627287305],[-75.64309441372046,27.0243923884639],[-75.64308702111461,27.024382318337096],[-75.64308505990024,27.02437876106626],[-75.64308372027672,27.024376330911398],[-75.64308077432968,27.02437139564925],[-75.64307840707572,27.024366167634426],[-75.6430725451956,27.024349960946413],[-75.64306825251909,27.024338093675212],[-75.64306345731544,27.02432097929025],[-75.64305955047156,27.024303827106134],[-75.64305782216964,27.024288444250523],[-75.64305518726847,27.024272835054244],[-75.64305241887222,27.02426016257918],[-75.643052195963,27.024259419445706],[-75.64304079676751,27.024221491253755],[-75.64303007194945,27.024188378624306],[-75.64302363564862,27.024173999916123],[-75.64301807716124,27.02415931718306],[-75.64301525013177,27.024145582276297],[-75.64301404240926,27.02413977216522],[-75.64301389809367,27.02413711335107],[-75.64301371045498,27.024133656369205],[-75.64301125661427,27.024126832894936],[-75.64300579829296,27.024114013469706],[-75.64300118866527,27.02410035354649],[-75.64299752910169,27.02408772075027],[-75.64299410500337,27.024074011840188],[-75.64298214357873,27.02403455613265],[-75.64296663359264,27.023995520723854],[-75.64296432314745,27.023991356979597],[-75.64296239832437,27.023988775679673],[-75.64296142151942,27.023987219846276],[-75.64295924104204,27.023985450603565],[-75.64295737384046,27.023983930909523],[-75.64295519628534,27.0239821615395],[-75.64295336957892,27.0239814418844],[-75.64295124955031,27.023980732375612],[-75.64294940942457,27.023979747494682],[-75.64294687026377,27.023978528984095],[-75.64294635600855,27.0239782820641],[-75.64294483728295,27.02397704885874],[-75.64294417543708,27.023976511076444],[-75.64294235160563,27.023975790421645],[-75.64294018552242,27.023974286361966],[-75.6429383039754,27.023972502356543],[-75.64293618111985,27.02397179471931],[-75.64293510327792,27.023968377368096],[-75.64293317840907,27.02396579519549],[-75.64293180251721,27.023962390819552],[-75.64292885654855,27.023957454688748],[-75.6429254115713,27.0239488110726],[-75.64292277205834,27.02393853053719],[-75.64291953566135,27.02392827948414],[-75.64291643438057,27.023909491274733],[-75.64291125664661,27.023868941090814],[-75.6429072249203,27.023827541845648],[-75.64290750904675,27.023816335735063],[-75.64290698651364,27.02380669052498],[-75.64290694716894,27.023805965632704],[-75.64290516119401,27.023789519455946],[-75.64290334736005,27.02377254199914],[-75.64290249593444,27.02375685519281],[-75.6429017023188,27.023742233481705],[-75.64289854031836,27.023722380319146],[-75.6428961105115,27.023710494931127],[-75.64289247777494,27.023698391729752],[-75.64288890201694,27.02368735628212],[-75.64288535951985,27.02367855253789],[-75.6428823667442,27.023671116865955],[-75.6428789794523,27.023663535735178],[-75.64287559313513,27.023655954562166],[-75.64287437186987,27.023649876618578],[-75.64287314685076,27.023643801461613],[-75.64287282828168,27.02363795003067],[-75.64287240993497,27.023630242276184],[-75.64287222327795,27.023626785258898],[-75.64287282680978,27.0236214279287],[-75.6428734861079,27.023617134032442],[-75.64287408880756,27.023611779361772],[-75.64287377121254,27.0236059278892],[-75.64287358274954,27.023602473573973],[-75.64287254818959,27.023599853520874],[-75.64287128365152,27.023592978285013],[-75.64287064662261,27.023591386677015],[-75.64286887228279,27.023586954775105],[-75.64286775112807,27.023582739262586],[-75.64286667324734,27.023579321043755],[-75.64286644136881,27.023575066818378],[-75.64286615367669,27.02356974828714],[-75.64286644737805,27.023566507314452],[-75.64286671110727,27.02356359553658],[-75.64286851343435,27.023558451829924],[-75.64286969083189,27.02354720859382],[-75.64287016259351,27.02353945946985],[-75.64286990416385,27.023523365636805],[-75.64286966045675,27.023508298552564],[-75.64286579448007,27.02347542078878],[-75.64286560684974,27.023471963816064],[-75.64284912276445,27.023343691301893],[-75.64284386285057,27.02331806683142],[-75.64283212113511,27.023260746111756],[-75.6428216123373,27.023218136381665],[-75.6428206759333,27.023214338651886],[-75.64281095099618,27.023177716606007],[-75.64280032050392,27.023140869051538],[-75.6427976010972,27.02312366525243],[-75.64279373750507,27.023107307816556],[-75.642774894661,27.023024074743873],[-75.64277455851224,27.023022594201965],[-75.64276953065888,27.02300122659351],[-75.64276369813619,27.022981492366753],[-75.64275922758131,27.022953969409755],[-75.64275429820641,27.022917938687566],[-75.64275232373461,27.022898036517635],[-75.6427508782741,27.02285492650036],[-75.64275070807068,27.022829880561602],[-75.64275145817098,27.022821611335175],[-75.64275182479281,27.02281757326976],[-75.64275762548786,27.022781874638266],[-75.6427625350578,27.022746216552992],[-75.64276423197029,27.0227226894431],[-75.64276409759353,27.022703772168654],[-75.64276274119138,27.022678780506467],[-75.6427592246005,27.022630428780378],[-75.64275705692283,27.022612399201858],[-75.64275363298113,27.022598691238237],[-75.64275103778405,27.022589208002888],[-75.64274759191463,27.022580564471152],[-75.64274460376049,27.022574831902077],[-75.64273386737278,27.022557977139545],[-75.64272455197192,27.02254532219689],[-75.6427215253827,27.022542299224384],[-75.64272046212918,27.02254123680911],[-75.64271720379196,27.022536048493116],[-75.64271430223259,27.02253191137691],[-75.6427118907677,27.022525885272266],[-75.64271081295622,27.022522467938735],[-75.6427106830939,27.022520075195885],[-75.6427096485542,27.02251745515259],[-75.64270950420492,27.02251479548328],[-75.64270931672603,27.022511341140792],[-75.64270917237677,27.022508681471503],[-75.64271115041171,27.022495802461965],[-75.64271447737977,27.022476531672748],[-75.6427170376921,27.022461699332318],[-75.6427241680375,27.022428607949827],[-75.6427287796036,27.0223929637647],[-75.6427334013417,27.022351984615604],[-75.64273637566195,27.02231907504172],[-75.6427373276617,27.022298246351873],[-75.64273657471152,27.022267895686582],[-75.6427358776674,27.022238611069813],[-75.6427359579633,27.022236636747362],[-75.64273677107552,27.02221672083086],[-75.64273748654334,27.022196966553004],[-75.6427377706413,27.022185759645396],[-75.64273720796658,27.022175392270594],[-75.64273923521283,27.02214145634468],[-75.6427403694444,27.02210756192152],[-75.64274137111094,27.02205474757713],[-75.64273903887901,27.022028199243177],[-75.64273460724912,27.021984950944535],[-75.64272841247649,27.021942045215102],[-75.64272498857,27.021928337288116],[-75.64272164366844,27.02192155353646],[-75.64271825934472,27.02191397145481],[-75.64271495785778,27.02190798760847],[-75.64271080922275,27.02190283631474],[-75.64270061626142,27.02189048804028],[-75.64268517595804,27.021874636392546],[-75.64268144847695,27.02187091296839],[-75.64267699435356,27.021866464848447],[-75.64267003082841,27.0218587727686],[-75.64266579663143,27.02185202685549],[-75.64266423234034,27.0218451682144],[-75.64266207664625,27.02183833182077],[-75.64266157159979,27.021829026057016],[-75.64266105206674,27.021819453367858],[-75.64265907959562,27.02179955120071],[-75.642657243928,27.021787638291883],[-75.64265612281135,27.021783422807953],[-75.64265405088108,27.021778183735574],[-75.64265272021231,27.021775575716802],[-75.64264740739155,27.021765415140926],[-75.6426451217949,27.02175618514133],[-75.6426416326572,27.021746743475237],[-75.64263932229774,27.021742579761423],[-75.64263636394232,27.02173737752829],[-75.64263497850854,27.021734695823838],[-75.64263070879316,27.02172643180973],[-75.64262859637579,27.021720392706285],[-75.64261234556778,27.021650174125952],[-75.64258933385574,27.02155073913996],[-75.64258652787144,27.021531938255865],[-75.64258384623913,27.021520861355686],[-75.64258145694642,27.02150977435326],[-75.642581726531,27.02149829968001],[-75.6425820137605,27.021487096166986],[-75.64258259401855,27.02147587727553],[-75.64258465761358,27.021464592939115],[-75.64258551503988,27.02145842718437],[-75.642586964509,27.02145223303441],[-75.6425896158506,27.021446255870487],[-75.64259299960884,27.02143731420095],[-75.64259459244614,27.021433779751508],[-75.6425964400538,27.021429435041398],[-75.64259784629895,27.02142244447768],[-75.64260109572105,27.0213945856355],[-75.64260747685097,27.021298364612992],[-75.6426086184818,27.02128099374118],[-75.64260851297693,27.02126260781152],[-75.64261385638133,27.021234926262807],[-75.64262256504895,27.02119803455505],[-75.64263094980724,27.021160625338187],[-75.64263858363891,27.021120317070487],[-75.64264589054528,27.02107948967782],[-75.64265012770672,27.021064380699325],[-75.64265572038006,27.021046815206304],[-75.64265904903989,27.02103705666712],[-75.64266162645549,27.021029501877912],[-75.64266556752028,27.021014405791274],[-75.6426695682884,27.021000373830624],[-75.64267560027244,27.020985452529818],[-75.64268070163855,27.020969771698148],[-75.64268385452588,27.020956576692527],[-75.64268596349977,27.020946093067355],[-75.64268747912887,27.020935631774776],[-75.64269218156512,27.020918105042185],[-75.6426965784202,27.020905920861125],[-75.64270066474424,27.02089348351762],[-75.64270206999598,27.02088649301009],[-75.6427037742123,27.02087948861372],[-75.64270486106084,27.020866649358315],[-75.64270419829896,27.020854419630442],[-75.64270349027136,27.02084139183097],[-75.64270190743926,27.02082866879554],[-75.6427019895763,27.02081374070771],[-75.64270115354361,27.020798318354924],[-75.64270002706135,27.020777580276317],[-75.6426933111178,27.020725105684683],[-75.64268955725929,27.020705281156363],[-75.64268072584252,27.020668620592915],[-75.64267276631493,27.020631655398585],[-75.64266077981766,27.020569815020366],[-75.64265901040577,27.020553635896462],[-75.6426571245078,27.020535328399806],[-75.64265609989967,27.02051644917534],[-75.6426530393122,27.020498461247495],[-75.64264767877592,27.020470978190342],[-75.64264242219134,27.020445356499852],[-75.64263978750762,27.020429747537676],[-75.6426368740028,27.020414415645835],[-75.6426344702506,27.020403061770814],[-75.64263178860365,27.020391984050903],[-75.64262869513,27.02036786741194],[-75.64262530260088,27.020343762919403],[-75.64262268519033,27.020328418143272],[-75.64262064468605,27.020312784197014],[-75.64261750790236,27.020287869410232],[-75.64261402884158,27.020262170359533],[-75.64261131050588,27.020244965843148],[-75.64260833930565,27.020228570627587],[-75.64260482891166,27.020213267354755],[-75.6425991364615,27.020179667756203],[-75.64259435265586,27.020146297036266],[-75.64258833278683,27.02012310610361],[-75.64258108048105,27.02009917053117],[-75.64257422821268,27.020077083432678],[-75.64257115312869,27.020058827738527],[-75.64256285445052,27.01999362855336],[-75.6425545403266,27.019928162503707],[-75.64253954057025,27.019849129772545],[-75.64253692333592,27.01983378764204],[-75.64253305899206,27.019817430458357],[-75.64252976758719,27.0197951883753],[-75.64252675973233,27.019772666396992],[-75.64252163109276,27.019749436701595],[-75.64251655928356,27.01972727212738],[-75.64251557803635,27.019709191117247],[-75.64251374999476,27.01969194875788],[-75.64250551952584,27.019649933833612],[-75.64249758500924,27.01960790341012],[-75.64249550225604,27.019591472184192],[-75.64249367417446,27.01957422896044],[-75.64248243830643,27.019526214752954],[-75.64247209343966,27.019478158270935],[-75.64244409216862,27.01935145679199],[-75.64243999714309,27.01933084805886],[-75.64243669125352,27.019308338221645],[-75.64242956486905,27.019281197965896],[-75.64242221464322,27.019255401726795],[-75.64241432782204,27.019230691192732],[-75.64240725984094,27.01919368914559],[-75.6424039788878,27.019166115704948],[-75.6423958670737,27.01910437369784],[-75.64238740236462,27.019041579477722],[-75.64237607572849,27.018975447399686],[-75.64237124234447,27.01895220579825],[-75.64235807435894,27.018906939100447],[-75.6423536096333,27.018895941684438],[-75.64234823925439,27.01888471613835],[-75.64234174020785,27.018874603814616],[-75.64232984010782,27.01885273654648],[-75.64232247287565,27.018837599491537],[-75.64231479322589,27.018822210232106],[-75.64230298162025,27.018801937436905],[-75.64229141234713,27.018786184132672],[-75.64228238124846,27.018773199598794],[-75.64228205616236,27.01877273197927],[-75.64227091286958,27.018759359365188],[-75.64225329585139,27.018741737630673],[-75.64224333419362,27.01873364277961],[-75.64224221022278,27.018729427470735],[-75.64224088064245,27.01872682030865],[-75.64223938455504,27.01871569367626],[-75.64221981083827,27.01866508985357],[-75.64220737866401,27.018632948467],[-75.64217085235916,27.018538519303686],[-75.64226242535588,27.01849986860421],[-75.6423032112876,27.018482653871764],[-75.64233403258763,27.0184474668329],[-75.64234171891556,27.01843007620936],[-75.64231863833004,27.018306357707093],[-75.64229264446925,27.018167307500608],[-75.64228466695909,27.018124480038598],[-75.6422541066247,27.017972571989244],[-75.6422355929526,27.01786171250159],[-75.6422025123007,27.017679799003332],[-75.64219122933736,27.017614465418827],[-75.642181983274,27.017548240533696],[-75.64217554003855,27.017500816377318],[-75.64216625624873,27.017394712261225],[-75.64216536505555,27.01738453163834],[-75.64216318533694,27.017344362656367],[-75.64215931992759,27.017273128805613],[-75.64215933241788,27.017169193351684],[-75.64216128660802,27.017095553585783],[-75.64216223014786,27.017080054882243],[-75.64214768543432,27.01708068798762],[-75.6421374820589,27.017072398239808],[-75.64213367784312,27.01706930687648],[-75.64213046294702,27.0170649141847],[-75.64212855281059,27.01706259986172],[-75.6421272222892,27.017059992758234],[-75.6421261868222,27.017057371937323],[-75.64212515247117,27.017054753690868],[-75.64212361108105,27.01704282732818],[-75.64211923059817,27.017016900300586],[-75.6421168977623,27.016990352541477],[-75.64211722524159,27.01697994401934],[-75.6421218442005,27.016938968552413],[-75.64212310511414,27.016929318557303],[-75.64212556968093,27.016919883720814],[-75.64212745618877,27.016899813979922],[-75.64212900145793,27.01687896081325],[-75.64213311254974,27.01686145925985],[-75.64213629717968,27.01685246697987],[-75.6421364672851,27.016851985678276],[-75.64213861836734,27.01684229693888],[-75.6421413883124,27.01682825323415],[-75.64214328392544,27.016818642066166],[-75.64214676416141,27.01679503791609],[-75.64215001797774,27.016783704617428],[-75.64215238148006,27.016772407450002],[-75.64215747843338,27.016740205407608],[-75.64216342034219,27.016707167434838],[-75.64216802158167,27.0166877786964],[-75.64217131758441,27.0166772409712],[-75.64217461465483,27.01666670494849],[-75.64217908610067,27.016644924399007],[-75.64218292296545,27.016622369696176],[-75.64218579726403,27.016587599407032],[-75.64218542121945,27.016580687440953],[-75.64218508936435,27.01657457183138],[-75.64218560534178,27.01656761928836],[-75.64218734901819,27.01656141508254],[-75.64218792575866,27.01655552834825],[-75.6421905595084,27.01654928365013],[-75.642192153189,27.016545748363477],[-75.6421949341326,27.016542162271037],[-75.64219767283426,27.01653777973758],[-75.64219935225557,27.016535842524306],[-75.64220213319847,27.016532256431816],[-75.64220372697284,27.016528722889785],[-75.64220566198402,27.016525972773817],[-75.64220642138928,27.016523542255584],[-75.64220712397393,27.01652004663187],[-75.64220698062738,27.016517386984734],[-75.64220679304393,27.016513930109227],[-75.64220664789158,27.01651127316378],[-75.64220646132942,27.016507817118228],[-75.64220538353078,27.016504398118673],[-75.64220515175788,27.016500144887242],[-75.64220407400674,27.01649672676004],[-75.64220388739739,27.016493269842368],[-75.64220458900797,27.01648977426152],[-75.64220633759804,27.01648357071762],[-75.64220774276656,27.016476579471334],[-75.64221192892218,27.016466003005732],[-75.64221381774665,27.016462455746836],[-75.64221532689345,27.01645732670735],[-75.64221702827581,27.016450325190796],[-75.6422167396818,27.01644500685515],[-75.64221642230892,27.016439158168986],[-75.6422162779883,27.01643649856513],[-75.64221613366769,27.016433838961298],[-75.64221604718891,27.01643224529252],[-75.64221590286832,27.016429585688737],[-75.64221669211977,27.016427687224187],[-75.64221745527739,27.016425253920396],[-75.6422185406018,27.016423342568068],[-75.64221934326869,27.016421709321268],[-75.64222102351881,27.01641976944928],[-75.64222295852662,27.01641701933414],[-75.64222376119334,27.016415386087324],[-75.64222575399556,27.01641370103485],[-75.64222658636776,27.016412597223933],[-75.64222817911725,27.01640906285338],[-75.64222923853661,27.016406620151],[-75.64223486987876,27.016373329059228],[-75.64223694480808,27.0163567144473],[-75.64223855951778,27.016348115775877],[-75.64223992350745,27.016340329794836],[-75.64224166805353,27.016334123806775],[-75.64224321846405,27.016329791252236],[-75.64224589852857,27.016324346318225],[-75.64225022996604,27.01631642941759],[-75.64225254750495,27.016313082959297],[-75.642255749494,27.016308459051256],[-75.64226161699604,27.01629594529354],[-75.64226591162125,27.01628189907332],[-75.6422682099149,27.016274869828436],[-75.64227085910662,27.01626889201259],[-75.64227519049103,27.016260974240367],[-75.64227791381447,27.01625632657693],[-75.64227980555246,27.016252779192605],[-75.64228135600645,27.016248447511128],[-75.64228205858515,27.016244951890812],[-75.64228390608511,27.016240607279048],[-75.64228450779399,27.016235252816283],[-75.64228474867258,27.01622324891382],[-75.64228441681108,27.01621713331356],[-75.64228527128097,27.016210967821188],[-75.6422858902536,27.01620587753466],[-75.64228914100777,27.01619454264124],[-75.64229328382561,27.016183168042286],[-75.64229855916781,27.01617068006481],[-75.64230633180244,27.016154884145507],[-75.64231498020769,27.016138784302516],[-75.64232109849974,27.016125459604815],[-75.64232361276657,27.016118848516754],[-75.64232604596558,27.016112452549542],[-75.6423277933739,27.016106245566284],[-75.64232822097746,27.016101532586045],[-75.64232835176728,27.01610009296443],[-75.64232882353782,27.016092344079446],[-75.64232940666648,27.016081124437967],[-75.64233255843881,27.01606792975055],[-75.64233566777789,27.016053935135265],[-75.64234588759217,27.016028439365098],[-75.64235118424668,27.0160152291284],[-75.64235610934747,27.016002943511715],[-75.64236170171792,27.01598537840013],[-75.64237036659719,27.01594768936737],[-75.64237264355958,27.015934798567756],[-75.6423731725457,27.015932583555205],[-75.64237579629233,27.015921603844415],[-75.64237736803595,27.015916819203188],[-75.64237988240198,27.01590916676851],[-75.64238138860495,27.0159040378652],[-75.64238332266733,27.01590128866732],[-75.64238616234888,27.01589876759667],[-75.64238983147267,27.015895142843153],[-75.64239136932905,27.015890543289903],[-75.64239325817829,27.015886996908087],[-75.64239481056629,27.0158826651465],[-75.64239810469718,27.015872130149862],[-75.64239962123891,27.015861669036845],[-75.64240088224172,27.015852021697487],[-75.64240245653201,27.01584262477302],[-75.64240565145191,27.015830225619997],[-75.64240983861328,27.01581965087589],[-75.64241111395677,27.01581026784037],[-75.6424129479281,27.01580565627228],[-75.6424135639672,27.015800566120546],[-75.64241545276589,27.01579701886734],[-75.64241793871706,27.015793448242242],[-75.64242071962266,27.015789862154207],[-75.64242428772515,27.015784375945195],[-75.64242787323366,27.015779156528097],[-75.64243055423961,27.015773711558758],[-75.64243206043649,27.01576858265746],[-75.64243502541821,27.01575192846001],[-75.64244035396791,27.01572397975441],[-75.6424427131887,27.01569616293477],[-75.64244239473305,27.0156903125651],[-75.64244131503489,27.015686894536717],[-75.64244116987595,27.015684237600645],[-75.64244178985518,27.01567914815395],[-75.64244243365032,27.01567458752372],[-75.64244427917951,27.015670243003793],[-75.64244832204687,27.015657009542213],[-75.64245520346662,27.01564125243662],[-75.64246198488961,27.015623634706856],[-75.64246867676263,27.01560442082509],[-75.64246998389208,27.015595569763164],[-75.64247243096644,27.015585868177524],[-75.64247568473029,27.015574535796194],[-75.64247753220299,27.015570191192648],[-75.64247908165801,27.015565859562493],[-75.64248402500536,27.015547255151194],[-75.64249156134655,27.01551068287269],[-75.64249387954574,27.01549858857314],[-75.64249429656186,27.01548977713766],[-75.64249476729057,27.01548202744135],[-75.6424962386454,27.015470770033307],[-75.6425020278985,27.015451329652826],[-75.6425066435087,27.015432208788823],[-75.6425069670685,27.01542973429885],[-75.64250790434886,27.01542255884815],[-75.64250952193001,27.015413960077836],[-75.64251416543745,27.015395371351612],[-75.64251997004448,27.01537619610781],[-75.64252660427255,27.01535592067275],[-75.64252952507272,27.01533847102066],[-75.64253333787865,27.01532098078933],[-75.6425383524115,27.015303706667943],[-75.64254305453531,27.015286180347015],[-75.64255389518719,27.015233740059482],[-75.64255718767534,27.015206680063557],[-75.64255917601837,27.015188471863638],[-75.64256111812544,27.015169465653706],[-75.64256412544252,27.015153610546278],[-75.64257133434451,27.01512744763693],[-75.64257453124955,27.015115050174366],[-75.64257960835775,27.015104434085565],[-75.64258230269846,27.015099253470968],[-75.64258686484759,27.01509558984312],[-75.64259354668019,27.01509263396155],[-75.64260046247432,27.01504462874086],[-75.6425987365641,27.015029248992267],[-75.64259827045518,27.015004218489377],[-75.64259945414436,27.014987642756665],[-75.6426026067515,27.014974447204764],[-75.64260745302974,27.014959577874574],[-75.64261259551533,27.014944698272963],[-75.64261725609208,27.014926371134763],[-75.64262013168823,27.014908125202272],[-75.64262146062954,27.01489420814756],[-75.64262243306669,27.014879244287734],[-75.64262489302385,27.014853285519212],[-75.64262804562105,27.01484008997372],[-75.64263380591692,27.014820117543923],[-75.64263954987132,27.0147998800267],[-75.64264850162616,27.014750987075224],[-75.64265626525612,27.01470214673099],[-75.64266307398775,27.014646683735695],[-75.64266677946041,27.014610811693835],[-75.6426707994237,27.014575194388527],[-75.64267382205918,27.014559604447037],[-75.64267561406402,27.014551540200703],[-75.64267693030047,27.014545609949444],[-75.64267918985692,27.014532454170542],[-75.64268111295458,27.014518513017872],[-75.64268390476613,27.0144986698419],[-75.64268583243393,27.01447939850999],[-75.64268870989733,27.014461151651805],[-75.64269158823858,27.014442903007875],[-75.64269682571393,27.01439683855967],[-75.64269890612097,27.01434744567726],[-75.64269906323364,27.01434384704696],[-75.64270048244164,27.014311375214028],[-75.64270102969749,27.014298848323534],[-75.64270150642082,27.01429311637902],[-75.64270282945562,27.01427718426017],[-75.6427046127796,27.01425525336602],[-75.64270479388239,27.01423446853921],[-75.64270539112482,27.014165409032657],[-75.6427048912067,27.014134251842794],[-75.64270315977609,27.01410234737603],[-75.64270362249863,27.0140615506619],[-75.64270436726692,27.01404825625883],[-75.64270513474749,27.014034570912347],[-75.64270660256526,27.014006790456627],[-75.64270605420367,27.013996685984665],[-75.64270632485893,27.01398521423857],[-75.64270646478722,27.013971351620842],[-75.64270685737009,27.01395667623566],[-75.6427069850727,27.01392681287496],[-75.64270720633144,27.013875379005025],[-75.64270500631244,27.013801921923903],[-75.64270337894872,27.013750025596625],[-75.64270102407924,27.013728542454217],[-75.64268990294562,27.013644279652237],[-75.64268735137433,27.01363559489635],[-75.64268510840324,27.013627164253197],[-75.64268227552344,27.01359690871725],[-75.64268332030939,27.013594197376698],[-75.64269192655881,27.013593822702028],[-75.64268779143036,27.013572417077434],[-75.64268007239518,27.013572753126812],[-75.64267816218738,27.013570436231134],[-75.64267025115826,27.013550793281155],[-75.6426692167414,27.0135481733337],[-75.6426670509119,27.01354666845976],[-75.64266512728854,27.013544086349558],[-75.64266290681903,27.013541520659885],[-75.64266123374307,27.01353747536754],[-75.64266084950225,27.013536546936617],[-75.6426584845132,27.013531318186295],[-75.6426541633203,27.013522978895757],[-75.64265182040774,27.013512688519587],[-75.64264917841777,27.01350240941547],[-75.64264799976685,27.013497131641618],[-75.64264781217086,27.013493674809745],[-75.64264768227854,27.013491281283013],[-75.64264664795792,27.013488663080476],[-75.64264531548605,27.013486055234917],[-75.64264326011967,27.013481081427578],[-75.64264199581709,27.01347420734585],[-75.6426406718634,27.01346627004417],[-75.64264143205625,27.01346383689368],[-75.64264039773623,27.01346121869141],[-75.64264021014068,27.01345776186002],[-75.64264006585826,27.013455103161554],[-75.64263868910018,27.013451697225797],[-75.64263676552757,27.013449115988287],[-75.64263455648306,27.0134468147259],[-75.6426316408357,27.013442411716884],[-75.6426284838616,27.013439084156584],[-75.64262532688777,27.013435756596195],[-75.64262217288322,27.01343242978088],[-75.64262021658814,27.013429317496563],[-75.64261918217464,27.01342669754986],[-75.6426169182552,27.013423331110715],[-75.64261579726352,27.01341911577075],[-75.64261475988131,27.013416495079017],[-75.6426144714131,27.01341117942752],[-75.64261415499625,27.013405330772958],[-75.64261349119772,27.01339309884377],[-75.64261373396344,27.01338109499548],[-75.64261240811389,27.01337315865346],[-75.64260987007152,27.013364740864038],[-75.6426072540664,27.013349399972775],[-75.64260573303068,27.013343335340725],[-75.64260569904323,27.013342709046572],[-75.642605545437,27.01333987851094],[-75.64260550217163,27.013339081250688],[-75.64260446771252,27.013336460432523],[-75.64260347670816,27.01333464036372],[-75.6426024566394,27.013332284717475],[-75.64260154687344,27.013331547912568],[-75.64260120987048,27.013331274052675],[-75.6425982654017,27.0133263398287],[-75.64259487752811,27.013318757306813],[-75.64259147633356,27.013310911315372],[-75.64258686845301,27.01329725280636],[-75.64258316324128,27.013283822547944],[-75.64257912721793,27.01327199536121]]]}},{"type":"Feature","properties":{"Ward_Num":25,"Shape_Leng":51200.5958315,"Shape_Area":62639533.3595},"geometry":{"type":"Polygon","coordinates":[[[-75.64257912721793,27.01327199536121],[-75.64257644235255,27.013264127803815],[-75.64256080897937,27.013228298723106],[-75.64254544767606,27.013191924456407],[-75.64253288461931,27.013157825804715],[-75.64253062831055,27.01314913083257],[-75.64252804409855,27.013139915916284],[-75.64251280969978,27.013105933563217],[-75.64249842607377,27.013071115033238],[-75.64249578421443,27.013060837687927],[-75.64249225213362,27.013050597348713],[-75.6424812966235,27.013024156982],[-75.64247268613036,27.01300801038012],[-75.64246404472445,27.012991330031078],[-75.64245528694732,27.012972523118954],[-75.64245167127058,27.012960688136566],[-75.64244203351048,27.012925664768076],[-75.64243846559573,27.01290929515508],[-75.64243460566071,27.01289294087859],[-75.64242764268462,27.012874324260387],[-75.64242218604976,27.01286150186097],[-75.64241249588348,27.012841936403337],[-75.64240724034713,27.012832837786057],[-75.64240290580564,27.01282423329423],[-75.64239532960701,27.01281070402413],[-75.64239291861612,27.01280468076813],[-75.6423907641753,27.012797844579122],[-75.64238868642472,27.012792853395272],[-75.64238836762186,27.012792087366932],[-75.64238536534616,27.0127860872283],[-75.64238123176004,27.01278120390086],[-75.64237793050484,27.012775216777527],[-75.64237133115427,27.0127632467652],[-75.64236508542169,27.012752324550153],[-75.64235564065842,27.012737280963606],[-75.64234622360877,27.012722766017525],[-75.64233343716914,27.01270093617789],[-75.64232073345995,27.012680702769064],[-75.64228581986049,27.012629456544744],[-75.64227330467925,27.012612679040927],[-75.64226408967325,27.012601886957484],[-75.64225576474482,27.0125910552534],[-75.64224236242327,27.01257431724118],[-75.64222891295118,27.012556782139978],[-75.64221968440133,27.012545722224388],[-75.6422093265868,27.012535780776147],[-75.64219903492547,27.012521571448165],[-75.64218835669888,27.01250577891698],[-75.6421624825808,27.012473061522368],[-75.6421523188166,27.012461244922807],[-75.64214183212142,27.01244890991102],[-75.6421376417999,27.012442962364307],[-75.64213255950543,27.012437055393576],[-75.64212338872684,27.01242705964711],[-75.64211392096661,27.01241707770207],[-75.64210480798278,27.012408146999874],[-75.64209557863691,27.01239708973819],[-75.64208617723008,27.0123828434042],[-75.64208293672637,27.012377921198375],[-75.64207972203062,27.01237352858929],[-75.6420755885337,27.012368646129097],[-75.64207060910331,27.012364598757646],[-75.64206063390827,27.012356238928067],[-75.64205875316019,27.01235507574515],[-75.6420554007074,27.01235300174282],[-75.64205042030525,27.01234895441297],[-75.64204213971477,27.012338920788565],[-75.64203484927233,27.01233070989024],[-75.64202780021081,27.012321424421707],[-75.64201597932194,27.01230776166319],[-75.64199891348812,27.01228803638487],[-75.64196923669702,27.01225654856079],[-75.64195294783111,27.012241535336123],[-75.64194481444261,27.012234160266665],[-75.6419407674301,27.012230871445013],[-75.64193667720751,27.01222678623856],[-75.64193129986003,27.012220892106683],[-75.64192937337332,27.012218310122837],[-75.64192736134534,27.012214133582763],[-75.64192411891129,27.01220921145968],[-75.64192082068558,27.01220322507971],[-75.64191870580798,27.012197188940007],[-75.6419186191509,27.012195591809512],[-75.64191733207367,27.01219378375645],[-75.6419172455586,27.012192189242803],[-75.64191625439615,27.012190365686305],[-75.64191527776335,27.012188809917383],[-75.64191432698419,27.012187784617122],[-75.64191305424747,27.012186240862558],[-75.64191123080184,27.012185521967343],[-75.64191028289707,27.01218449566761],[-75.64190816042591,27.012183788913873],[-75.64190727128205,27.01218382761611],[-75.64190110180284,27.01217983203967],[-75.64189517370501,27.012174761893867],[-75.64188481681488,27.012164817766237],[-75.64187466849602,27.012153266280325],[-75.64187283676706,27.01215124324155],[-75.64186422431298,27.0121417311694],[-75.64184384699128,27.01212262827903],[-75.64182672872185,27.012108717829665],[-75.6418015967438,27.012091472626643],[-75.6417945885941,27.01208666457343],[-75.64177360880808,27.01207291957207],[-75.64175271855741,27.012060770697204],[-75.64173968750436,27.012050943829667],[-75.64173066028702,27.012043610277097],[-75.64172128011026,27.012035222779122],[-75.64171229712578,27.012028686439184],[-75.64170326977171,27.012021350267872],[-75.64168299458231,27.01200411048238],[-75.64166267716843,27.011986074267405],[-75.64165047958771,27.011975146179154],[-75.64163744953628,27.011965319258756],[-75.64162323326985,27.01195554309225],[-75.64161350336329,27.011951702468533],[-75.64160339089369,27.011946280217245],[-75.64158758961392,27.011934709833522],[-75.64154336652228,27.011903855925933],[-75.6414990886069,27.011871936831355],[-75.64148304611474,27.011861443617256],[-75.64145513963038,27.011846134213272],[-75.64144812635679,27.011842976226596],[-75.64144225590609,27.01183896761369],[-75.64142822435058,27.0118326492333],[-75.64141212706551,27.011821091710935],[-75.64139604124945,27.011809799484],[-75.64136311126785,27.011789646317755],[-75.64133649490633,27.011776146558354],[-75.64132734568344,27.01177201484109],[-75.64131850597562,27.011768136323223],[-75.64130962380233,27.011763457017476],[-75.64130053888206,27.011755058389912],[-75.64129121656603,27.0117477359023],[-75.64128227597618,27.011741997699854],[-75.64127423969656,27.01173648243935],[-75.64125907577083,27.011725682540344],[-75.64124417825472,27.01171434120115],[-75.64123528170705,27.011709396719173],[-75.64122610265889,27.011704732950424],[-75.64120506544518,27.011689925419557],[-75.64118408879581,27.01167618018351],[-75.64115920957487,27.011661807394354],[-75.64115219433538,27.011658648600786],[-75.64114636618969,27.011655437270434],[-75.64112242122253,27.011641821203963],[-75.64111130136031,27.011634310261172],[-75.64109930776837,27.01162710401202],[-75.64109322584744,27.011624702860622],[-75.64109051129016,27.011624021858395],[-75.64108745645585,27.01162255652716],[-75.64108438612124,27.011620823451135],[-75.64108162928953,27.011619345150947],[-75.64107944920868,27.01161757595476],[-75.64107752471371,27.011614993875295],[-75.641075405235,27.0116142878498],[-75.64107220612969,27.011610162965138],[-75.64106934535378,27.0116068224941],[-75.64106411224627,27.011603585264325],[-75.64100850266217,27.011576690788626],[-75.64098888440262,27.011566085575975],[-75.64096789738608,27.011557672415197],[-75.64092799857572,27.01153515744121],[-75.64091638556927,27.011529532011117],[-75.64090443521138,27.011523122123393],[-75.64088947040148,27.01151604515183],[-75.6408815237302,27.0115121268631],[-75.64087444986464,27.011507904795906],[-75.64086868048801,27.01150575845018],[-75.64085525368706,27.011494084644728],[-75.64084222381997,27.01148425763483],[-75.64082533741481,27.011474597572143],[-75.64080844730776,27.011464941165453],[-75.64077424585496,27.011443243144786],[-75.64076333469315,27.011434125689295],[-75.64076013848651,27.01142999979776],[-75.64075692298016,27.011425608075733],[-75.64075372389995,27.011421483183565],[-75.64075082286902,27.011417346195863],[-75.64074677609312,27.011414059951324],[-75.64074366252979,27.01141152961097],[-75.64074037634072,27.011408858146574],[-75.6407396165864,27.01140824070699],[-75.64073828860568,27.011407603403324],[-75.6407365637152,27.011406775281028],[-75.6407338472211,27.01140609435399],[-75.64072988679398,27.01140440000161],[-75.64072075203174,27.011400533402416],[-75.64070790872708,27.011394163226182],[-75.64069502602838,27.011386994751856],[-75.6406726587271,27.01136958180441],[-75.64066833977297,27.011365560724464],[-75.64065761696877,27.011355578222336],[-75.64064143049174,27.01134242621019],[-75.64062144511219,27.011330503560878],[-75.6405935389471,27.01131519306544],[-75.64056474282698,27.01129992391159],[-75.64055457080293,27.011293436606838],[-75.64054380686295,27.011286978554892],[-75.64052386475565,27.01127585314226],[-75.6405027768611,27.01126557759331],[-75.64050015253295,27.011264472097984],[-75.64049303271618,27.011261471696002],[-75.64048819769253,27.011260083810217],[-75.64048330397604,27.011257631797694],[-75.6404780708699,27.01125439366801],[-75.64044726384842,27.011234947886113],[-75.64044198565071,27.011230914329694],[-75.64043738630474,27.011226744566628],[-75.64043384862022,27.01122353933125],[-75.64042698715608,27.01121770710124],[-75.6404189377742,27.01121193005717],[-75.64041001447443,27.011206454211397],[-75.6403919391983,27.01119684756688],[-75.64037420317331,27.011188024419486],[-75.64035810326192,27.01117646687663],[-75.64034615300615,27.011170056928094],[-75.64033496123729,27.011161217442933],[-75.64031318135817,27.01114910702737],[-75.64028128620185,27.01113157261645],[-75.64027361935167,27.011128312720334],[-75.6402642308794,27.01112432072813],[-75.64024574897454,27.011118194965107],[-75.64023701035225,27.011116177779797],[-75.64023394024652,27.011114448169025],[-75.64023088720752,27.011112979239577],[-75.64022786029402,27.01111204601043],[-75.64022292432998,27.011108796689527],[-75.64020914869735,27.011101667013676],[-75.64019586533455,27.011092652725587],[-75.64019092932585,27.01108940253103],[-75.64018594813095,27.01108535516697],[-75.64017573585045,27.011078070446374],[-75.6401649728048,27.01107160969813],[-75.64015094144855,27.011065290277152],[-75.64014303726849,27.01106217184715],[-75.64013631813137,27.011058999233168],[-75.64013108514821,27.01105576283161],[-75.64012106793008,27.011046602930627],[-75.64010083668887,27.011030161875514],[-75.64008323813185,27.011013882560132],[-75.64008047462752,27.011011326481384],[-75.64005238043036,27.010992562577343],[-75.64003850690082,27.010983573075922],[-75.64002349899243,27.01097569785797],[-75.6399773526468,27.01094226125072],[-75.63993002018562,27.01090887623204],[-75.63990700817679,27.010896021088328],[-75.63989020863309,27.010887958006855],[-75.63987829979679,27.010882346217667],[-75.63986640446326,27.010877001383662],[-75.63984254541731,27.010864978715713],[-75.63981578560933,27.01084882252497],[-75.63978764918168,27.010829259515088],[-75.63977650076177,27.010821217229953],[-75.63976618663861,27.010812071094993],[-75.63974832116749,27.010800857829686],[-75.63972929816504,27.010790223887724],[-75.63971151917187,27.010780605122925],[-75.63968931073198,27.010766114086344],[-75.63966744460136,27.01075240903649],[-75.63965237906947,27.010743469600335],[-75.63963761265597,27.010734519772328],[-75.63962957854879,27.010729004311084],[-75.63962896406166,27.010728563279418],[-75.63962152927871,27.010723227211216],[-75.63958949116709,27.01070303213918],[-75.63957843134062,27.01069658687309],[-75.63956127573177,27.01068863453521],[-75.6386993811503,27.01007231765139],[-75.6383947813723,27.009933242846383],[-75.63821612743321,27.00982230324862],[-75.63813582934485,27.009757872781297],[-75.63783476041222,27.009678348553933],[-75.63751412069966,27.00959122497605],[-75.63731993052187,27.0095407428998],[-75.6366604850329,27.00944970856715],[-75.6365263775921,27.00945256413831],[-75.6363822119202,27.009455632930543],[-75.63548903682377,27.009448762631752],[-75.63294509610353,27.009429148558564],[-75.6330612964509,27.00839502345411],[-75.63306707629913,27.008343590047815],[-75.63308164905494,27.008213910084663],[-75.63308165562914,27.008213851220113],[-75.63365246567201,27.008270913342564],[-75.63461217029099,27.008366105672035],[-75.63493184235475,27.008398495667414],[-75.63501842132085,27.008407005177826],[-75.63527815828755,27.008432532366378],[-75.63536393508677,27.008441079925994],[-75.63543097424888,27.00844566188065],[-75.63563123314519,27.008458476913294],[-75.6356974710683,27.00846309700346],[-75.63579224386494,27.008474130556625],[-75.63607656246639,27.00850723152541],[-75.63617053317532,27.008518303945248],[-75.63623860517453,27.00852672240638],[-75.63644270460516,27.00855004071384],[-75.63650997344409,27.00855849739642],[-75.63654710279516,27.008560616629065],[-75.63655839076866,27.008561050938702],[-75.63657609582052,27.008561180049224],[-75.63659225468986,27.00856235385961],[-75.63673544419946,27.008575941766072],[-75.63687135802574,27.008588904138215],[-75.63705339633042,27.008606472523134],[-75.63843596078016,27.00873790059334],[-75.63877574291732,27.008770308156013],[-75.63889601294454,27.008777215865656],[-75.63908206177622,27.008794594613146],[-75.63914675224107,27.008800259756537],[-75.63963768725002,27.008844907009944],[-75.63982213197009,27.008862361986527],[-75.63996532197362,27.008875951201265],[-75.6403908216336,27.008915939926712],[-75.64053320866557,27.008929567610426],[-75.64076481082844,27.008955465835896],[-75.64145875579008,27.009032229437278],[-75.64169035677219,27.009058128124206],[-75.64185858518506,27.009073440884976],[-75.64236327101769,27.00911938087903],[-75.64253149882114,27.009134694241844],[-75.64255820032515,27.00913730972436],[-75.64258243763118,27.009139071600867],[-75.6426365845116,27.009143296150423],[-75.64266248377444,27.00914595002802],[-75.64296169586012,27.009172520026727],[-75.64370078787061,27.00923742723677],[-75.64385858790071,27.00925323697949],[-75.64415631049454,27.009281821376447],[-75.6443221314377,27.009297249556553],[-75.64435771453587,27.009300414985802],[-75.64481953834712,27.009342566947492],[-75.6449853022109,27.00935702772398],[-75.64516252674801,27.00937482811201],[-75.64569087413348,27.00942644698305],[-75.64572811836985,27.009430503913492],[-75.64573946314174,27.009431907792607],[-75.64576536168371,27.00943456174416],[-75.64586649357099,27.009444323880757],[-75.64588511525814,27.009446353207096],[-75.64588566282752,27.009446082789772],[-75.64604376390864,27.0093678982134],[-75.64604507040573,27.00935392291931],[-75.64606862960527,27.009355668872654],[-75.64623703991076,27.009368148111097],[-75.64624850963696,27.009267199846594],[-75.64627367630034,27.009045691490222],[-75.64648159992775,27.009066744494085],[-75.64662856515201,27.00908017849184],[-75.64665532696425,27.009082624954946],[-75.64666796262908,27.00908389377534],[-75.64679413475231,27.009096562826034],[-75.64697570962863,27.00911450159278],[-75.64717790752542,27.009134203499304],[-75.64719611300343,27.009135274085153],[-75.64720209374849,27.00913581254998],[-75.64720777664424,27.009136366619032],[-75.64721286536229,27.00913694396174],[-75.64721850383107,27.009136698211375],[-75.64722444223908,27.009136439387923],[-75.6472300816816,27.00913619359444],[-75.6472359767782,27.009135137525863],[-75.6472407251673,27.009134930568138],[-75.64724118900374,27.00913484390329],[-75.6472463221773,27.009133885742322],[-75.6472522133308,27.00913282897022],[-75.64725690502381,27.0091315604305],[-75.64726250110694,27.00913051651842],[-75.64726835182242,27.009128661501393],[-75.64727300015585,27.00912659484421],[-75.64727884897052,27.009124740783726],[-75.6472834962348,27.009122672424006],[-75.64728815892575,27.00912087006051],[-75.64729399620799,27.009118749832915],[-75.64729860108599,27.00911588331348],[-75.64730321953773,27.009113284619662],[-75.64730782543627,27.009110418929627],[-75.64731272538324,27.009107539548843],[-75.64731639696343,27.009103916323568],[-75.64732100091327,27.00910105071792],[-75.64732467239797,27.009097425747907],[-75.64732924850927,27.00909402976633],[-75.64733291999323,27.00909040479609],[-75.64733658855542,27.009086779953112],[-75.64734104899216,27.009081254788324],[-75.64750436083676,27.008905444550983],[-75.64758605553172,27.008826468882447],[-75.64758829977275,27.008824333012008],[-75.64769553788605,27.008722293113237],[-75.64770653918622,27.00871164519472],[-75.64778174922196,27.008638852871076],[-75.64779192841439,27.008629081879754],[-75.64787098741729,27.008556348172714],[-75.64796680425698,27.008469024143935],[-75.6480606892524,27.00838445093815],[-75.64808727551564,27.00835904087813],[-75.6481568813247,27.008304040274993],[-75.64825673850967,27.008225335549973],[-75.64836597204646,27.008138492083578],[-75.64847067094988,27.008055846231347],[-75.64851426343856,27.00802036825394],[-75.64852542209027,27.0080121527562],[-75.64856269372379,27.007986276719567],[-75.6486322782892,27.007936339938823],[-75.64870603140878,27.0078864862805],[-75.64883035504235,27.00780911341447],[-75.64898211753659,27.00772201410263],[-75.64900090395683,27.007711867698987],[-75.64909581864207,27.007662692787765],[-75.64919265870509,27.00761609700586],[-75.64921622325281,27.007606275541566],[-75.64929180801683,27.00757366535977],[-75.64939198886294,27.00753385355512],[-75.6494024451291,27.007529132646624],[-75.64949349159308,27.007496382258385],[-75.64959583194167,27.0074634041737],[-75.64970039185107,27.00743299323187],[-75.64980538074168,27.007404962598017],[-75.64991195486704,27.007378729381493],[-75.65000283341675,27.00735930870526],[-75.65009443410838,27.00734225557651],[-75.65010156392766,27.007341165586695],[-75.65015787268368,27.007332559665805],[-75.6501865216863,27.007328646923213],[-75.65027960034055,27.00731685812566],[-75.65037197294453,27.007308564959526],[-75.65046541290343,27.00730342253049],[-75.6505589676363,27.007300409215645],[-75.65065150770516,27.00730063658051],[-75.6506980866976,27.007303667906836],[-75.65071505816697,27.007205390298044],[-75.6507350023975,27.007112580431897],[-75.65074813872002,27.007069634424454],[-75.65076339553745,27.007027395921476],[-75.65077955787665,27.00698538546249],[-75.65078960766668,27.006962294354683],[-75.6508011560798,27.00693940628872],[-75.65081328394326,27.00691622453003],[-75.65082665871428,27.006894055919197],[-75.65082966898824,27.006889261863936],[-75.65084007473529,27.00687268201214],[-75.6508552700668,27.006851233981706],[-75.65087046826375,27.006829784951055],[-75.65088661519492,27.006809358576156],[-75.65090397625346,27.006789414316636],[-75.65092139419028,27.00677053424109],[-75.65094059708717,27.006751576294985],[-75.65095983923841,27.006733412262374],[-75.65097908449161,27.006715251588744],[-75.65099959959568,27.006698633766153],[-75.65102072604564,27.00668225506201],[-75.65104308206094,27.006666624461797],[-75.65117701690815,27.00656910746679],[-75.65119272089564,27.00655696267325],[-75.65122252031435,27.00653594150776],[-75.65148456670903,27.00636514610247],[-75.65160096634452,27.006289841499562],[-75.65165815949962,27.00625284028526],[-75.65213400618141,27.005943201995642],[-75.65223028407989,27.00588090413019],[-75.65271161955413,27.005568356167768],[-75.65280785416309,27.005505261413784],[-75.65329040851192,27.005198785661907],[-75.65339223987908,27.00513464695059],[-75.6544083935693,27.00449228114124],[-75.65504331002336,27.00394623288602],[-75.65512824601632,27.003872438275973],[-75.65569745874666,27.00338202032587],[-75.6558063855586,27.003289853870694],[-75.65618060481998,27.00288295541136],[-75.65633443789488,27.00271568861081],[-75.65641164890854,27.002625707943785],[-75.65691469189701,27.002089674757034],[-75.65699601045507,27.002004044098477],[-75.65774726503474,27.00119680364459],[-75.65839751875895,27.00050723285512],[-75.65849877364347,27.000399944419975],[-75.65857556751541,27.000318771937845],[-75.65938102609884,26.999464120344715],[-75.6594324834226,26.999409905308077],[-75.65949159361263,26.999347628667763],[-75.65995812883588,26.998852088561264],[-75.66003209962442,26.998773704437095],[-75.66036245746777,26.99842400225872],[-75.66041574115653,26.998367596458177],[-75.66047755538969,26.998279084316597],[-75.66063582195501,26.99802806304428],[-75.6606842372077,26.997928412571923],[-75.6607601750218,26.997706042688705],[-75.66079861157401,26.99759803330703],[-75.66085133272607,26.99737462348351],[-75.66085516396036,26.99735838913108],[-75.6608648472078,26.99730680316626],[-75.6609047038049,26.997306481705742],[-75.66123088601563,26.997303851141734],[-75.66130370268054,26.99729983839689],[-75.66132214816125,26.99729882180602],[-75.66137147204905,26.997296104059245],[-75.6618213739176,26.997259903636742],[-75.66197629857864,26.997247796101952],[-75.66221859575386,26.997228668777286],[-75.6623850924331,26.997216056077846],[-75.66255334269323,26.997202830425948],[-75.66272187267603,26.99718932994973],[-75.66272369702105,26.997187866130645],[-75.6630299733473,26.996942143184494],[-75.66312082508003,26.996873411949363],[-75.66331902826886,26.996700318693694],[-75.6633337948996,26.99668741413545],[-75.66339289710358,26.99663659429554],[-75.66338563779983,26.996628917478223],[-75.66344841004214,26.99657447221286],[-75.66352367000717,26.99650349235297],[-75.66356314373049,26.996463656513146],[-75.66368960353527,26.996338739382463],[-75.66388038327146,26.996148798246477],[-75.66390573763955,26.996123555697178],[-75.66418904814746,26.995842008221818],[-75.66425249916364,26.99573450310963],[-75.66444182437063,26.995687983849166],[-75.66454116933231,26.995663574018597],[-75.6645480947098,26.99566187202398],[-75.66454367070716,26.995651674803433],[-75.66453028196044,26.99561074809442],[-75.66447012196205,26.99542684421527],[-75.66446211058967,26.995402355619078],[-75.66443228782074,26.995311189816416],[-75.66441489663661,26.99525412160426],[-75.66435676294064,26.995259771614403],[-75.66430511432915,26.99526479152131],[-75.66427917884323,26.995201284873257],[-75.6642742148549,26.995189131047297],[-75.664109791386,26.994636172029622],[-75.66410736886172,26.99462802660009],[-75.66414680208678,26.994615493694187],[-75.66461731205322,26.9944659575148],[-75.66497611860446,26.99435192120235],[-75.66533669397327,26.994237320003876],[-75.66568282787084,26.994127311125748],[-75.66615037922107,26.993978709154987],[-75.66615448362673,26.993961209080428],[-75.66614487414395,26.993935896349914],[-75.66612736841603,26.993889785836192],[-75.6659933428268,26.99353674602919],[-75.6659005321214,26.993292270554317],[-75.66588436592211,26.993251190638663],[-75.66584614313085,26.993154065850565],[-75.66576135537497,26.99293861763058],[-75.66593848689148,26.992879266203964],[-75.66621924371879,26.992785193178122],[-75.66712265433092,26.992482479620183],[-75.66713810122522,26.9924329459713],[-75.66714565598981,26.992408718533564],[-75.66715259190347,26.992386473954447],[-75.66717429775434,26.992316866491603],[-75.66718842406702,26.992303665193266],[-75.66743093279034,26.9920770333139],[-75.66747855407445,26.992032529322852],[-75.66748788125294,26.992023593966344],[-75.66746765008735,26.992007159093074],[-75.66724068917453,26.99177833611898],[-75.66720478374188,26.991741801968963],[-75.66712517790684,26.99166214647722],[-75.66876377871897,26.990308869556635],[-75.67176626708468,26.987863707898164],[-75.67181100334817,26.987827256584666],[-75.67236456495573,26.98737620356922],[-75.67251591510058,26.987533179607187],[-75.672526319121,26.987543916433136],[-75.6729081710765,26.987939938365045],[-75.67291818905184,26.98794909133242],[-75.67298890116554,26.988023798859672],[-75.6733831714042,26.98843473212658],[-75.67357496765482,26.988634968983483],[-75.67358310528702,26.988642336978167],[-75.67364144507295,26.988702934401136],[-75.67367964478386,26.98873243654492],[-75.67373025989166,26.988776847488968],[-75.67377839270966,26.988824834653126],[-75.67435346991255,26.98943062095316],[-75.67453398401406,26.989582129811744],[-75.67456889551669,26.98961143156416],[-75.67465381586597,26.98967938904596],[-75.67467701848152,26.989695927063106],[-75.67474326632232,26.98974314878457],[-75.67483632799912,26.989802218657758],[-75.67492294228636,26.989851173719007],[-75.67493301465049,26.989856868196576],[-75.6750064244301,26.989895602818894],[-75.67534283829146,26.990073115988643],[-75.67539699048938,26.990101813503287],[-75.67561915146521,26.990219544581546],[-75.67577200475974,26.990294910344],[-75.67580744994726,26.990309562661523],[-75.6758484856632,26.99032652594822],[-75.67592934605715,26.99035995309276],[-75.67609155078803,26.990415988704648],[-75.67625827831422,26.990462232141212],[-75.67637886489612,26.990491579862223],[-75.67655814748981,26.990522615352933],[-75.67673968214352,26.990540493516452],[-75.67677191937972,26.99054254294961],[-75.67677370199621,26.990542464687316],[-75.67677577765888,26.990542373559347],[-75.67677845012324,26.99054225622988],[-75.6767805257859,26.990542165101825],[-75.67678230548164,26.990542086967604],[-75.67678522933029,26.990541159516653],[-75.67678726425687,26.990540270217913],[-75.67678904400027,26.990540192955727],[-75.67679107892678,26.990539303656863],[-75.67679280041335,26.990538161466027],[-75.67679478885765,26.99053647599737],[-75.67679652786484,26.990535600564513],[-75.67679854541353,26.99053444712403],[-75.67680023969469,26.9905327719472],[-75.67680102879308,26.99053087335502],[-75.67680212395642,26.99053039513178],[-75.67680306089389,26.990529985928525],[-75.67680386333231,26.990528349032292],[-75.67680554427307,26.99052641215946],[-75.67681260246162,26.990514109890796],[-75.6768465640469,26.990515016106915],[-75.67688924222422,26.990514543819696],[-75.67692772069636,26.990514118639496],[-75.67695001925581,26.9905139387102],[-75.67694893623714,26.99051585195671],[-75.6769490225327,26.99051744721167],[-75.67694823548078,26.99051934746385],[-75.67694832172862,26.990520941846572],[-75.67694842442879,26.990522801285746],[-75.67694851081978,26.990524398285075],[-75.67694861351994,26.99052625772427],[-75.67694958975858,26.99052781565491],[-75.67694969245878,26.990529675094123],[-75.6769510227802,26.990532282342308],[-75.67695195716449,26.990533039528756],[-75.67695293720217,26.990534595544055],[-75.67695303805073,26.990536456813192],[-75.67695520093463,26.990537960021424],[-75.67695619265227,26.990539783051272],[-75.67695716972167,26.990541338322625],[-75.67695812060616,26.990542361437615],[-75.67696028363348,26.990543867262325],[-75.67696210693997,26.9905445862948],[-75.67696335379144,26.990545596415316],[-75.67696522085204,26.990547115234346],[-75.67696704415866,26.990547834266756],[-75.6769691808581,26.990548805318344],[-75.67697096055382,26.99054872718059],[-75.67697308274813,26.990549433090173],[-75.67697490508132,26.990550152165177],[-75.67697698463824,26.990550060861835],[-75.67697880711461,26.990550782553303],[-75.67698088569799,26.99055069129262],[-75.67698266539374,26.990550613154646],[-75.67698474105637,26.990550522022126],[-75.67713980965458,26.99054131368793],[-75.67721159820154,26.990535647239994],[-75.677238733415,26.990533505458032],[-75.67733647646305,26.99052042027868],[-75.67741999063638,26.990508226440454],[-75.67813383814561,26.990378427856694],[-75.67846144263886,26.990318858223112],[-75.67924453647898,26.990175470515208],[-75.67938941160891,26.99014625443032],[-75.67955875385113,26.990112103313333],[-75.67989765122651,26.99005404340349],[-75.67999990847046,26.990036494182235],[-75.68027824842105,26.989986156522534],[-75.6804416328958,26.98995351756723],[-75.680505697355,26.989940719994877],[-75.68069438908826,26.989910045095712],[-75.68092366180157,26.98986532562782],[-75.68105857867083,26.989841277929052],[-75.6810948016183,26.989923312712648],[-75.68109579648035,26.989925565702382],[-75.68111698291938,26.989973548361363],[-75.68119659442608,26.990155869134533],[-75.68127683122917,26.99033962167485],[-75.68137406752581,26.990562304348202],[-75.68165266912753,26.991200326071446],[-75.68193924072631,26.99144141872333],[-75.6819441974083,26.99145351592141],[-75.68212882357636,26.991904125490564],[-75.68221016093045,26.99210263979882],[-75.68221151601468,26.992179812429022],[-75.68221984211542,26.99265409738759],[-75.6824477650547,26.99360554558826],[-75.68265535655763,26.994006536743424],[-75.68257382072424,26.994299256228324],[-75.6825254221109,26.99441048643324],[-75.6824595999374,26.9945617583226],[-75.68234897484575,26.994815994293116],[-75.68198321289576,26.995006927099958],[-75.68134224189883,26.99534151671481],[-75.68065831832949,26.99569428472006],[-75.68064644491793,26.99580886144731],[-75.68060343641093,26.996099088045597],[-75.68065542756283,26.99624007844976],[-75.68066990056045,26.996279326925748],[-75.68069548360943,26.99634870326626],[-75.68071802704135,26.99640983744166],[-75.6877764072616,27.00587379835284],[-75.68780782281111,27.005926348001022],[-75.68782596649847,27.005956697548108],[-75.68780953208935,27.00595526477457],[-75.6876308389741,27.005939688589578],[-75.68621665020416,27.005816388548094],[-75.68590323929251,27.005794345141183],[-75.68573283901331,27.005783002215605],[-75.685483772108,27.005760820655386],[-75.68532723831288,27.005725506668153],[-75.68519001349853,27.005676649586132],[-75.68481392094134,27.00554684526052],[-75.6843638588683,27.00537683928019],[-75.68415587282254,27.005314826667657],[-75.68399721897376,27.00528447036814],[-75.68385162798883,27.005284578953038],[-75.68367274736066,27.00532026473822],[-75.68341296185484,27.00542972733524],[-75.68310848547084,27.005572394687178],[-75.68300483459895,27.005669592831193],[-75.68285494443325,27.005909832953957],[-75.68263939084886,27.006277525509663],[-75.68246824306779,27.00659357080241],[-75.68228535279104,27.006588649643756],[-75.68218004189212,27.006562563204195],[-75.68205897428953,27.006555680560755],[-75.68179269900635,27.006528680436773],[-75.68088713922353,27.006436850615525],[-75.68057392125303,27.006376585945926],[-75.68026478839079,27.00631832663548],[-75.68013501160189,27.006284829254508],[-75.67996556953308,27.006208993133868],[-75.6798468302864,27.00612708062761],[-75.67971812043108,27.00603828873983],[-75.67932804450103,27.00576733367262],[-75.67890183892167,27.005459931021516],[-75.6787056445986,27.005358266176017],[-75.67854685793242,27.005275984868586],[-75.67835010004684,27.005213441369342],[-75.67808291769458,27.00520857493514],[-75.67758106035308,27.005199431383705],[-75.67711594507884,27.00519741281619],[-75.67621240555629,27.00519348437261],[-75.67553852889212,27.005201684747462],[-75.6754993499147,27.005202161665874],[-75.67539304769238,27.005215385316195],[-75.67518478262186,27.005241292114533],[-75.67478565280285,27.00532046350757],[-75.67428155433345,27.005412901154802],[-75.67411206923418,27.005437919136153],[-75.67352872821004,27.005489895999606],[-75.67304508382854,27.005527427243983],[-75.6724608255019,27.00556390801354],[-75.67230806015924,27.005575064218117],[-75.67163465847125,27.005617702803285],[-75.67141297623486,27.005636970249217],[-75.67107761630254,27.005651921243977],[-75.67062074129565,27.005648917687623],[-75.66996702414394,27.0056570568899],[-75.66952520402548,27.005640151919117],[-75.66873278220713,27.00563892540674],[-75.66833542521395,27.005625739485303],[-75.66813534242029,27.005629412507034],[-75.6680395541469,27.005642847535693],[-75.66796780567036,27.005652910719782],[-75.66780141686574,27.005709380618114],[-75.66747425481415,27.005862851111623],[-75.66733021174042,27.005929916629814],[-75.66705347206583,27.006106249432072],[-75.66677128974183,27.00628575494799],[-75.66641255929304,27.006476667621424],[-75.66630851028106,27.00652629241655],[-75.66581427575755,27.006792608175044],[-75.66556876254246,27.00691209129569],[-75.665170139994,27.007152199086168],[-75.66512758578895,27.00717783128333],[-75.66494319101092,27.007281012843855],[-75.66442760519465,27.007569516523294],[-75.66466694783013,27.007807792482467],[-75.66478802274555,27.007937063582606],[-75.66483724525682,27.008021178232582],[-75.66484704687923,27.008105222502444],[-75.66484624899941,27.008186856826956],[-75.664804945302,27.00833161148001],[-75.66467495534269,27.00866319811243],[-75.66462958199328,27.008779976721275],[-75.66445771428286,27.009205834441357],[-75.66427685050337,27.009629207032006],[-75.66412710028236,27.01004818875869],[-75.66394629624808,27.010472530789432],[-75.66383355410582,27.01078290282982],[-75.66373738136109,27.01102018100388],[-75.66362158768665,27.011305867055192],[-75.66351102309032,27.011598651440416],[-75.66303202461715,27.011481475314714],[-75.6628360024211,27.011433523275116],[-75.66256003038079,27.011365598409192],[-75.66220744977683,27.01127881732472],[-75.66203687532129,27.011237379204932],[-75.66145931508194,27.011088023052928],[-75.66065674602554,27.010874560635262],[-75.66052587857833,27.010851636002894],[-75.66004928081206,27.01080433828126],[-75.65979860598169,27.01078224904766],[-75.65953119300518,27.010751039705298],[-75.65934905139416,27.010729782165626],[-75.65934792600459,27.010735356285995],[-75.65919790056928,27.01147813730072],[-75.65912705880804,27.011750419070506],[-75.65906816114624,27.011976799011187],[-75.65906415190496,27.012037482961276],[-75.65896019256897,27.012449171531397],[-75.65894810532326,27.01247597379702],[-75.65887381464388,27.012769951833704],[-75.65874283132348,27.013451299578705],[-75.65858794787269,27.014009842135156],[-75.65802842756094,27.013948894529886],[-75.65455564117018,27.013570437451627],[-75.65306445744983,27.013407943089966],[-75.65203529174146,27.013295797804535],[-75.64363464783365,27.012379453462778],[-75.64257933442639,27.013271820216612],[-75.64257912721793,27.01327199536121]]]}},{"type":"Feature","properties":{"Ward_Num":23,"Shape_Leng":69337.6267912,"Shape_Area":204404146.021},"geometry":{"type":"Polygon","coordinates":[[[-75.66646351241812,26.952909051175485],[-75.666445741673,26.952896813001598],[-75.66634210296749,26.952964448975973],[-75.6661586512701,26.95308417068594],[-75.66601028738111,26.95318737157447],[-75.66595957334837,26.95322264751102],[-75.66576159286247,26.95335947535971],[-75.66571028321783,26.95339449404809],[-75.66561079713469,26.953461996368215],[-75.66545811583129,26.953568064814505],[-75.66536502258614,26.9536328891606],[-75.66511206471475,26.953808359135483],[-75.66507026670915,26.953837899718817],[-75.66504694450667,26.953854079460587],[-75.66469641495165,26.95409726090438],[-75.66465635489779,26.954125925387984],[-75.66431814026838,26.954368273498336],[-75.66421229479195,26.954444578420834],[-75.66412596505447,26.954508040857334],[-75.66314173336856,26.955171395287596],[-75.66301510693789,26.955259268800695],[-75.66288673212361,26.95534774929451],[-75.66285049103574,26.9553726444962],[-75.66275747919063,26.95543653555556],[-75.66262540465549,26.95552810865835],[-75.66252313631901,26.955599194964762],[-75.66250281551524,26.955613960429027],[-75.66237642123487,26.9557057977414],[-75.6620349134742,26.956029811291792],[-75.66175164729012,26.95630411543862],[-75.66158138455607,26.956475159608715],[-75.66139144934652,26.95666171932405],[-75.66133643929174,26.956710752145188],[-75.66126647833063,26.956774559997662],[-75.66113427905773,26.956902106941424],[-75.66034372910771,26.957667004277045],[-75.66025108747606,26.957756583095513],[-75.66025025308329,26.957757686925923],[-75.65996213301334,26.95803718646208],[-75.65984584731765,26.958149990246323],[-75.6597294571313,26.95826218921494],[-75.65971930075338,26.95827222718757],[-75.65932956064019,26.958650031353713],[-75.65894147184163,26.95902003727042],[-75.65893299382407,26.95902813548041],[-75.65884434652008,26.959120203908615],[-75.65841486988374,26.95952745340133],[-75.6582266642362,26.959707804172744],[-75.65821189082223,26.95972216813333],[-75.65730239874142,26.96060641899884],[-75.65728043387503,26.960628962835596],[-75.65724288455496,26.960667752184307],[-75.65720592246646,26.960648404647284],[-75.65719871380607,26.960644631305886],[-75.65698949225029,26.96053511462437],[-75.65676680317286,26.96044274786902],[-75.6564068657456,26.96032873608768],[-75.65632342892299,26.96030550643584],[-75.65532372955819,26.9599849187613],[-75.65503570991349,26.959903425503843],[-75.65491644191,26.959881528370055],[-75.6548660244523,26.95987227246983],[-75.65475834826938,26.959852504326946],[-75.6546093521888,26.959863466651676],[-75.65456658987843,26.95987742058444],[-75.65442413236383,26.959923904848523],[-75.65434809287211,26.959948717208185],[-75.65388362425949,26.96012131480083],[-75.65369892655642,26.960195158385933],[-75.6534435125233,26.96029761238922],[-75.65299446075015,26.960458797002865],[-75.6527962383423,26.960494436282904],[-75.65270103776231,26.960493217759403],[-75.65266227695392,26.960492722099893],[-75.65258689899544,26.96049175689979],[-75.65234008150892,26.960467549991684],[-75.65215458182472,26.96043266012166],[-75.65169567376685,26.960345692455103],[-75.65129382396826,26.9602816490716],[-75.65114175181085,26.96025741226682],[-75.65085653901902,26.960223377024995],[-75.6507245372893,26.960214486131825],[-75.65060290126775,26.960206293085864],[-75.65020588302383,26.960199908331877],[-75.64992594216969,26.96020058442839],[-75.64979012608993,26.9601759605163],[-75.64950903757601,26.96006209323902],[-75.64919064279245,26.959943201306064],[-75.64802485443009,26.959494560066087],[-75.64786737492923,26.959430177245174],[-75.64758800497194,26.95931817229191],[-75.64733602652394,26.959206807896187],[-75.64733628778254,26.959206499294613],[-75.64744657010901,26.959076272414293],[-75.64799109197308,26.958339496956388],[-75.64842822516455,26.957772926148742],[-75.64860421346766,26.957565473870783],[-75.64880599018451,26.95734514192766],[-75.64894226553983,26.9572143562791],[-75.64882392663861,26.95711800745698],[-75.64878157715418,26.957054951815117],[-75.64876365309165,26.957024212278125],[-75.64870994359217,26.95693210457736],[-75.64871727870486,26.956811331133107],[-75.64870933866673,26.956666686178412],[-75.6487069628728,26.956623416040554],[-75.64862375272409,26.956440906325476],[-75.64856355070437,26.956328264462893],[-75.64846633021388,26.956146356368688],[-75.64836833474159,26.955931529916715],[-75.64831544028654,26.955826245192014],[-75.64827796152797,26.955750332930457],[-75.64827697463255,26.95574529114437],[-75.64825028137774,26.955608887911026],[-75.6480531032625,26.95560701406076],[-75.64802890442648,26.955606783626035],[-75.64761468747513,26.955595390174725],[-75.64701009591765,26.95554837185485],[-75.64599564171392,26.955468391316817],[-75.6456441176835,26.955428771089938],[-75.64532468594716,26.95537402960621],[-75.64481917667669,26.955261122721478],[-75.64441361135667,26.95520561972216],[-75.64410867830631,26.95519194979377],[-75.64370660839353,26.955168330088554],[-75.6432232761618,26.955117496115076],[-75.6427563911959,26.955059083149933],[-75.64257999744531,26.955015026003284],[-75.64232646790005,26.954972692682286],[-75.6424780439425,26.95484215005286],[-75.64255313265096,26.954761911736036],[-75.64261500706007,26.95469579267465],[-75.64275248407046,26.954449382208033],[-75.6429062946027,26.95419345607179],[-75.64328921714555,26.953676081126215],[-75.64330547389271,26.95364650848681],[-75.64331515995048,26.953628889018745],[-75.6433473263474,26.95357037686728],[-75.64334314193009,26.95348608571564],[-75.64328915652719,26.953348806222888],[-75.6432651967716,26.953328747855128],[-75.64311900774484,26.953206365347995],[-75.64307837589052,26.953172364613778],[-75.64302809977741,26.953130049780146],[-75.64289401235561,26.953017194891057],[-75.6428522943092,26.95298208320181],[-75.64284272430555,26.952925271429393],[-75.64283492850055,26.952878995948495],[-75.64282962070986,26.952776590644692],[-75.64282925406468,26.952769525373753],[-75.64283319523084,26.952757414096705],[-75.64286873791039,26.952648197939507],[-75.64303578753749,26.952398441301995],[-75.64336020322094,26.951884823583487],[-75.64336893408127,26.9518713209731],[-75.64347898086137,26.951701122778022],[-75.64354742691187,26.951595264275863],[-75.64365241344434,26.951397987894286],[-75.64372622545525,26.95114975147069],[-75.6438220423779,26.95087781288251],[-75.64382679935912,26.950864311225644],[-75.6438986058296,26.950704544934712],[-75.64397342683682,26.95060649513511],[-75.6440016457258,26.95056951522285],[-75.64426887346671,26.95025867454707],[-75.64489370613842,26.9494918852196],[-75.64494475866402,26.94940220821568],[-75.64494806413565,26.949396401675312],[-75.64499428297289,26.94931521489876],[-75.64500468325932,26.949257824829292],[-75.64501611785053,26.949194727221535],[-75.64503313953071,26.948761764788955],[-75.6450331974542,26.94876094497502],[-75.64504275583946,26.94862605416368],[-75.64505944500011,26.948390514107974],[-75.64508082160731,26.948248684594876],[-75.64506620853365,26.948192082549518],[-75.64498087550508,26.94810970782426],[-75.64482069748827,26.948312517205107],[-75.64410909563121,26.949217442766734],[-75.64372530122644,26.949706684311323],[-75.64332070622329,26.950225079049762],[-75.64292906447879,26.95071761010606],[-75.64247192126645,26.951272496095854],[-75.64243306530707,26.951214132558388],[-75.64229455113505,26.951143996326916],[-75.64178903205324,26.950976711719484],[-75.64148867792295,26.950877366036806],[-75.64136191129174,26.950842603696184],[-75.64114752009003,26.950781901961605],[-75.64074280716122,26.950727334376193],[-75.6405452602372,26.950378020228946],[-75.63992092997967,26.94992478972283],[-75.63990024461475,26.948531089250178],[-75.63976584639131,26.945612222583595],[-75.63975742756179,26.945343314612046],[-75.63973045526413,26.94448174822022],[-75.63963748530506,26.94151192793001],[-75.63964420859037,26.94133754357117],[-75.63968371418423,26.94031280561397],[-75.6397241681331,26.939263571547663],[-75.63973106205553,26.939084750696598],[-75.63976023802093,26.93884598659388],[-75.63990911215335,26.937627736523666],[-75.64006535115378,26.93604537167238],[-75.64009613729246,26.935785367096152],[-75.64009631990581,26.935783824301325],[-75.64042678913539,26.935537445263193],[-75.64094413465543,26.935151736961203],[-75.64248194953866,26.934005179490814],[-75.64369983125495,26.93309711668834],[-75.64824596613106,26.929707169401688],[-75.64882944504599,26.929272049641817],[-75.65624418690618,26.923741952547985],[-75.65624718636091,26.92373971591406],[-75.66269785253863,26.91892763092615],[-75.66416079784798,26.917836167035375],[-75.66416100931374,26.917836111451187],[-75.66444035606231,26.91776833212493],[-75.66448825979006,26.917756708070463],[-75.66731921291395,26.915812748402402],[-75.66788097791672,26.91542697551337],[-75.66897722943521,26.914674143298086],[-75.66932854725763,26.914432876628386],[-75.6693402674707,26.914424827933757],[-75.67192257671016,26.916670286597256],[-75.67198872183273,26.916727803095416],[-75.67302846584974,26.917631862627715],[-75.67327720984822,26.917848142015373],[-75.67606506929977,26.920272035169734],[-75.67650055023627,26.920650643217066],[-75.67666699571099,26.920795348238848],[-75.67669292854957,26.920817894126863],[-75.67948211121957,26.923242678601138],[-75.67975584969189,26.923480641967316],[-75.6798519350616,26.923563799345267],[-75.67984706112313,26.923561614392266],[-75.67984005134812,26.923558458762116],[-75.67983219917078,26.923556141653084],[-75.67982434495302,26.9235538228851],[-75.67974237981758,26.923571277840004],[-75.67964997765608,26.92359345681409],[-75.67963188397144,26.923599579436658],[-75.67961403372558,26.923604626782236],[-75.6795949056181,26.923608131691957],[-75.67958620496199,26.923606648978687],[-75.67957722412085,26.923605445161346],[-75.67956763454103,26.923604004144675],[-75.67955880303894,26.923600129708582],[-75.67955090809575,26.923597012967875],[-75.67954483099675,26.9235946151827],[-75.67953999983504,26.923593229821705],[-75.67953392662757,26.923590831864892],[-75.67952909546631,26.92358944650339],[-75.6795233606411,26.92358783341124],[-75.67951738538676,26.9235872972077],[-75.67951170968297,26.92358674696198],[-75.67950577802802,26.923587007707134],[-75.67948688552522,26.92359476577027],[-75.6794692649912,26.923604065648895],[-75.67945145039616,26.923615236618968],[-75.67939279263169,26.92365671127193],[-75.67936338997788,26.923678782981654],[-75.67933364508372,26.923700070860853],[-75.67931295199917,26.92371296956422],[-75.67929246723062,26.923724257877897],[-75.67927079782201,26.923735600881155],[-75.67925478389924,26.92374163463754],[-75.67923870881583,26.923746603884965],[-75.67916600061162,26.923759388789996],[-75.67912853452573,26.923764499382212],[-75.67909141065606,26.92377039378426],[-75.67905492373697,26.923777059042003],[-75.67898235797908,26.92379250247226],[-75.6789470994117,26.923799912565563],[-75.67891096543697,26.923807629449794],[-75.67883840351188,26.923823072601166],[-75.67876578249432,26.923837453721443],[-75.67869341166933,26.923851025797596],[-75.67864150790592,26.92385836758396],[-75.67856767593757,26.923866939630226],[-75.67853135289491,26.92387120088426],[-75.67849383140025,26.92387524646502],[-75.67842107755872,26.923887236558024],[-75.67838196398044,26.923894815855324],[-75.67831081824845,26.92391445902616],[-75.67827566331852,26.923923730376007],[-75.67824056447012,26.923934062947083],[-75.67816901939086,26.92395186099572],[-75.67816052210596,26.92395409696532],[-75.67808883451406,26.923969236287935],[-75.67801616963283,26.92398281989336],[-75.67794257002889,26.92399564390139],[-75.67787014263233,26.924008150638155],[-75.67777496498898,26.924017661756547],[-75.67779062787693,26.92407585018379],[-75.67789703517208,26.92405971950569],[-75.67791687802158,26.924052984569094],[-75.67793674717969,26.924046784254976],[-75.67808279129117,26.924032641159666],[-75.67815672514139,26.924025928456025],[-75.6781931500898,26.924023528930284],[-75.6782307006193,26.92402001273205],[-75.6783046926715,26.92401436455024],[-75.67837856645394,26.92400658973969],[-75.67845137864497,26.923995664309494],[-75.67845904489194,26.923994528534166],[-75.67849424244832,26.92398605410783],[-75.67852934225908,26.923975721398232],[-75.67856431012802,26.92396299437772],[-75.67859849073444,26.923952168005442],[-75.67866845657642,26.92392724748696],[-75.67868571651528,26.92392222626175],[-75.67875700757475,26.923905241347374],[-75.67882962763788,26.92389085940061],[-75.6788657617079,26.923883143416596],[-75.67890225161227,26.92387647810019],[-75.67897457688508,26.923862108998634],[-75.67904061669893,26.92384695240931],[-75.67911190760937,26.923829967234305],[-75.67918345045733,26.92381216944311],[-75.67925463849389,26.923793322621158],[-75.67932618136973,26.923775526469186],[-75.67936213982803,26.923764619926764],[-75.6793973412125,26.92375614761921],[-75.67940583727574,26.923753908096003],[-75.67941553373252,26.923751884134372],[-75.67948578898765,26.92373227927517],[-75.67952088840475,26.9237219435948],[-75.67955723273109,26.92371261949755],[-75.67959031273388,26.92370344150518],[-75.6796550811405,26.9236867400229],[-75.67974066574618,26.92366486336685],[-75.67977590952903,26.92365718529927],[-75.67981239730081,26.92365051972556],[-75.67984960831001,26.923646219816078],[-75.67986125937742,26.923647307968096],[-75.67987292285913,26.923648658656937],[-75.67988463198532,26.92365080795223],[-75.67989554027132,26.923654591059716],[-75.67990640106406,26.92365757738758],[-75.67991735003744,26.923662157570526],[-75.67992797610145,26.923666217913894],[-75.67993595924736,26.9236709284805],[-75.67994301264045,26.923674881054616],[-75.6799510559835,26.92368065616852],[-75.67995696528827,26.923685457905776],[-75.679961575635,26.923689204978313],[-75.679964117572,26.923691271318482],[-75.67996923952109,26.92369797110911],[-75.67997550473164,26.923703824393836],[-75.67997677187797,26.923710695401596],[-75.6799791830194,26.923716715501197],[-75.67997960474952,26.92372442341718],[-75.67998077004201,26.92372943284164],[-75.67998025909927,26.923736382894553],[-75.6799805936211,26.923742496911636],[-75.67997974025718,26.923748659655963],[-75.67997838287664,26.92375644578827],[-75.67997658335653,26.923761586429887],[-75.67997513969208,26.923767777748175],[-75.67997388562966,26.92383177107756],[-75.67998133216621,26.923897245359598],[-75.67998546922375,26.923924188260134],[-75.67999148962978,26.9239634010939],[-75.67999320072529,26.92397291490061],[-75.67999461226928,26.923982442750894],[-75.67999940846462,26.924015800940083],[-75.6800038235959,26.924047576403034],[-75.68001433394338,26.924114781238274],[-75.68002652453967,26.924180047031047],[-75.68003155630338,26.924201403999856],[-75.68004966116486,26.92426614322145],[-75.68007040631831,26.924330236715086],[-75.6800865024443,26.924374550653717],[-75.68010926521521,26.924437488269408],[-75.68013380506305,26.92450034514733],[-75.68015865734989,26.924563458377946],[-75.68016750051274,26.924583848939353],[-75.68022134495705,26.924704293475944],[-75.68025260520376,26.924764994109783],[-75.6802696798617,26.92479461271758],[-75.6802896176662,26.92482224112317],[-75.6802914976924,26.92482402453636],[-75.68031603607149,26.92484878660424],[-75.68034230800114,26.924872672706176],[-75.68036967854405,26.92489491363407],[-75.6803987701742,26.924916015181275],[-75.68042773075302,26.92493472150131],[-75.68045946721222,26.92494984282607],[-75.68049199206173,26.924963066902126],[-75.68055655185799,26.924991395644675],[-75.68059000841612,26.925005376722122],[-75.68062348046467,26.925019622815725],[-75.68069070775174,26.92504783681214],[-75.68072130513717,26.92505848062544],[-75.68079082445911,26.9250796661449],[-75.68086341348727,26.925097254567977],[-75.68089555923336,26.92510356668265],[-75.68096668420331,26.925116156974322],[-75.68103760849378,26.92512502651406],[-75.68111215411047,26.925129474940785],[-75.68114881208515,26.925131324111653],[-75.68118665305684,26.92513312386796],[-75.6812021748191,26.925134307366083],[-75.68123891920504,26.92513775306839],[-75.68127601752904,26.92514224951984],[-75.6813495654186,26.92515020283453],[-75.68136028388935,26.925150530339465],[-75.68143168719072,26.925151920346043],[-75.68145589898742,26.925148990359034],[-75.68148001584146,26.9251497949416],[-75.68150407738933,26.92514953562221],[-75.68161789052114,26.92518182634796],[-75.68173064899115,26.92521656257054],[-75.68184365416585,26.925272067246187],[-75.68187642565863,26.925289807563193],[-75.68203207564879,26.925364215843935],[-75.68209652702829,26.925396014842317],[-75.68212924035137,26.9254126904411],[-75.68216106571728,26.925429407709743],[-75.68216501954767,26.925431097253618],[-75.6822530645912,26.92547038377339],[-75.682277734414,26.925481286979718],[-75.68229081776687,26.9254868376395],[-75.6823036065234,26.925492403878174],[-75.68234652110006,26.92552168624367],[-75.68238892959604,26.925552588603853],[-75.6824125294114,26.925581919065724],[-75.68243557969195,26.925612076069424],[-75.68248051782192,26.9256782999101],[-75.68250743225998,26.925724803703236],[-75.68253107443955,26.92577118486039],[-75.68254778401324,26.925810411031442],[-75.68258177131185,26.92588830435311],[-75.68259896056628,26.9259525516373],[-75.68261579496743,26.92601574908813],[-75.68263480527234,26.92608071779187],[-75.68264544620885,26.92611221870747],[-75.6826546648193,26.926144847654143],[-75.68266443711278,26.92618224637795],[-75.6826778172034,26.926247462796784],[-75.68268916203166,26.926313565019182],[-75.68269754835542,26.92636354804531],[-75.68270883405035,26.926428587439343],[-75.68271449438399,26.92646137295709],[-75.68271929275112,26.926494728691296],[-75.68272227187315,26.926511117086434],[-75.68273277273205,26.92656180338681],[-75.68274203374708,26.926611483148278],[-75.68274656580192,26.92665630585823],[-75.6827480777102,26.926700197722703],[-75.68274771741186,26.926747900635153],[-75.68274439315991,26.92679573481855],[-75.68274036054571,26.92682521723398],[-75.68273420740083,26.926853993184537],[-75.68272828952153,26.926870770369394],[-75.68272142633337,26.926886524551332],[-75.6827179069111,26.926892806438282],[-75.68271527566743,26.926899050127673],[-75.68271292747997,26.926905013907096],[-75.68271034084275,26.92691205451277],[-75.6827086423845,26.92691905692111],[-75.68265585292345,26.927007960454848],[-75.68261008167602,26.92707311419258],[-75.68260219639743,26.92708651495354],[-75.68259306517703,26.927098905059307],[-75.68257230402314,26.927121396800754],[-75.68251700405972,26.927169918762907],[-75.68247634926584,26.927203677126517],[-75.68244105876784,26.92722680708901],[-75.68240631819539,26.92724911746673],[-75.68237187220772,26.92727141225284],[-75.68216734467295,26.92741174735511],[-75.68208374991178,26.927470039102936],[-75.68205258316354,26.927503379990707],[-75.68202344957714,26.92753583169256],[-75.68199742636398,26.927570808937062],[-75.6819601137521,26.927627598137644],[-75.68194239793121,26.927656883544795],[-75.68192558669377,26.927686394876932],[-75.68192469558673,26.927686433195632],[-75.68186135311156,26.927799779313073],[-75.68183506174545,26.927862477450198],[-75.68182217826961,26.927893148089495],[-75.6818093520896,26.927924883425156],[-75.68180672156585,26.92793112445735],[-75.68177721979106,26.927989436226323],[-75.68174777693591,26.928048807377696],[-75.68172963071137,26.928091966286264],[-75.68171267203743,26.928135069473807],[-75.68167918397329,26.928191157301672],[-75.68164657134822,26.928246939168133],[-75.6816193738783,26.92829848759676],[-75.68159521307736,26.928351232784948],[-75.68158691846578,26.92837344360048],[-75.68157958575706,26.928396945042472],[-75.6815740012019,26.92841983643424],[-75.68156933765545,26.928443217872697],[-75.68157367107946,26.928468068869762],[-75.6815788471354,26.928492084802922],[-75.6815861030045,26.928516009271892],[-75.6815951799201,26.92854065516183],[-75.68160688137195,26.928564383251242],[-75.68161986851443,26.92858991915179],[-75.6816439959184,26.928639743621183],[-75.68167048634483,26.92870011887036],[-75.68169701761519,26.928761292964953],[-75.6817465322774,26.928873139890108],[-75.68180897729941,26.928955112905015],[-75.68183992294308,26.92899371274675],[-75.68185731997734,26.9290129284752],[-75.68187207972127,26.929032793365785],[-75.68189230548045,26.929071066664992],[-75.68190993661304,26.929110786140292],[-75.6819313892615,26.929166055658474],[-75.68197488408182,26.929106755785],[-75.6820428507033,26.929014092024172],[-75.6821067091282,26.929105594613493],[-75.68213464075468,26.92915977848938],[-75.68205554325247,26.929273057045148],[-75.68205057983579,26.92928016464852],[-75.6820537350025,26.929283488879847],[-75.68206686009658,26.929349516320432],[-75.68207340848404,26.92938226233498],[-75.68208023712245,26.929414730314797],[-75.68209336420756,26.92948075770182],[-75.68210198856282,26.929513412425514],[-75.68212271928756,26.929577239295174],[-75.6821342526019,26.929608702358042],[-75.68214548620881,26.929640176858133],[-75.68214897310173,26.929649613633984],[-75.6821696641633,26.929712643389724],[-75.68219066448103,26.929775924395603],[-75.68219681930796,26.929801497784155],[-75.6822099453964,26.929867521815236],[-75.68221558931323,26.929900042837776],[-75.68222129244614,26.929933627609536],[-75.68222623891201,26.929953390987453],[-75.68223330302366,26.92997386011178],[-75.68224190101435,26.92998973327977],[-75.68225347570123,26.930005741232744],[-75.68226469943595,26.930020700020247],[-75.68229646232933,26.930068854125054],[-75.68235177365793,26.930199628524665],[-75.68238464622097,26.930251733522347],[-75.68241717737378,26.930303052027607],[-75.682439761759,26.93034095335441],[-75.68246308236088,26.93038148992642],[-75.68249595590753,26.93043359226605],[-75.68251684619887,26.930462243653807],[-75.6825376754873,26.93048983399429],[-75.68258536094967,26.930568193586367],[-75.68260267073697,26.930602066774544],[-75.68261132702395,26.93061900199709],[-75.68262087163292,26.930635900766656],[-75.68265806488141,26.930680087282177],[-75.68267550901203,26.930700098965566],[-75.682692997027,26.93072091197864],[-75.68272642233488,26.930766861142477],[-75.68275764570335,26.93081051136775],[-75.68276325243792,26.930820655560627],[-75.68276758789195,26.93082925614616],[-75.6827677770985,26.930832711724985],[-75.68276879725599,26.93083506527073],[-75.68276904461393,26.93083958289737],[-75.6827692338206,26.93084303847637],[-75.68276932109534,26.930844632419948],[-75.68276857751452,26.93084733014067],[-75.68276866478925,26.930848924084284],[-75.68276757989055,26.930850837928116],[-75.6827667770423,26.930852471028],[-75.68276598968076,26.930854369161064],[-75.68276518790073,26.930856003962123],[-75.68276410577704,26.930857915061697],[-75.68276325642063,26.930858752190087],[-75.68276246915443,26.930860652067125],[-75.68276162461426,26.930861488109574],[-75.68275959324332,26.93086237636033],[-75.68275880407909,26.930864277194868],[-75.68275677368082,26.930865165402775],[-75.68275499440735,26.930865243672283],[-75.68275296206342,26.93086613196566],[-75.6827521165503,26.930866968050843],[-75.6827503382496,26.930867046277463],[-75.68274272962367,26.93086924622253],[-75.68270108432756,26.93088493115489],[-75.68271905009816,26.93093076500839],[-75.68278596852748,26.93090437636359],[-75.6828025734664,26.930903645912707],[-75.68280435176793,26.930903567685082],[-75.68280648590192,26.930904538410445],[-75.68280915335417,26.93090442106889],[-75.68281127409023,26.930905129291197],[-75.6828143245533,26.930906592884018],[-75.68281606208765,26.930905716683885],[-75.68281828155209,26.930908281438512],[-75.6828202083433,26.9309108616901],[-75.682822412512,26.930913164899295],[-75.6828242925561,26.93091494481937],[-75.68282651508277,26.93091751206142],[-75.68283176877651,26.930926604557445],[-75.68283610424425,26.930935205143548],[-75.68284281472225,26.930954625266704],[-75.6828507701887,26.930975055229766],[-75.68285942379767,26.930991993200035],[-75.68286896933759,26.93100888931203],[-75.6828805472285,26.931024897127553],[-75.6828879332724,26.931034963050134],[-75.68289621032065,26.93104498802833],[-75.68290834375105,26.931054845981997],[-75.6829376710412,26.931080195483304],[-75.68298797511024,26.931119545027205],[-75.68298412178895,26.93111971454217],[-75.68299015289246,26.931121312721917],[-75.68303165888446,26.931141068242173],[-75.68304133583065,26.931144103814525],[-75.68304438932158,26.931145569016973],[-75.68304829982665,26.931146461591247],[-75.68305139700605,26.931148724638103],[-75.68305450860512,26.9311512510172],[-75.68305850843288,26.931153739194745],[-75.68306136511407,26.9311570774289],[-75.68306452040218,26.931160401652416],[-75.68306771840619,26.931164523763364],[-75.68307091446489,26.931168645959808],[-75.68307387683497,26.931173843044363],[-75.68308380463323,26.931192322741477],[-75.68311786338215,26.9312877989709],[-75.68314336104457,26.93134635473361],[-75.68316975174596,26.931404870343187],[-75.6831890425724,26.93145863573972],[-75.68320921010918,26.93151209860829],[-75.68322577667182,26.931548666930862],[-75.68323864306204,26.931580455214668],[-75.6832412438373,26.931586884034477],[-75.68326883796404,26.931699960868283],[-75.68327254539402,26.931713385085374],[-75.68328183205158,26.931779845921966],[-75.68328658837727,26.931812406212753],[-75.6832911043048,26.931846043442764],[-75.68329609346736,26.931882855437728],[-75.68330551492156,26.931946381398507],[-75.68331459783805,26.93200912075198],[-75.68332737334332,26.932101270792874],[-75.68332729789073,26.93213244503513],[-75.6833260346624,26.932163672411683],[-75.68332174984552,26.932193964618865],[-75.68331669507845,26.932221095118592],[-75.68330931321387,26.9322491277717],[-75.68330034680451,26.93227536400791],[-75.68329214452865,26.93229142483916],[-75.6832890716353,26.932297441620733],[-75.68327656776546,26.932318771771385],[-75.68325274389233,26.932361379115022],[-75.6832333041301,26.932408059902908],[-75.6832144139856,26.932453914995886],[-75.68318910287161,26.932501917832443],[-75.6831637780398,26.93254965293534],[-75.68312299539353,26.932635368889056],[-75.68311192233263,26.932677416174936],[-75.6831005973027,26.93272027607097],[-75.68305644308901,26.93280960342942],[-75.68300371528109,26.93290516946138],[-75.6829735147439,26.93295072237551],[-75.68294305822448,26.932997086320505],[-75.68288996729322,26.93308600792147],[-75.68284753661816,26.93317419311459],[-75.68280887097603,26.933260614022995],[-75.68279775303989,26.933301864443546],[-75.68279295865281,26.93332285547238],[-75.68278633934733,26.933343127879333],[-75.68277432012388,26.93336790066119],[-75.68276016863541,26.933391702622203],[-75.68273490056421,26.933440502503714],[-75.68272192631409,26.93346958013707],[-75.68271113291169,26.933500427106054],[-75.68270215941254,26.93353199030156],[-75.68270155990179,26.93355359834224],[-75.68270155368396,26.93357517766485],[-75.68270396095953,26.933597449725205],[-75.68270786551324,26.933619924264967],[-75.68272011172152,26.933664409831355],[-75.68273111286835,26.93370788468054],[-75.68273687028032,26.933758783804514],[-75.68274143107774,26.933809468110375],[-75.68274882945047,26.933836050953893],[-75.68275795198437,26.933861494211918],[-75.6827741780442,26.933913531544455],[-75.68278726691874,26.93395718031631],[-75.68278857812709,26.9339648485589],[-75.68279003481618,26.93397517369926],[-75.68279259217445,26.933983854367636],[-75.68279602299376,26.933992226525568],[-75.68280035969964,26.9340008289231],[-75.68280641458482,26.934008289372105],[-75.68281454456495,26.934015658539792],[-75.68282908912683,26.934031536078535],[-75.68285057578173,26.93405483416268],[-75.68286914282758,26.93407906045316],[-75.68287686382054,26.934095238154974],[-75.68287843209141,26.93409969336596],[-75.68288249617835,26.93411124201773],[-75.68288256630125,26.93411140063642],[-75.682889287315,26.93412666259677],[-75.68289669805446,26.934142588230493],[-75.68291058341244,26.93416275761726],[-75.68292590776677,26.934182064800012],[-75.68294152880175,26.934201358057063],[-75.68296395133557,26.93422541474268],[-75.68298963503705,26.934249330587157],[-75.68301474440763,26.934268207313806],[-75.68304072832171,26.93428677722321],[-75.68306928722666,26.934314295366857],[-75.6830978276495,26.934341546852608],[-75.6831667067078,26.93439979276068],[-75.68322425570753,26.934446547411984],[-75.68323517924257,26.934450595427524],[-75.68324574687591,26.93445359360317],[-75.6832566123,26.934456580425074],[-75.68326830657132,26.934458461789514],[-75.68331231399479,26.934469582651655],[-75.68340253278755,26.934494120570374],[-75.6834466836664,26.934507895744108],[-75.68349077746537,26.934520610535934],[-75.68361208613358,26.934618908010535],[-75.68383905699268,26.93466007427774],[-75.68395716622959,26.934754250180507],[-75.68396000587279,26.93480607765205],[-75.68393558243311,26.934870293768878],[-75.68395237629866,26.93493269719198],[-75.68404475348602,26.935067169203514],[-75.68409179857069,26.935166339938803],[-75.68414038802982,26.935277430709714],[-75.68421827977019,26.93541333820266],[-75.68435275142541,26.93554569483153],[-75.68448593303381,26.935665316862774],[-75.68468484046659,26.935720505051282],[-75.68481431709797,26.935777946947116],[-75.68504380401309,26.935843244336017],[-75.68525743435667,26.935884994759824],[-75.68548256494766,26.935887075360622],[-75.68577910541427,26.935912119063502],[-75.68604127696356,26.935906706233478],[-75.6860905395738,26.935867239686065],[-75.68611346538691,26.935846246327603],[-75.686136449676,26.935826320264745],[-75.68613721476768,26.935825173004705],[-75.68614359163092,26.935815614786865],[-75.68614526816583,26.93581367744124],[-75.68614632487447,26.935811231571268],[-75.68614800140921,26.935809294225656],[-75.6861499909992,26.93580760619636],[-75.68615162385831,26.935804871864175],[-75.68618866480024,26.935813629631497],[-75.6861907436424,26.935814175317457],[-75.68622515616528,26.935823213985444],[-75.68625444342621,26.935831514168274],[-75.68625844467141,26.935834003960444],[-75.68626234379767,26.935834630338476],[-75.68626634402264,26.935837119301212],[-75.68627117612776,26.935838505262506],[-75.68627513360153,26.935840196323483],[-75.68627992198239,26.935840784425793],[-75.68628500611689,26.93584135950738],[-75.68628767665466,26.93584124193744],[-75.68629148750256,26.935840275255995],[-75.68629534008157,26.935840105646633],[-75.68629915190219,26.935839138922063],[-75.68630294905218,26.935837904500524],[-75.68630676087258,26.935836937775633],[-75.68630875060313,26.935835252358782],[-75.68631042703873,26.935833313266127],[-75.68631241282984,26.935831627148534],[-75.68631409227945,26.935829689671323],[-75.68631607899546,26.935828002638928],[-75.6863178021221,26.935826862148186],[-75.68631968690855,26.93582331518984],[-75.6863250877606,26.935818814526574],[-75.68633153078746,26.93581160291024],[-75.68637805449671,26.93578184720883],[-75.68641641407439,26.93576044525975],[-75.68642684264273,26.935755454897333],[-75.68643635012619,26.935749975393428],[-75.68644554825258,26.935744242914044],[-75.68645501200695,26.935737965550366],[-75.68646124661899,26.935732360920944],[-75.68646778873561,26.93572701109534],[-75.68647334161135,26.935719839535725],[-75.68647775135683,26.93571351896174],[-75.68648207364834,26.93570560267162],[-75.68648555036542,26.93569852164462],[-75.68648620650445,26.935694229868904],[-75.68648684816345,26.935689673884582],[-75.68648780000747,26.93568536821596],[-75.68648752331076,26.93568031947548],[-75.68648727557404,26.93567579915252],[-75.68648793176058,26.9356715082492],[-75.68648765496833,26.935666457765077],[-75.68648918874982,26.935661862503782],[-75.68649202093506,26.935659338461946],[-75.68649479700252,26.93565575488384],[-75.68649761757817,26.935652965632787],[-75.68650014050287,26.935650190360438],[-75.68650390761174,26.93564842581342],[-75.68650761743856,26.935645598284992],[-75.68651142827393,26.93564463159551],[-75.68651518173168,26.935642600180667],[-75.68651899451257,26.935641633405247],[-75.68652928910147,26.935634252205165],[-75.68653958675038,26.935626873491607],[-75.68654865372017,26.935618748304027],[-75.68655786970986,26.935607950611804],[-75.68656594558465,26.935598005520948],[-75.68656946601656,26.935591722351614],[-75.68657308551239,26.935587300106565],[-75.68657755344984,26.935582041597534],[-75.6865820495655,26.935577315036277],[-75.68658868198662,26.93557355992037],[-75.68659626074977,26.935570826019077],[-75.68660386695744,26.935568628467717],[-75.68661138755904,26.935564833371195],[-75.68661905484491,26.935563696884266],[-75.68665782491348,26.93554973442216],[-75.68673797677945,26.93551529969249],[-75.68680405134164,26.93548974390317],[-75.68681059540705,26.935484394845684],[-75.68681707926693,26.93547798293593],[-75.6868223780285,26.935471620584305],[-75.68682798915923,26.935465512820983],[-75.68685076912048,26.935441864156164],[-75.68689753144892,26.93539478046565],[-75.6869058538535,26.935389352226103],[-75.68691511011367,26.935384681774984],[-75.6869246465267,26.93537973151918],[-75.68693519269489,26.935376870428012],[-75.686945380863,26.935372957848635],[-75.68695777826845,26.935371347337774],[-75.68697137418206,26.935369949772355],[-75.68698293768065,26.935369440605164],[-75.68702228922778,26.935366107417714],[-75.68703760829253,26.93536357021347],[-75.68705288148699,26.935360231747914],[-75.68706906059487,26.935357123480053],[-75.68708339992854,26.93535302722229],[-75.68708878612482,26.9353482605722],[-75.68709363625706,26.935344584777106],[-75.68709814782959,26.935340123233427],[-75.68710177024927,26.93533570171631],[-75.6871062818208,26.935331240172438],[-75.68712384604427,26.935313868869407],[-75.6871274287947,26.935310324925474],[-75.68713734127428,26.935301365297022],[-75.68714846956472,26.935292880948282],[-75.68715965630736,26.935285463022872],[-75.6871720861187,26.93527905323843],[-75.68718354770024,26.93527668499825],[-75.68719392623281,26.935276227984335],[-75.68720460241434,26.93527575698832],[-75.6872152766978,26.935275286948723],[-75.68723084318275,26.9352772639241],[-75.68724522194272,26.935279295820834],[-75.68725994111422,26.935282111633423],[-75.68730420137773,26.935287629865325],[-75.68730573222379,26.935287821180665],[-75.68735302693243,26.93528840357652],[-75.68739941587016,26.935288758368046],[-75.68750368191859,26.93529295738449],[-75.68755318282405,26.935295839249605],[-75.6876024890169,26.935300594948867],[-75.6876441916144,26.93530222237902],[-75.68768589713224,26.935303849662365],[-75.68779369781952,26.935318284626035],[-75.6878793505974,26.935329965209984],[-75.68790582162251,26.935335724705457],[-75.68793204360831,26.935342295818895],[-75.68795485168675,26.93535168322512],[-75.68796186287805,26.93535483841073],[-75.68796861812123,26.935358803777206],[-75.68797647467605,26.93536112019889],[-75.68798725098394,26.935362510865065],[-75.6879989038093,26.93536359545723],[-75.6880096801657,26.935364986992877],[-75.68802005773242,26.93536452993152],[-75.6880316241418,26.935364020508413],[-75.68804318665957,26.935363511255275],[-75.68807199937112,26.93535771188379],[-75.68810137738511,26.9353513552909],[-75.68813001335862,26.935342368051376],[-75.6881536556169,26.935334401406827],[-75.68818712261697,26.93532679831222],[-75.68822253985002,26.93525170817526],[-75.68827350721918,26.935162076351666],[-75.68835207743301,26.935060840289214],[-75.68850693206983,26.934843814838384],[-75.68862260900933,26.934665812822583],[-75.68867409211323,26.93456390455945],[-75.68873964840613,26.934474697293584],[-75.6888210517909,26.93444686707783],[-75.68894277567213,26.93437916130167],[-75.68906435801267,26.934287218236925],[-75.68917161124986,26.934221216937697],[-75.68935163882699,26.934175987803567],[-75.68955698022567,26.93410459811187],[-75.68974711796979,26.934053621505956],[-75.68977697355929,26.93404561757803],[-75.68983812669376,26.934050459291665],[-75.68997371138207,26.934061192894198],[-75.69008789973354,26.934105448583207],[-75.69024461569818,26.93416088529016],[-75.69027382920093,26.934184234645546],[-75.69028458522217,26.93419283094537],[-75.6903030590046,26.93420759638779],[-75.69033575788224,26.9342943410113],[-75.69036724597183,26.93439152742263],[-75.69036912642058,26.934393309835002],[-75.6903721363674,26.934393976098004],[-75.6903752474633,26.934396504058334],[-75.6903779159986,26.934396386460072],[-75.69038096869151,26.93439784974565],[-75.69038393491984,26.93439771902835],[-75.69038784873901,26.934398613800212],[-75.69039085576766,26.934399280191265],[-75.69039352624877,26.93439916250681],[-75.69040739989826,26.934402813987624],[-75.69042097682896,26.934406478542563],[-75.69043410611543,26.934412827010622],[-75.69044788710518,26.934420211383266],[-75.69045868019907,26.93442738479048],[-75.69045991700243,26.93442820698501],[-75.69047200808178,26.93443726451562],[-75.69048408360193,26.934446056137276],[-75.69048858018382,26.93445021437677],[-75.6904899043638,26.93445143829229],[-75.69049316098875,26.93445445019368],[-75.69050228579769,26.934463637570243],[-75.69051056533199,26.9344736646007],[-75.69051878544255,26.93448262612695],[-75.69052617273046,26.934492689855993],[-75.69053273210793,26.93450385644587],[-75.69053709699435,26.934512991368138],[-75.69054029032269,26.934522440144644],[-75.69054382423643,26.934532675441076],[-75.69054612745228,26.934542164319705],[-75.69054788109139,26.934552478948014],[-75.69054858090772,26.934565235866515],[-75.69054929531376,26.934578258736547],[-75.69054787728265,26.934590310083102],[-75.69054685698191,26.934604207436582],[-75.69054367233659,26.934616604981258],[-75.69053864476044,26.93463334400146],[-75.69053296732784,26.934649045286253],[-75.69052610310408,26.934664800621565],[-75.69051806750716,26.934680873299335],[-75.69051135032443,26.93469157610096],[-75.69050740610864,26.934697860603343],[-75.69049584296631,26.934714622800932],[-75.69047274088493,26.934748677567736],[-75.69043012847119,26.934833411124686],[-75.69039515103121,26.934916476130248],[-75.69038452938578,26.93495584248039],[-75.69037721344955,26.93499586206704],[-75.69037398105091,26.93504529210609],[-75.69037019595503,26.935095544546034],[-75.69035603907166,26.935189683598324],[-75.6903396463585,26.93526473602155],[-75.69032918908721,26.935301695824144],[-75.69031566550845,26.93533692721532],[-75.69026755067931,26.93539179826869],[-75.6902228636061,26.935438792257017],[-75.69019348265233,26.935466729827354],[-75.69017793353147,26.93548126832528],[-75.69016415998253,26.93549573032743],[-75.6901545394546,26.935510006700333],[-75.69014650471141,26.935526080231778],[-75.69013864803783,26.93554001315854],[-75.69013175350354,26.935555236662182],[-75.69012353255863,26.93557877868351],[-75.69011596521322,26.93560335566228],[-75.69011176011077,26.935629651523048],[-75.69010828369018,26.935652981858947],[-75.69010665871389,26.935693815388902],[-75.69010800016,26.935734520832195],[-75.69011308691078,26.935794773544206],[-75.69011634482142,26.935816209324287],[-75.6901213374736,26.935836770627322],[-75.69012730686266,26.93585888846257],[-75.69013045545887,26.935867539491202],[-75.69013487946197,26.93587773388961],[-75.69013930356189,26.935887930032255],[-75.690144867979,26.935897277889225],[-75.69015101311122,26.935906331813502],[-75.69015594619768,26.93590957492728],[-75.69016122283784,26.93591360530977],[-75.6901670453218,26.93591681272766],[-75.6901731645323,26.935920007069715],[-75.6901789879901,26.935923214444056],[-75.69018506542977,26.935925611714616],[-75.69019080223482,26.93592722158738],[-75.69019775433993,26.935929314593167],[-75.69020467517906,26.935930873163596],[-75.69021331826002,26.935931293830514],[-75.69022285137585,26.935931672653965],[-75.69023145059542,26.93593129371828],[-75.69023916260306,26.93593095475214],[-75.69024598044521,26.93593065343995],[-75.69025285951295,26.935931414936064],[-75.69025972209415,26.93593191143705],[-75.69034849186633,26.93600579648151],[-75.69038409054093,26.936036997103262],[-75.69039539181719,26.936047954812945],[-75.69040756961216,26.936058606425853],[-75.69042059396588,26.936068423567498],[-75.69044047999346,26.93607873811091],[-75.69046121132163,26.936088212991017],[-75.69048190204414,26.936096894240798],[-75.6905045647647,26.93610362154009],[-75.69054382641605,26.936114945741224],[-75.69056051575458,26.936121137359923],[-75.69057803691675,26.936126225935627],[-75.69059582368237,26.936130769612156],[-75.69063996403973,26.93612802541982],[-75.69067470047425,26.93612729347181],[-75.69068053010311,26.936125173008232],[-75.69068612029731,26.93612412773031],[-75.69068665343265,26.93612410423447],[-75.69069204996826,26.936123866403328],[-75.69069768583098,26.936123618024425],[-75.69070365922497,26.936124153682183],[-75.69070935140759,26.93612496745435],[-75.69072026103623,26.936128749558126],[-75.6907300858916,26.93613444563699],[-75.69074014707208,26.936139063169485],[-75.6907627037028,26.93614925995347],[-75.69078462297048,26.936158682413797],[-75.69081909339701,26.93619099988408],[-75.69085187191227,26.936224989740307],[-75.69087465359296,26.93625004213316],[-75.69087749422091,26.936253166782993],[-75.69090308731855,26.936280811044867],[-75.69092137652089,26.93629644912618],[-75.69093864266978,26.936311215380492],[-75.69094262989474,26.93631417498965],[-75.69097489766787,26.93633812487466],[-75.69100795399383,26.93636091155379],[-75.69102491852456,26.936372152796604],[-75.69104101033946,26.93638369822357],[-75.69105702282988,26.936400641121942],[-75.69106373181695,26.93640774018149],[-75.6910748292974,26.93642054414252],[-75.69108530832216,26.93643263413761],[-75.69110521036386,26.936459465443832],[-75.69113840881563,26.936506490328842],[-75.69116823714131,26.936557127755098],[-75.69119124967135,26.936602736299008],[-75.69121016736844,26.93664959171716],[-75.6912197157977,26.93668273924831],[-75.69122809108221,26.936716207710038],[-75.69123619521622,26.93673929524356],[-75.69124513122111,26.936761280601658],[-75.69125615503656,26.936783440533443],[-75.69131613448063,26.936825556153185],[-75.69134416929676,26.93684350227494],[-75.69135827580246,26.93685140633171],[-75.69137130031766,26.93686122163135],[-75.69138042177141,26.93687041180221],[-75.691388701538,26.93688043623976],[-75.69139096723568,26.93688379950339],[-75.69139293625176,26.93688717671832],[-75.69139520199765,26.936890540853916],[-75.69139712631046,26.93689312112403],[-75.69140022382625,26.936895381336754],[-75.69140333311216,26.936897909375237],[-75.69140614951232,26.936900449449496],[-75.69141004883082,26.93690107736337],[-75.69141305596679,26.936901743728974],[-75.69141696973482,26.936902634979873],[-75.69141993508568,26.9369025042718],[-75.69142379067333,26.936902335197377],[-75.69142764621313,26.936902165250864],[-75.69143239092116,26.936901955236827],[-75.69143836438111,26.936902490850212],[-75.69144315203889,26.936903081354096],[-75.69144882974217,26.936903630003417],[-75.69145278733777,26.936905319984465],[-75.69145683244416,26.936908604812817],[-75.69145994367827,26.936911132763825],[-75.69146398878527,26.936914417591897],[-75.69146708343311,26.936916678803303],[-75.6914701955929,26.936919205839185],[-75.69147296525013,26.93692094730862],[-75.69147612021689,26.936924272246987],[-75.69147917414817,26.93692573808562],[-75.6914819885104,26.93692827649976],[-75.69148593068549,26.936929703185218],[-75.69150530650825,26.936930712666662],[-75.69152581194585,26.936930607713368],[-75.69155542367623,26.936928503520882],[-75.6915851240773,26.936922665681504],[-75.69164445268805,26.936914988608468],[-75.69170204371805,26.93690818788271],[-75.6917605686133,26.936902143996566],[-75.6918180574151,26.936893480656842],[-75.69187465713176,26.93688485909816],[-75.69194178131315,26.936878436014723],[-75.69194662521524,26.93688008690359],[-75.69195270273856,26.93688248319876],[-75.69195753496498,26.936883868005324],[-75.69196242464592,26.936886317539027],[-75.69196731530002,26.936888767029604],[-75.69197219126386,26.936890948822853],[-75.69197623643966,26.936894234500897],[-75.69197878210699,26.936896301375782],[-75.69198028156796,26.936897519306847],[-75.69198442881317,26.936902664912658],[-75.6919885137877,26.936906746877362],[-75.6919926475555,26.93691162910293],[-75.69199312730451,26.93691249864816],[-75.69199594825473,26.936917609195596],[-75.69199920638174,26.936922795745822],[-75.69200126192699,26.93692776696663],[-75.69200371812148,26.936934583204792],[-75.69200489914185,26.936939861323633],[-75.69200527837246,26.93694677174652],[-75.692005599271,26.936952619228805],[-75.69200603678605,26.936960591720908],[-75.69200542371026,26.936965680587598],[-75.69200524732017,26.93697874460589],[-75.69200590356901,26.936990702909412],[-75.6920167943171,26.937048303285795],[-75.6920182961922,26.93705942801978],[-75.69202390102721,26.937091151563536],[-75.69202654097263,26.937106753902725],[-75.69203039596242,26.937122834123247],[-75.69203613262546,26.937140699317418],[-75.69204489390877,26.937159495811674],[-75.69205359579483,26.937177227663735],[-75.69206441673539,26.937195667636523],[-75.6920758019043,26.937213548667643],[-75.6920883156204,26.937230313558867],[-75.69209270033849,26.937235325452612],[-75.69210290358743,26.937246987879487],[-75.69211823496977,26.937260966077883],[-75.69213441461422,26.937274105339437],[-75.69215148173008,26.937287208970485],[-75.69216849231937,26.937299246955195],[-75.69219026029522,26.93731134092463],[-75.69223901487584,26.93733849794296],[-75.69228689296813,26.93736596105413],[-75.69231003756128,26.937381458324065],[-75.69233202642415,26.937397540611936],[-75.69235239430228,26.9374166234348],[-75.69235648326332,26.93742070609275],[-75.6923607171673,26.9374274474581],[-75.69236401889053,26.937433427507827],[-75.69236736167608,26.93744020903521],[-75.69236848716686,26.937444421473124],[-75.69236971196148,26.937450496587644],[-75.6923699015706,26.937453951369573],[-75.69237123237146,26.93745655604679],[-75.69237226746152,26.937459174635485],[-75.6923723986853,26.9374615656028],[-75.6923743697054,26.93746494271964],[-75.69237658885164,26.937467509979438],[-75.69237851413715,26.93747008932098],[-75.69238161170533,26.937472349507143],[-75.69238383377065,26.937474916638166],[-75.69238664735383,26.93747745769009],[-75.69238975947114,26.937479982957775],[-75.69239281344218,26.937481448770445],[-75.69239676812201,26.937483137972997],[-75.69240071117207,26.937484561964958],[-75.69240460965138,26.937485191626443],[-75.69240941268322,26.937486043634117],[-75.69241331199196,26.937486670636403],[-75.69241721130078,26.937487297638523],[-75.6924219561381,26.93748708931859],[-75.69245139663875,26.937492718476385],[-75.69248157458127,26.93750098021076],[-75.69249440871566,26.937507339771283],[-75.6925075834703,26.93751448585265],[-75.6925204177527,26.937520848026008],[-75.69253204534253,26.937526795762956],[-75.69255925797783,26.937540715083674],[-75.6926204498105,26.937564223186204],[-75.69267434511747,26.93758492809651],[-75.69273540398505,26.93760316948451],[-75.69274506125474,26.937606054727972],[-75.6928149349676,26.93762801912189],[-75.69284240051621,26.937635599681197],[-75.69285119051867,26.937638675246912],[-75.69285998056971,26.937641751683785],[-75.6928687238127,26.937644028643174],[-75.69287563240057,26.93764532447864],[-75.69288160792232,26.937645860789253],[-75.6928872418965,26.937645611492975],[-75.69289406090193,26.93764531081802],[-75.69289668774574,26.937644396072287],[-75.69289956353973,26.937642668808635],[-75.69290164066568,26.937642577220313],[-75.69290416254643,26.937639803542364],[-75.69290702578334,26.93763781198286],[-75.69290901536739,26.93763612554355],[-75.69291064792807,26.937633389330816],[-75.69291352678361,26.937631664554075],[-75.69291520304319,26.937629724458773],[-75.69292000919722,26.937625249598852],[-75.6929254535351,26.93762154551697],[-75.6929311528511,26.937617032147593],[-75.69293664107866,26.93761412767045],[-75.69295098056911,26.937610031362514],[-75.6929662996953,26.937607489692557],[-75.69298256454005,26.937605973582965],[-75.6929979421065,26.93760449659497],[-75.69301128629559,26.937603908184506],[-75.69302492721663,26.937603306687762],[-75.6930336141068,26.937604521474785],[-75.69304231666459,26.93760600391585],[-75.69305130028745,26.937607205616825],[-75.69305885772015,26.937609537469534],[-75.69306794256255,26.937612600888126],[-75.6930758432043,26.937615713027625],[-75.69307949050447,26.937617434113676],[-75.69308255613663,26.937618881035796],[-75.69308863380218,26.937621278137687],[-75.69309564346773,26.937624433060353],[-75.69310151282484,26.937628436309865],[-75.69310786480975,26.93763588404505],[-75.69311393641699,26.937643607244816],[-75.69311910434607,26.93765110631784],[-75.69312576051354,26.93766148370165],[-75.69312658284323,26.937662766442415],[-75.69313204246875,26.937675579359734],[-75.69314582315606,26.937699216329907],[-75.69316073442695,26.937721738803667],[-75.69317832691225,26.937744407894574],[-75.69319893150586,26.937767743953295],[-75.6932215197601,26.93778939207638],[-75.69323744881308,26.937803343783997],[-75.69325481277755,26.93781643067263],[-75.69327182176039,26.937828469444174],[-75.69330153384934,26.937844478447968],[-75.69336365190345,26.93786598294364],[-75.69342657273481,26.9378858550355],[-75.69345679459494,26.93789491172004],[-75.69347931215508,26.93789897969262],[-75.69350178601215,26.937902251541907],[-75.69352510831087,26.937904687924053],[-75.69356266106105,26.937906494981398],[-75.69359953385876,26.93790673504548],[-75.69367404872294,26.937910373386938],[-75.69370916732137,26.93791655155591],[-75.69374417793968,26.93792619849961],[-75.69377865530782,26.937936932718635],[-75.69384757510002,26.93796319967893],[-75.69388129176886,26.937976366795564],[-75.69391566120076,26.93799056975577],[-75.69397475584435,26.93801114257965],[-75.69404623346105,26.938029835346615],[-75.6940823288912,26.938037568141354],[-75.69411873478772,26.938045555575712],[-75.6941616024403,26.9380575165667],[-75.69418441112089,26.938066902627668],[-75.69420637628521,26.938077124809592],[-75.69422715432879,26.93808739585173],[-75.69424966629249,26.938096794986457],[-75.69428603120028,26.93810398175177],[-75.69432371540013,26.938108180353293],[-75.69436175382657,26.93811343058269],[-75.69439945560534,26.93811789585171],[-75.694434630683,26.938125135044604],[-75.6944698954317,26.9381339716075],[-75.69448381274444,26.93813841958341],[-75.69449571508466,26.93814402020958],[-75.69451051785174,26.938153759342217],[-75.69452388266238,26.938164360823226],[-75.69453610522969,26.938175810735093],[-75.69454719918473,26.93818837507541],[-75.69455867546074,26.938202520392732],[-75.69457017033253,26.938216933235974],[-75.69459193922242,26.9382452822004],[-75.6946073148815,26.93826005443006],[-75.69462240948504,26.93827510740284],[-75.69468166718721,26.938314856366322],[-75.69474261476402,26.93835293029138],[-75.69480636821787,26.938387949572245],[-75.69487093812747,26.93842160330384],[-75.69489078140796,26.93843111653814],[-75.69495697211367,26.93846176613412],[-75.69502421359243,26.938489971693965],[-75.69509225973209,26.9385165438683],[-75.69516109281258,26.938541213341274],[-75.69519481288134,26.93855437989512],[-75.69521698832325,26.938557664525245],[-75.695240410108,26.93856196055964],[-75.69525024225806,26.93856232570632],[-75.69525892934043,26.938563541167],[-75.6952688169987,26.938564970258383],[-75.6952775623648,26.93856724691927],[-75.69528639639252,26.93857112013524],[-75.6953145203738,26.938590660071252],[-75.69534075701434,26.938613747306984],[-75.69536737902139,26.938638417130104],[-75.69538049204601,26.93864982855249],[-75.69539446407403,26.93866066800271],[-75.69540378367854,26.938667983825496],[-75.69543566012267,26.938685491985368],[-75.69546833826786,26.938701366918973],[-75.69550181922915,26.93871561119811],[-75.69553562392099,26.93873036913712],[-75.69560098244224,26.938762122333376],[-75.69560894178537,26.9387662989678],[-75.69566710098869,26.93880769375229],[-75.69569621762092,26.93882905599913],[-75.69572442838296,26.938850189861913],[-75.69574850723201,26.93886644589065],[-75.69576760758495,26.938878657742876],[-75.69578753884261,26.93888976828044],[-75.6958083184361,26.938900041584766],[-75.6958289646113,26.938907921378085],[-75.69585078225175,26.93891548462604],[-75.6958672390821,26.93891742359726],[-75.69588369382379,26.938919360035563],[-75.69589441423932,26.938919685049854],[-75.6959060240838,26.938919974313354],[-75.69591654895694,26.93892217240086],[-75.69592351410647,26.938924530182803],[-75.69593052498142,26.938927684870656],[-75.6959375339111,26.93893083964394],[-75.69594424999623,26.938934007338595],[-75.69595050097995,26.938939591453767],[-75.6959564698369,26.938945454617144],[-75.69596155057376,26.93895135959133],[-75.69596697275287,26.938958047549157],[-75.69597120608744,26.93896478883947],[-75.69597544117703,26.938971526555974],[-75.69597849150489,26.938978320921397],[-75.69598187836259,26.938985897613406],[-75.69598433414887,26.938992716465474],[-75.695986449323,26.93899874967498],[-75.69598890511016,26.93900556852728],[-75.69599106323565,26.93901240138842],[-75.6959922736382,26.93901820879666],[-75.69599265328748,26.93902512013477],[-75.69597212601826,26.939035615629745],[-75.69595036704224,26.93904536654556],[-75.69592878719212,26.93905298112692],[-75.69589258638649,26.939064967998984],[-75.69585578927193,26.93907698291731],[-75.69578768416993,26.939103433884764],[-75.69571957610206,26.939129884935152],[-75.6956855400399,26.939143375811998],[-75.69565151560722,26.939157131889186],[-75.69558458066487,26.93918326273601],[-75.69554970990173,26.93919785766584],[-75.6955156269898,26.9392105498771],[-75.6954816026403,26.93922430851332],[-75.69544751873238,26.93923700074447],[-75.6954134825745,26.939250491529908],[-75.69534537424614,26.93927694232851],[-75.69527726976231,26.939303392909565],[-75.6952083158213,26.939330678969483],[-75.69517626536214,26.939342485091647],[-75.69510809936975,26.939367870994182],[-75.69503904325964,26.939393298738874],[-75.6949699606192,26.93941819090856],[-75.69490086162185,26.939442821520963],[-75.69489997237798,26.9394428607492],[-75.69485892422732,26.93945319749198],[-75.69485417932248,26.939453406807093],[-75.69484943441762,26.939453616121966],[-75.69484479160654,26.93945568450914],[-75.6948397489896,26.939455906956653],[-75.69483593709667,26.939456874037713],[-75.69483123595957,26.939457880346207],[-75.69482659324352,26.939459950476504],[-75.69482193587406,26.939461753779103],[-75.6948181269472,26.93946272160271],[-75.69481530745965,26.9394655102292],[-75.69481337629102,26.93946826054315],[-75.69481174380714,26.93947099768116],[-75.69480975416943,26.93947268330103],[-75.69480812168533,26.939475420439027],[-75.69480619324337,26.93947816713624],[-75.69480460160804,26.939481701397582],[-75.69480384381062,26.93948413422475],[-75.69480280466063,26.939486842566662],[-75.69480299443266,26.939490298244756],[-75.69480314043693,26.939492956928227],[-75.69480451521974,26.939496360331905],[-75.69480555042075,26.93949897891606],[-75.69480657096874,26.939501330672794],[-75.69480760913652,26.93950395000027],[-75.69480982925293,26.939506514565984],[-75.69481175374685,26.93950909479485],[-75.694813918457,26.93951059715348],[-75.69481588671904,26.93951397437702],[-75.69481806608258,26.93951574356316],[-75.69482126506982,26.939519865420873],[-75.69482402034026,26.93952134172782],[-75.69482713276494,26.939523869553028],[-75.6948311344347,26.93952635815057],[-75.69483418547186,26.93952782141003],[-75.69483818714205,26.939530310007292],[-75.69484212937029,26.939531733953075],[-75.69484608712905,26.939533422939324],[-75.69485003047414,26.939534849457804],[-75.694854833662,26.93953570134921],[-75.69485873309536,26.9395363282566],[-75.69486262961003,26.939536955292603],[-75.69486737452003,26.93953674597699],[-75.69497733511525,26.939498326281978],[-75.69527557516292,26.939391654495854],[-75.69541587364586,26.939348166069134],[-75.69565276949614,26.939250326126434],[-75.69579704366083,26.93920346340461],[-75.69597180187958,26.939154190694957],[-75.69609566287548,26.93910369781734],[-75.69610904908983,26.939103905175525],[-75.69612279446805,26.939105164829588],[-75.69613628202625,26.93910723478329],[-75.69614980255272,26.93910983385731],[-75.69616274333802,26.93911272685985],[-75.69617544777236,26.93911669668878],[-75.69618818040715,26.93912119759696],[-75.6962282035529,26.939146337915027],[-75.69626734059527,26.939171520819006],[-75.69630453180119,26.939199185479662],[-75.69635982655777,26.939242571675326],[-75.69641463299939,26.939287843849485],[-75.69646301452157,26.939328484486076],[-75.69646917184592,26.939333658390122],[-75.69647321729636,26.93933694303805],[-75.6965107018049,26.93936992582512],[-75.69654659372381,26.939406441190297],[-75.69656541461062,26.939435183092723],[-75.6965824405158,26.939463738485326],[-75.69661491931491,26.939524649347238],[-75.69663228312719,26.939559319012385],[-75.69666149773049,26.939620371320004],[-75.69667481698662,26.939651754559904],[-75.69668897782022,26.939682301734383],[-75.6967079500762,26.93972462484397],[-75.69674866100715,26.939816344575785],[-75.69676643315871,26.93984220192155],[-75.69677047869675,26.939845487435758],[-75.6967746254035,26.939850632066197],[-75.69677875574443,26.939855514314765],[-75.69678201412951,26.939860697276014],[-75.69678407006478,26.93986566845363],[-75.69678444974193,26.939872578940726],[-75.6967847856784,26.939878693304973],[-75.69678427601183,26.93988564129433],[-75.69678372265231,26.93989179403282],[-75.69678202811362,26.939898796937715],[-75.69677903535302,26.93993089749012],[-75.69678179393199,26.939997383949162],[-75.696786472153,26.940054538592854],[-75.69678722605573,26.940063751558913],[-75.69679217545016,26.940099765480507],[-75.69680537455348,26.940166857609153],[-75.69681305864985,26.940198486986123],[-75.69682167403967,26.940230877690347],[-75.69682251102844,26.940235709495866],[-75.69683299239885,26.94029618665112],[-75.69683332819734,26.940302298409883],[-75.6968378682151,26.940368705475294],[-75.69683849700365,26.94043421877312],[-75.69683742897591,26.94046890221204],[-75.6968374611682,26.94050193661712],[-75.68775605068586,26.951776721426405],[-75.67698498095741,26.961304094734775],[-75.67634533798525,26.96079742567087],[-75.67597750489526,26.96050712952329],[-75.67456940723136,26.95939582101672],[-75.67295139005279,26.95811765885016],[-75.67261479361169,26.957851759641304],[-75.67069683362733,26.9562956153785],[-75.67060063499493,26.956217561894555],[-75.67059442797542,26.956212772777985],[-75.67044549207796,26.95609887270243],[-75.67044051383812,26.956094827791684],[-75.67041367021471,26.95607339686182],[-75.66878044957073,26.95476945766545],[-75.66877038828012,26.954761424771664],[-75.66785626644553,26.954031575370703],[-75.66745195357272,26.953701303847783],[-75.66744114588828,26.953692475761628],[-75.66743587213834,26.95368844369663],[-75.66741065864787,26.95366769952387],[-75.66685074415766,26.953208650494005],[-75.66660642884897,26.95300833619692],[-75.66659420101533,26.95299921973912],[-75.66659124119892,26.95299701372937],[-75.66652396680878,26.952950683590956],[-75.66646351241812,26.952909051175485]]]}},{"type":"Feature","properties":{"Ward_Num":21,"Shape_Leng":56885.8812745,"Shape_Area":81262612.6012},"geometry":{"type":"Polygon","coordinates":[[[-75.61425091205516,26.958813926422444],[-75.61431980727497,26.958401780764945],[-75.61437267631017,26.958167153011786],[-75.61442244407156,26.95786663353073],[-75.61451786373048,26.95735902317089],[-75.61461530460562,26.956980483686106],[-75.61472012395558,26.956468543427214],[-75.61487110034676,26.95567097114323],[-75.6148739105841,26.955656125074118],[-75.61456368642833,26.955539787424932],[-75.6143320364476,26.955459525732735],[-75.61414640682317,26.955395526077318],[-75.61334474533662,26.955159824788446],[-75.61227779151953,26.954846437561862],[-75.61138150451859,26.95456183230524],[-75.61096829337292,26.954445545160617],[-75.61048504418204,26.954287920569858],[-75.60944341466254,26.95398110573911],[-75.60911502272484,26.953884997896402],[-75.6089496785003,26.95383660770528],[-75.60883910297987,26.953804397925143],[-75.60843387681562,26.953686362190968],[-75.6082824631805,26.953642032496926],[-75.60806868853012,26.953579445671302],[-75.60738948922783,26.95337385805145],[-75.60698988858442,26.953247014403072],[-75.60693887854389,26.953230822516847],[-75.60693191336111,26.953228611990482],[-75.60680806215078,26.95318886597274],[-75.60614061104394,26.9529914618316],[-75.60525921231796,26.952727528498087],[-75.60504200067508,26.952660182603672],[-75.60468603671208,26.952559627478397],[-75.6045123249179,26.95250671899104],[-75.604069303435,26.952376321925765],[-75.60365310142897,26.95223687786588],[-75.60296541413427,26.95203753073186],[-75.6023486772479,26.951854228050763],[-75.6020876760537,26.951767603722235],[-75.60198285176484,26.951736664614593],[-75.60189310166875,26.95171569026828],[-75.60157703920711,26.951731718213573],[-75.60155153451966,26.951639236636545],[-75.6014847807882,26.951397182803237],[-75.60129748151985,26.950911791614608],[-75.60117903535438,26.950596956510353],[-75.60110432074283,26.95031402824214],[-75.60108595417334,26.950112905541857],[-75.60108082902138,26.949931545936444],[-75.60109940423301,26.94956648364141],[-75.60060048438541,26.94974174972252],[-75.59980270995622,26.950046820998242],[-75.59888671136106,26.950393460305055],[-75.59812280301321,26.94869248633584],[-75.59767145727625,26.94773023234421],[-75.59745595366881,26.947230656347717],[-75.59734846143228,26.94699202417405],[-75.59706099470965,26.947029028982676],[-75.59687479807117,26.94707771755013],[-75.59664075193514,26.947160733471158],[-75.59639690988382,26.94726849457478],[-75.59589334784222,26.947474090997098],[-75.59549484155326,26.94762201770788],[-75.5954611324218,26.947634530802553],[-75.59553271025116,26.947227128386416],[-75.5956161394485,26.946734674815477],[-75.59569723650839,26.9463040093736],[-75.59570914065294,26.946240794215708],[-75.59573421844199,26.94608145464345],[-75.59575179744857,26.945969759482125],[-75.59580276175728,26.9456759936428],[-75.59584977532276,26.945390259650033],[-75.5959109848763,26.945018241842558],[-75.59591843222213,26.944994579968732],[-75.59604521247032,26.944242718752466],[-75.59606931581963,26.94406579766592],[-75.59609582972234,26.943915953653065],[-75.59614044006501,26.943664250906963],[-75.59627358436036,26.942911120145833],[-75.5964269953859,26.941984167677113],[-75.59650534344824,26.941582280406937],[-75.59653154355664,26.94141856250168],[-75.59661277121016,26.940910983725157],[-75.59677851213979,26.94000190383393],[-75.5968396158025,26.93963483012203],[-75.5969679589156,26.938909131447314],[-75.59706406236498,26.938385988576854],[-75.59719108944066,26.937651617291902],[-75.59724613992408,26.937310342626095],[-75.5972720311934,26.93714983519038],[-75.59335257029976,26.93851000291885],[-75.59252078107465,26.938798633010908],[-75.59230091083866,26.938659242790155],[-75.5922951486805,26.93865558990043],[-75.59109902459106,26.937897270255977],[-75.59028347979935,26.93738021514632],[-75.59028336166894,26.93738013981591],[-75.59028323853369,26.937380062078752],[-75.5902816787765,26.937381620277655],[-75.59028016991653,26.937383127341228],[-75.59001717390433,26.937645866016968],[-75.58976684058496,26.9378959567552],[-75.58877946180156,26.93884340791023],[-75.58848600438539,26.939139098845935],[-75.5883984492451,26.93921606600822],[-75.58732200618701,26.940162334325628],[-75.58650459942145,26.94052178396671],[-75.58644169946459,26.940442121027278],[-75.58634149789852,26.940326481304595],[-75.58631113539114,26.940291242969234],[-75.58632022336371,26.94028345627514],[-75.58632354207313,26.940280612865436],[-75.58639728008421,26.940217436632828],[-75.58647282358562,26.940223779585118],[-75.58648381210571,26.940229170491783],[-75.58648506068583,26.940230032838663],[-75.58648998609118,26.94023343361859],[-75.58649225446746,26.940235566708694],[-75.58650407198775,26.940246682830598],[-75.58650912901089,26.940252325127833],[-75.58651340860953,26.940260133506367],[-75.58651761998482,26.940266611895566],[-75.58652499617409,26.940276685590725],[-75.58653237139228,26.94028675932755],[-75.58654463498273,26.940299286219226],[-75.58655045340235,26.940302499160197],[-75.58655538357995,26.94030575201913],[-75.586574946612,26.940310237783173],[-75.58658185154778,26.940311538815745],[-75.58659031063813,26.940308512956754],[-75.58659797974153,26.94030738189093],[-75.58660649468025,26.940305418219598],[-75.58661406140128,26.94030242808429],[-75.58662078353932,26.940300275743855],[-75.5866330131937,26.9402954883416],[-75.58664331804677,26.940288117810542],[-75.58666315909483,26.94028113897343],[-75.58667548524218,26.940278210012835],[-75.58668127533373,26.94027529709505],[-75.58668484692258,26.940269816294496],[-75.58668569358989,26.940268981031032],[-75.58668772535287,26.94026809483921],[-75.58668861466116,26.940268056622024],[-75.58669039619666,26.940267980062167],[-75.58669242795956,26.940267093870258],[-75.58669331726783,26.940267055653017],[-75.58669539361776,26.940266966423664],[-75.58669628292601,26.940266928206423],[-75.58669806251551,26.94026685173005],[-75.58670013886544,26.940266762500606],[-75.5867010717878,26.940267521287762],[-75.58670314813774,26.940267432058242],[-75.58670408008719,26.940268190887192],[-75.58672420353223,26.940266527216668],[-75.58673483842746,26.940265271308586],[-75.5867441866748,26.94026220460274],[-75.58675481865015,26.94026094881787],[-75.58676416694281,26.940257882982106],[-75.58676987169908,26.940253375094798],[-75.58677350010531,26.940248956438243],[-75.5867780036362,26.940244234462963],[-75.5867901439091,26.940237849628378],[-75.58679771367521,26.940234861969998],[-75.58680646746949,26.940231821678935],[-75.58682339965708,26.94022603240678],[-75.58684309536272,26.9402163921883],[-75.58686275152623,26.940205958282856],[-75.58688175713276,26.9402000798934],[-75.58690070581659,26.94019313760963],[-75.58691293441667,26.94018834934323],[-75.58692413256739,26.94018094301467],[-75.58694414132475,26.940171558528473],[-75.58697499143277,26.94015371320538],[-75.58698875690779,26.940144330444276],[-75.58700119599301,26.940137935363957],[-75.58701340835505,26.940132880324743],[-75.58702568064918,26.940128890792987],[-75.58705013883122,26.940119315059363],[-75.5870823162453,26.94010407762577],[-75.58711405671275,26.940086196616026],[-75.58713184579749,26.940074241649196],[-75.5871448214087,26.940066756281233],[-75.58716128394066,26.94005933518813],[-75.58716571955463,26.940057336147543],[-75.58717696021432,26.940050725094483],[-75.58718811159459,26.940042518372863],[-75.58720108728824,26.940035034742195],[-75.58722859445999,26.940026926550303],[-75.58723992040301,26.940021909581095],[-75.58724651441868,26.940017363447218],[-75.58725314918101,26.94001361531388],[-75.58726722748645,26.940004484779898],[-75.58728395659945,26.939994974601156],[-75.5872905516298,26.939990429294976],[-75.58729680526032,26.939985098909826],[-75.58730908784254,26.939975779841518],[-75.58732028481076,26.93996837089853],[-75.5873297784061,26.939964230679003],[-75.58734468301319,26.93995773045957],[-75.58734930126968,26.939955135327708],[-75.5873662436775,26.93994401646381],[-75.58738519689213,26.939930307902266],[-75.58738594427446,26.93992976795797],[-75.5873987318948,26.93992051982088],[-75.58741088760718,26.939911727999384],[-75.58742561041377,26.93989803956299],[-75.58743313747279,26.939894254813538],[-75.58744546547425,26.93989132567421],[-75.58745174759613,26.939886528097592],[-75.58747246054722,26.939873648520454],[-75.58748272363309,26.939865481696984],[-75.58749085447076,26.939856341060644],[-75.58749885819172,26.93984480663248],[-75.58750808886174,26.939834021840113],[-75.58753288142054,26.939814040087285],[-75.58755339527495,26.939797440374655],[-75.58756914956489,26.939786371674376],[-75.58758496476449,26.93977636843714],[-75.5876234486801,26.93974008194814],[-75.58763728216074,26.93972643258657],[-75.58765111665609,26.939712784053963],[-75.58766858049434,26.939694717669774],[-75.58768288040116,26.93967864987441],[-75.58770246223465,26.939661291321492],[-75.58772537358442,26.939639525179793],[-75.58774270744084,26.939619066867955],[-75.58774999166617,26.939610763233457],[-75.58777106847572,26.939593605243115],[-75.58779228853001,26.93957351129323],[-75.58779704054528,26.939568331960192],[-75.58779882728068,26.93956638469971],[-75.58780043153993,26.93956463582491],[-75.58781026978532,26.939548494970335],[-75.58781553543275,26.939541341815886],[-75.58782204406788,26.939535201564432],[-75.58783468938036,26.93952160150941],[-75.58785267454815,26.939496585888598],[-75.5878719850794,26.939474177380855],[-75.58789277646572,26.939451705213177],[-75.58791385323563,26.939428953317062],[-75.5879275178469,26.93941211393132],[-75.58794078624801,26.939393428988414],[-75.58795169668801,26.939380705000396],[-75.58795655471192,26.93937703320187],[-75.58796018008904,26.93937261464152],[-75.58796375140402,26.939367131197177],[-75.58796619466504,26.93936276432744],[-75.58797375348998,26.939337397152165],[-75.58797609428916,26.939331170351366],[-75.58799050786924,26.939311634679395],[-75.5880063046967,26.93930136384341],[-75.58801112001197,26.939296894128773],[-75.58804993896224,26.93925020248475],[-75.5880708430645,26.939224262487414],[-75.5880858158771,26.93919857659514],[-75.58810197570334,26.939172839673866],[-75.58812079204051,26.93914672109249],[-75.58813331218813,26.939130729768333],[-75.58814728785507,26.939119740951885],[-75.58815759337661,26.939112370250765],[-75.58816888977523,26.93910682303321],[-75.588182051045,26.93910279339428],[-75.5881944075453,26.939100399598193],[-75.5882079072515,26.93909715428172],[-75.58822421616192,26.93909645315172],[-75.58823766090858,26.93909773861208],[-75.58824373632584,26.939100141508636],[-75.58825148781798,26.9391006071403],[-75.58827122145539,26.93910828418863],[-75.58828400466389,26.93911386341463],[-75.58828897453007,26.939117912463047],[-75.58829127943328,26.939122076081812],[-75.58829289182937,26.939131685919698],[-75.58829299214011,26.939132284697195],[-75.58829389730276,26.939137681459272],[-75.5882979807489,26.93914176774214],[-75.5883104367078,26.93914123224151],[-75.58831628169037,26.939139384078818],[-75.58832177672998,26.939136482005196],[-75.58833387413934,26.939123707826678],[-75.58834393978019,26.93911741287635],[-75.58835065981941,26.93911526050794],[-75.58837153186306,26.93911089934023],[-75.58839057973947,26.939105817717685],[-75.58840186193193,26.939100005373415],[-75.58841212481461,26.93909183847571],[-75.5884188191585,26.939089151418667],[-75.58842563772546,26.93908885826947],[-75.588431132944,26.939085959678316],[-75.58843470133955,26.939080477220326],[-75.58843739759509,26.939075298841352],[-75.58843647296798,26.939058022922126],[-75.58844916371652,26.9390452206002],[-75.58845878851082,26.93902509537807],[-75.58846590076003,26.939013599225223],[-75.58848410099922,26.939009352902723],[-75.58849726223563,26.939005323221796],[-75.58849633759586,26.9389880473081],[-75.58849009144394,26.938976860644676],[-75.58847521849951,26.93897126553552],[-75.5884633959845,26.93896681800116],[-75.58842568187337,26.938945263324996],[-75.58839716787372,26.93891543622745],[-75.58839387970583,26.93891199664122],[-75.58837754174087,26.938878863985586],[-75.58837419983918,26.93885304685033],[-75.58837095567607,26.93882799904329],[-75.58837508887913,26.93880601136798],[-75.58837928574692,26.93878368270291],[-75.58839678991293,26.93876641337843],[-75.58841829942196,26.93873511740888],[-75.58843012243851,26.938706103095406],[-75.58843278339526,26.938683611470683],[-75.58842963905337,26.938663763436043],[-75.58842868022026,26.938662137861403],[-75.58840969950855,26.93862998941222],[-75.58845116509775,26.93838927350794],[-75.58846549646758,26.938306074489745],[-75.58848476526073,26.93819421495681],[-75.58851492539638,26.938019119794454],[-75.58851482013075,26.93801864709467],[-75.58838183482267,26.93742622338013],[-75.58838123474328,26.937402894028054],[-75.58837743312668,26.93725511447],[-75.58845556066862,26.937232040726315],[-75.58854150212717,26.93725498812227],[-75.58861321244943,26.93729532970469],[-75.58869363313646,26.937353944314058],[-75.5887258268418,26.937416763388086],[-75.58875466968982,26.937500240212973],[-75.58877728550152,26.93749736589422],[-75.58883099816909,26.937490539360628],[-75.58883703738395,26.93748977187211],[-75.58883893013099,26.93741962675283],[-75.5888415267608,26.9373736910662],[-75.58888738255675,26.93724197989662],[-75.58884619868421,26.93715196200853],[-75.58884160220296,26.93714191506507],[-75.58878800616156,26.937134627892988],[-75.5887721003913,26.937146861316958],[-75.588691515055,26.937208842980173],[-75.58865443960431,26.937190624418186],[-75.58859130757195,26.937159602756108],[-75.58856030641758,26.93714436916797],[-75.5885379664724,26.937133392081762],[-75.58849849611622,26.937101254272143],[-75.58848948368811,26.93709391527491],[-75.58841558891201,26.937029425298544],[-75.58836687051951,26.93700221605955],[-75.58835313163851,26.937002552389863],[-75.58817896695358,26.937006829734415],[-75.58806865468485,26.936874502368877],[-75.5877508105924,26.936493222990755],[-75.5877339428239,26.936482212429055],[-75.58767997271734,26.93644698391993],[-75.58767853321558,26.93644565084088],[-75.58764077981635,26.93641070501593],[-75.58762362011018,26.936394821142954],[-75.58758976238364,26.93636348017708],[-75.58756349802294,26.93633916779335],[-75.58749060961641,26.936271696481356],[-75.5874465916557,26.93623095060545],[-75.5874314265754,26.936216913462726],[-75.58738517512352,26.936174100343397],[-75.58738132257643,26.93617053469316],[-75.58733413752151,26.936126857065293],[-75.58731033272284,26.93610482328385],[-75.58721845734242,26.936038592728018],[-75.5872152207284,26.93603625920586],[-75.58711773038698,26.935965980169946],[-75.58711242770775,26.935962157818416],[-75.5870463155924,26.935914500397118],[-75.58699430878413,26.935881305008085],[-75.58698779293293,26.935865068486937],[-75.58698765222084,26.935858428402536],[-75.58698662781818,26.935809971578845],[-75.5869451309275,26.9357899086615],[-75.58687321638494,26.935729064072678],[-75.58677105470295,26.935602914784972],[-75.58672217140906,26.935500319082504],[-75.58677458571091,26.935491138938445],[-75.5868754525113,26.9355153095553],[-75.58695834444173,26.93554797815942],[-75.5870023724124,26.935615352763925],[-75.58702283385124,26.93565336681803],[-75.58702422745918,26.935679415082618],[-75.58703417244973,26.935687512945467],[-75.58706293604828,26.93568627669674],[-75.5870833986375,26.93568539721697],[-75.58710226089852,26.935676860960026],[-75.5871107838459,26.935658379487396],[-75.5871381576771,26.935631094787915],[-75.58717670693933,26.935629437909963],[-75.58719856317893,26.93565460666529],[-75.58732459600283,26.935649189537077],[-75.58739140826125,26.935620209589597],[-75.58748871159484,26.93563334254186],[-75.58768393559252,26.935654522728253],[-75.58784573903515,26.935651031037516],[-75.58796596106201,26.935625882510156],[-75.5880909200406,26.935578150631933],[-75.58818710763765,26.935520468811127],[-75.58824354512906,26.935436521647212],[-75.58835276906157,26.935383608177464],[-75.58846738668495,26.93536482604798],[-75.58861198938335,26.93532317648778],[-75.58872176046476,26.93530273900117],[-75.58886231894824,26.935313213540336],[-75.58904209431694,26.93530122146098],[-75.58915608355078,26.935304042697304],[-75.58923633599898,26.935304055431303],[-75.58932527439471,26.935305292296857],[-75.58934613840442,26.935356343928518],[-75.58938634514429,26.935402301974687],[-75.58940840427393,26.935436785661697],[-75.58945275128359,26.935454593164778],[-75.58949715086953,26.93545108602017],[-75.58958849378547,26.935430638545512],[-75.58968267842019,26.935418864139304],[-75.58976311274598,26.93541114217989],[-75.58983891194268,26.935400156594937],[-75.58989720069722,26.935389654868974],[-75.58996898482296,26.935398025094983],[-75.59003911893308,26.93544775720884],[-75.59007095957168,26.93544292391379],[-75.59004951457952,26.93538656754973],[-75.58999295381157,26.9353405151807],[-75.58992499703501,26.93533144895191],[-75.58972804508416,26.935366827567364],[-75.58964971757558,26.935380586718072],[-75.58954088563478,26.93538526720621],[-75.58944548044542,26.935352071776006],[-75.58939005824219,26.93529398103557],[-75.58939493114542,26.93525727547722],[-75.58936646549259,26.935230792873348],[-75.58933023972511,26.93522036253284],[-75.58900578324568,26.93521699857395],[-75.58891965898314,26.935229492905272],[-75.58885295035518,26.935227034109168],[-75.5887831515103,26.935205792391194],[-75.58871560763497,26.935204434856118],[-75.58863543346679,26.93522253520573],[-75.5885459542175,26.93524449672243],[-75.58847229633557,26.93523993723501],[-75.58839230440071,26.93522259726129],[-75.58833889469669,26.935218765720638],[-75.58829522070859,26.935230235002354],[-75.58824318443908,26.935268703323406],[-75.58821773474632,26.935298568768097],[-75.58819927786716,26.93533133077564],[-75.5881797536628,26.93538305267597],[-75.58814957819234,26.935430172734613],[-75.58808681674768,26.935484819766668],[-75.58795106615622,26.935525287374826],[-75.58786050105454,26.935549162733437],[-75.58773865574577,26.935544010097363],[-75.587653224647,26.93551384789875],[-75.5875820951261,26.935517706935666],[-75.58752533505518,26.935540127096544],[-75.58746028416303,26.935518680295],[-75.5874234041779,26.935496019946257],[-75.58736275424843,26.93546239834432],[-75.5873036248927,26.93545721346125],[-75.5872399441003,26.935439172285452],[-75.5871893063359,26.935409379391185],[-75.58712811885569,26.935371248047485],[-75.58706102983786,26.935378393316142],[-75.58697599074678,26.93537778648075],[-75.58689682386137,26.935336965704625],[-75.58679602192996,26.935297343014394],[-75.58674386592942,26.93523911046215],[-75.58670866555768,26.93517561912153],[-75.58668759596355,26.9351381530179],[-75.58667121862258,26.935109031510077],[-75.58667815380169,26.93503866700494],[-75.58669434115444,26.935024535779192],[-75.58671381818606,26.935007533583907],[-75.58683575578294,26.93490108940377],[-75.58688838528485,26.934784806259596],[-75.58691376968085,26.93476698377753],[-75.58692250275217,26.93476085210006],[-75.58700187471987,26.93470512238489],[-75.58704479746949,26.93467498445293],[-75.58706374270561,26.934665980554094],[-75.58707710959308,26.934659628724955],[-75.58739117522015,26.93451037836876],[-75.58741600106286,26.934496062767543],[-75.58759540912476,26.93439260660005],[-75.58772198784452,26.934319614571223],[-75.5877590816705,26.934298224191384],[-75.58788763643693,26.9342435959446],[-75.58797878855378,26.934204861423414],[-75.5880087134009,26.93420281279934],[-75.58814610625433,26.934193405665674],[-75.58819651990542,26.934193106947365],[-75.58826109696625,26.93419272456574],[-75.58829262309624,26.934164038377013],[-75.58830165576508,26.934155818763077],[-75.58830674397537,26.934151188796474],[-75.58838155136344,26.934083118101377],[-75.58838935470723,26.934057996118675],[-75.5883898696648,26.93405633955121],[-75.5883985904762,26.934028263250443],[-75.58841451238416,26.933977004108964],[-75.5884800513972,26.9339242864284],[-75.58851055234102,26.933899752185397],[-75.58852233486012,26.933890275471104],[-75.58866783978795,26.93377323576602],[-75.58874217161517,26.933735901144217],[-75.58879959080218,26.933707061145075],[-75.58882269674926,26.933695456086028],[-75.58882963648503,26.933691970117476],[-75.58893415530393,26.933639473561787],[-75.58895264990495,26.93363018452182],[-75.5890339398371,26.9335217414451],[-75.58904447383216,26.933507687786836],[-75.58909439853927,26.93344051271556],[-75.58910685580918,26.93342375078332],[-75.58923720994137,26.933321442382937],[-75.58932716003011,26.933265859099702],[-75.58933358993434,26.933261885467644],[-75.58938946567696,26.933222985965674],[-75.58939165819696,26.93321940519918],[-75.58941324632526,26.933184132073116],[-75.58948806131866,26.93304931391007],[-75.58954500010225,26.932940546508416],[-75.58954684187518,26.932937026275543],[-75.58957111921632,26.93286938347378],[-75.58957529494846,26.932857748086654],[-75.58958599627935,26.932845530513283],[-75.5896799515675,26.932738256410026],[-75.58977920533924,26.9326249333863],[-75.58978925638007,26.932620332889826],[-75.58988519711232,26.93257641929041],[-75.58992310068783,26.93255906976237],[-75.58994666236121,26.93253739012925],[-75.58995256088174,26.932531962224136],[-75.58995559921928,26.932511851432526],[-75.58996123815159,26.932474509350328],[-75.58997191887305,26.932403789219926],[-75.5899756798169,26.932378889192485],[-75.58998884614462,26.932291704897803],[-75.58999254872245,26.932267190211775],[-75.5899945250139,26.932254107662665],[-75.5899982016215,26.932229763656828],[-75.59014435255824,26.932022879414575],[-75.59020217649608,26.932020391304587],[-75.5903878780268,26.932047033687653],[-75.59039943241964,26.932045708090868],[-75.5906092285178,26.932021636964386],[-75.59064182251579,26.93201789768567],[-75.59073704488002,26.932006972567105],[-75.59078768610625,26.93204795216317],[-75.59085945367593,26.932094946845748],[-75.59087642402562,26.932156556201974],[-75.59091471970908,26.9322223060756],[-75.59094332711001,26.93225144577783],[-75.59107677470563,26.932295787606883],[-75.59117526854465,26.932317812581868],[-75.59121665595728,26.932327067286053],[-75.59125159373485,26.9323134676457],[-75.5912908394752,26.932298190687415],[-75.59132437972747,26.93228513448344],[-75.59132694061542,26.932269170444837],[-75.59133440712698,26.93222263187778],[-75.59125576798147,26.93215834963142],[-75.59115509686676,26.932082227475007],[-75.59101418824858,26.93202621875527],[-75.59087816911091,26.931939363386196],[-75.59087419707564,26.931865206843696],[-75.59086354045121,26.931842525665385],[-75.59084649964068,26.931806258085874],[-75.59084266541694,26.931798098887825],[-75.59084570409385,26.9317928402952],[-75.590854566473,26.931777499328454],[-75.59086823346874,26.931753840771936],[-75.59101617793179,26.931685938015534],[-75.59111739213282,26.931644553908068],[-75.59124880330482,26.931650888007955],[-75.5914658211632,26.93157415058146],[-75.59147519353877,26.931499421718858],[-75.59158581040664,26.931490756936256],[-75.59162614055933,26.931487597785562],[-75.59174088567411,26.931447230246167],[-75.59181501802199,26.9314211497339],[-75.59184959718426,26.931408983864323],[-75.59190454212754,26.931389929230015],[-75.59201271064579,26.931352416606106],[-75.5920757564733,26.93138087008263],[-75.59209268028883,26.931383469162007],[-75.5921041837399,26.931385236074213],[-75.59213809040209,26.931390443916115],[-75.59218508617782,26.931363379972293],[-75.59221778825399,26.9313246748033],[-75.5922411555602,26.931314676406995],[-75.59226183467909,26.931305828531045],[-75.59226485649747,26.931304535166372],[-75.59226834558548,26.93124204573732],[-75.59225476439822,26.93122795897147],[-75.59221705018797,26.931188841491],[-75.59222000831485,26.93114569246042],[-75.5922247244318,26.931076892311303],[-75.59214580601325,26.931021970743796],[-75.5921418061996,26.931019186953513],[-75.5921172898717,26.93100212628027],[-75.592059100551,26.93094229211586],[-75.59204927993164,26.93083109420198],[-75.59213859747818,26.93067859882373],[-75.59218398049993,26.930628134426545],[-75.59220339392587,26.930606547223054],[-75.59237300254486,26.93049375163551],[-75.5924443946134,26.930457748819418],[-75.59250641362054,26.930426472235283],[-75.59264611581436,26.930315763948435],[-75.59282294834811,26.930160300274718],[-75.59285093638168,26.93014786626955],[-75.59289000969139,26.930130507256486],[-75.59298866324328,26.93015236848565],[-75.59303003302061,26.9302033344607],[-75.59303997594247,26.930211430725013],[-75.59311176320826,26.930269880813487],[-75.59317314471963,26.930302567985684],[-75.59320201728964,26.93031794450506],[-75.59326266053725,26.930368080766545],[-75.59327401606141,26.930385870206198],[-75.59328913868808,26.930409561394917],[-75.59329542959384,26.930419416920103],[-75.5933578431584,26.930485993198033],[-75.59345985404114,26.93058709626129],[-75.59348236839959,26.930630083888403],[-75.59348272677407,26.930638591859047],[-75.59348563776457,26.93070773140248],[-75.59345126726791,26.930770750475485],[-75.59341367987469,26.93080700057422],[-75.59335878756171,26.930845840653006],[-75.59334753346678,26.930853804074204],[-75.5933320045613,26.930924535451005],[-75.59333314525526,26.930945806229722],[-75.59333385689793,26.93095908774048],[-75.59333525257048,26.930985135408978],[-75.59335683827571,26.93101084534672],[-75.59339678373318,26.931035234400646],[-75.59340295717136,26.931043460592196],[-75.59342815024048,26.93107703958045],[-75.59349624064913,26.931119050318603],[-75.59350806877855,26.931126348720827],[-75.59353911637928,26.931151118156283],[-75.5936014226124,26.93122506622491],[-75.59365369787741,26.93128711110865],[-75.59367393691971,26.931296821532264],[-75.59370311764869,26.931310824744514],[-75.5937994728053,26.93132852080386],[-75.59385956358632,26.931312881145857],[-75.59392759110312,26.931301159707694],[-75.59416570549072,26.93126320393546],[-75.59422734143064,26.93125974949983],[-75.59427359922552,26.931257756895224],[-75.59432394337726,26.931259851778176],[-75.59437789745614,26.93126285749867],[-75.5944469107698,26.931269476463232],[-75.59447337630004,26.93127526259388],[-75.59449869677535,26.93128189862404],[-75.59453324267231,26.931294263394488],[-75.59456672895821,26.931309072087362],[-75.5946003729424,26.93132680456323],[-75.59463519060444,26.93134422078753],[-75.59465994946072,26.931357006084554],[-75.59468589541048,26.931369743753983],[-75.59473203085527,26.931404253471452],[-75.59478857735664,26.93145003718739],[-75.59480581156909,26.931466611097946],[-75.5948231047116,26.93148424789848],[-75.59483056658986,26.93149591461328],[-75.59483694224117,26.931509492387693],[-75.5948426228005,26.931521235812344],[-75.59484810828056,26.931534851921292],[-75.59485177268252,26.93154774847295],[-75.59485952829627,26.931587107209342],[-75.59486463167616,26.931626849364413],[-75.59486768051218,26.93168372863324],[-75.59486678934411,26.931739179003092],[-75.59486479172318,26.9317573782205],[-75.59486190401654,26.931775617517427],[-75.594857197215,26.931793138045407],[-75.59485196656117,26.931806415913957],[-75.59484489667156,26.931818708429528],[-75.59483779831436,26.93183046989258],[-75.59483064297784,26.93184116837837],[-75.59482175282719,26.93185273867694],[-75.5948063289209,26.931869921862365],[-75.59478965991829,26.93188608886216],[-75.59477205912131,26.931901499752353],[-75.59475184378054,26.931918088659202],[-75.59474154079064,26.931925458942114],[-75.59473246441375,26.931933573510534],[-75.59472437809812,26.93194351322667],[-75.59471608054042,26.931955060622936],[-75.594708967755,26.931966553504456],[-75.59470304396099,26.931977997808012],[-75.59469776670308,26.931990479702232],[-75.5946936630688,26.932002644482317],[-75.59468905489031,26.93202202418207],[-75.59468413480069,26.932041151611962],[-75.59468129360474,26.932060186900852],[-75.59468053801018,26.93207940070674],[-75.5946812905337,26.93211559910627],[-75.59468535917232,26.932152720146842],[-75.59470257315759,26.93224095691267],[-75.59470987393108,26.932271811897525],[-75.59471747245819,26.932302654938226],[-75.59471899678762,26.932331093780498],[-75.59471843526943,26.93233724572974],[-75.59471876189689,26.932343357686026],[-75.59471903354084,26.932348407451116],[-75.59471936128149,26.932354521981832],[-75.5947205781877,26.932360597349692],[-75.59472470340963,26.932365481173388],[-75.59472795265579,26.93237066842088],[-75.59473207787867,26.932375552244487],[-75.5947433397678,26.932391582812468],[-75.59475320661258,26.932409275536937],[-75.59475620180793,26.93241527170705],[-75.594759481656,26.932420993412723],[-75.59476366478647,26.93242693930192],[-75.59476774534805,26.932431026191903],[-75.59477178508818,26.932434315109088],[-75.59477671510817,26.932437567436754],[-75.59477889195354,26.93243933886092],[-75.59478194370952,26.93244080515852],[-75.59478382178717,26.93244258770024],[-75.59478604038105,26.93244515618315],[-75.59478790526933,26.932446674463968],[-75.59479012094482,26.93244924307251],[-75.59479119636492,26.932452660513952],[-75.5947923164988,26.932456875760614],[-75.59479254440727,26.93246112768071],[-75.59479366157596,26.932465342181203],[-75.59479301452699,26.932469898356164],[-75.59479324146265,26.932474150318384],[-75.59479257825856,26.93247844148629],[-75.5947919170002,26.932482732570463],[-75.59479097433521,26.93248730409771],[-75.59478950930517,26.932493227508004],[-75.59478682782773,26.93249866927352],[-75.5947853771466,26.932504860391102],[-75.59478272418033,26.932510834082887],[-75.59478190073062,26.932512099292655],[-75.59477915367472,26.9325163176283],[-75.59477556979203,26.93252153342464],[-75.59477194221505,26.932525952245655],[-75.59476748230672,26.932531470594398],[-75.59476266975832,26.93253594044257],[-75.59475894764184,26.932539614296676],[-75.59475815296554,26.932540397554728],[-75.5947535517035,26.932543260590208],[-75.59474903490975,26.932547717702075],[-75.5947452791211,26.932549744598493],[-75.59474032503185,26.932551555644814],[-75.59473483260817,26.93255445705455],[-75.59473018848365,26.93255652045566],[-75.59470616704297,26.93255755485765],[-75.59468175311507,26.932556742737617],[-75.59465072848516,26.932554614938418],[-75.59464687295197,26.93255478096107],[-75.59464208553129,26.932554189128506],[-75.5946372980172,26.932553595551685],[-75.5946334434569,26.93255376153191],[-75.59462869778301,26.932553966757926],[-75.59462484317592,26.932554131865835],[-75.59462009842812,26.932554336177546],[-75.59461632838034,26.932556097105778],[-75.5946113884495,26.932558172364555],[-75.59460761849482,26.932559935036533],[-75.59460386260834,26.932561960183456],[-75.59460132326217,26.932564468721615],[-75.59459756737525,26.932566493868322],[-75.5945938543008,26.932569317776416],[-75.59459107417963,26.93257290124215],[-75.59458823898281,26.932575420771425],[-75.59458545784152,26.932579003406932],[-75.59458386463666,26.93258253576376],[-75.59458197275661,26.93258608098154],[-75.5945805647295,26.932593068243726],[-75.59457891500128,26.932601131347834],[-75.59457843890785,26.932608877338325],[-75.5945788519829,26.93261658416728],[-75.59457926510477,26.93262429186852],[-75.59458222556977,26.932640683428225],[-75.59458488722048,26.932657085233956],[-75.59458961181787,26.932673133380735],[-75.59459430785986,26.93268864872976],[-75.5946216030195,26.932748745931868],[-75.59463165195739,26.932769890240497],[-75.59464047427292,26.932790290259614],[-75.59464498505747,26.932802348961328],[-75.59464740461702,26.932814233758098],[-75.5946501360425,26.93282636995545],[-75.59465050645281,26.9328332806447],[-75.59465087695666,26.93284019307823],[-75.59464991798404,26.93284449698714],[-75.59465010316585,26.932847951896],[-75.59465028742154,26.932851407718832],[-75.59465047348279,26.93285486084186],[-75.59465273480407,26.93285822635068],[-75.59465465574912,26.93286080853242],[-75.59465696081035,26.932864971889746],[-75.5946588817557,26.93286755407147],[-75.59466197624651,26.932869817393915],[-75.59466385447213,26.93287160255716],[-75.5946670060324,26.932874930605408],[-75.59467620068035,26.93288572130914],[-75.59468451019086,26.93289655362365],[-75.59469198732096,26.932908484594783],[-75.59469865701757,26.932922052421578],[-75.59470521697598,26.932939085236494],[-75.59470774999427,26.93294750139478],[-75.59471088771814,26.93295615634323],[-75.59471519917622,26.93296449591984],[-75.59471950966235,26.93297283553842],[-75.5947249806002,26.932980593779465],[-75.59473102763933,26.932988057139045],[-75.5947373268373,26.932994712529805],[-75.59474136762553,26.93299800228602],[-75.59474540841411,26.933001292042082],[-75.59475029565503,26.93300374561584],[-75.59475522566407,26.933006997080174],[-75.59476009860298,26.93300918381785],[-75.59476494317047,26.93301084124409],[-75.59477012510429,26.93301328037888],[-75.59477584454258,26.93301463180538],[-75.59478262371357,26.933013541021687],[-75.59478834231948,26.933014895105337],[-75.59479427207327,26.933014639757037],[-75.59480678489224,26.93301516548827],[-75.59481839330925,26.933015464460134],[-75.59483888417074,26.93302071073139],[-75.5948585741313,26.93302758833075],[-75.59487826122347,26.933034466923903],[-75.59488168840635,26.93303573263672],[-75.59489311790983,26.933039952313145],[-75.59490802042666,26.933046238081428],[-75.59491792022149,26.933053537267313],[-75.59492689094687,26.93306007672881],[-75.59493093072709,26.933063365647715],[-75.59493501522313,26.93306745237371],[-75.59493994524412,26.93307070382934],[-75.5949451273278,26.933073145571207],[-75.59495090671889,26.9330755607165],[-75.5949569646465,26.933077696414923],[-75.5949626974702,26.93307931558011],[-75.59496871559375,26.933080654133164],[-75.59497533861136,26.93308223496226],[-75.59498131012036,26.933082776663163],[-75.59498678553967,26.93308254086853],[-75.59498902123858,26.933082444589832],[-75.59499554445924,26.93308216367193],[-75.59500232363308,26.933081072872245],[-75.59501299719787,26.933080613220937],[-75.59502367465409,26.933080153400855],[-75.59505084380842,26.93308244450645],[-75.5950992079736,26.93308649035906],[-75.5951063969035,26.933100701817136],[-75.59510685719921,26.933101611956992],[-75.59511727189847,26.933118479628376],[-75.5951280528245,26.933125716376644],[-75.59514039549421,26.93313400024842],[-75.59516049582244,26.93314858650167],[-75.59516597460544,26.93314597582524],[-75.59519614401033,26.93313159937551],[-75.59519922792117,26.933137066442363],[-75.59521125447885,26.93315838951921],[-75.59522080047358,26.933154103850995],[-75.59528386616537,26.933125795464672],[-75.59529379497927,26.93312133859991],[-75.59529397020438,26.93312126025739],[-75.59543271036092,26.933275394224296],[-75.59538659146494,26.93329751718449],[-75.5953460740675,26.93331695422765],[-75.59535415169897,26.933323531248522],[-75.59537459797131,26.93334449607364],[-75.59539506878627,26.9333659912476],[-75.59542042611398,26.933389943492216],[-75.59544584410234,26.93341495418857],[-75.59547429697304,26.933441169683952],[-75.59550193077172,26.933468749845996],[-75.59553419750382,26.933494002209343],[-75.59556225040085,26.933512774223328],[-75.59558990579342,26.933529697304365],[-75.5956453154171,26.933554218566254],[-75.59567782822042,26.93356747126528],[-75.59568079457662,26.933567343500325],[-75.59568465015863,26.93356717743508],[-75.59568757267056,26.933566250075522],[-75.5956905390267,26.933566122310275],[-75.59569434895877,26.933565159350067],[-75.59569518420626,26.933564059683782],[-75.5956960733853,26.93356402051146],[-75.59569814759686,26.933563931171996],[-75.5956989513602,26.933562298831195],[-75.59570073273042,26.93356222210478],[-75.59570191771617,26.933562171065592],[-75.59570365329621,26.93356129482858],[-75.5957045454406,26.933561256402466],[-75.59570661965212,26.93356116706281],[-75.59570755077651,26.93356192844058],[-75.59570962790669,26.933561838975137],[-75.59571051713245,26.93356180067468],[-75.59571144908955,26.93356255939446],[-75.595712480722,26.93356517724677],[-75.59571371149809,26.933565925717975],[-75.59571375422948,26.933566722738224],[-75.59571385390485,26.933568581870766],[-75.59571478586211,26.933569340590505],[-75.59571482873375,26.9335701402268],[-75.59571492840917,26.93357199935939],[-75.59571497114055,26.933572796379664],[-75.59571505669685,26.9335743921642],[-75.59571511368762,26.93357545514855],[-75.5957142671463,26.933576289597287],[-75.59571435260908,26.933577883637835],[-75.59571453793427,26.933581340299074],[-75.59571566947633,26.9335858216443],[-75.59571678666559,26.9335900352815],[-75.59571786103005,26.933593450154323],[-75.59572016621802,26.933597614370473],[-75.59572335762026,26.933601738667736],[-75.5957262134966,26.933605079429835],[-75.59572936416048,26.933608407494862],[-75.59573257093625,26.933612800330277],[-75.59573655374247,26.933615025365928],[-75.59574065150414,26.93361937632865],[-75.59574459269237,26.93362080691777],[-75.5957965647174,26.93363668258041],[-75.5958122720192,26.933641333222425],[-75.59582010763637,26.93364339492601],[-75.59582800404444,26.933646517701906],[-75.59583595744564,26.933650703461797],[-75.59584279322151,26.9336562693785],[-75.59584990022407,26.933661292203627],[-75.59586103092091,26.933669338907638],[-75.59587302417948,26.933676813552413],[-75.59588796666884,26.933683895457996],[-75.59590261442014,26.933690990930984],[-75.59591840623382,26.933697235639578],[-75.59593499898473,26.93370184987175],[-75.59595458749857,26.93370686647003],[-75.59597409249247,26.933710288939327],[-75.59599360776339,26.933713975792525],[-75.59601775599513,26.933715335694288],[-75.5960430614804,26.933716109088067],[-75.59606623394959,26.933715911537774],[-75.59609025573587,26.933714876787537],[-75.59609876955622,26.933712909704223],[-75.5961083696984,26.93370903327266],[-75.59611682768107,26.933706006649217],[-75.59612621748576,26.93370373612512],[-75.59614743948639,26.933700425379662],[-75.59616839216058,26.933697656765933],[-75.59619241393969,26.93369662199],[-75.59621558630913,26.933696422659345],[-75.5962437031034,26.933699741555763],[-75.59627205754877,26.93370198214453],[-75.59629630732368,26.933705199280716],[-75.59630495060394,26.933705628430417],[-75.5963127015982,26.93370609339516],[-75.59632140071803,26.933707582081894],[-75.59632751874561,26.933710782301485],[-75.59633333809452,26.933713995387315],[-75.59633945218476,26.93371719490189],[-75.59634535701078,26.933722002027988],[-75.59635735134464,26.933729477443435],[-75.59636928770793,26.933735889914875],[-75.59643301206809,26.933754723619636],[-75.59658185190537,26.933792268228146],[-75.59674194282972,26.93381227821841],[-75.59674179291923,26.933803282183842],[-75.59674100854598,26.933756107083113],[-75.59674594509686,26.933742839918377],[-75.59675606582476,26.933732015192138],[-75.59676725809105,26.933724606325967],[-75.5967818900364,26.93372584111663],[-75.5968118707127,26.933730675521108],[-75.59682563908737,26.93373248154177],[-75.59683916963489,26.93373536237336],[-75.59686643984655,26.933739513801516],[-75.59689666127926,26.933743273240914],[-75.59692689799827,26.933747299464894],[-75.5969443687032,26.933751609120332],[-75.59696209233262,26.933755107265522],[-75.59701078574024,26.933765263186377],[-75.59710131017877,26.93377947798579],[-75.59712365040066,26.933780380603864],[-75.59714656977886,26.933780990810046],[-75.59718742311776,26.933783493202345],[-75.59720061947903,26.933796778835468],[-75.59722227356113,26.933807033384458],[-75.59726161999939,26.933820256832814],[-75.59727459888649,26.93382396023706],[-75.59728300867461,26.93383665324351],[-75.59728528607481,26.933845879254307],[-75.59728555972696,26.933850981406035],[-75.59728579919016,26.933855446115903],[-75.59728347729003,26.933867535216873],[-75.59734430420505,26.933882229667866],[-75.59754505113166,26.933795790068647],[-75.59756984978588,26.933770478532786],[-75.597580271126,26.9337447350742],[-75.597604753472,26.933684257516465],[-75.59763143039129,26.933605319443],[-75.59765823643643,26.933528771531524],[-75.59766205357224,26.933511290802436],[-75.59766409411061,26.933493884884],[-75.59766609009084,26.933475684647604],[-75.59766605266965,26.9334583708977],[-75.59766508313314,26.93344029583276],[-75.5976593742758,26.93340591112197],[-75.59765459289726,26.93338879918284],[-75.59761824388217,26.93330405097665],[-75.59761999844288,26.933299656801584],[-75.5976232221234,26.933291582595498],[-75.59766039158312,26.93326347863799],[-75.59776147057656,26.933187054096702],[-75.5977873179515,26.933253341696116],[-75.59779354628876,26.933225366640436],[-75.59779924256495,26.93320966924571],[-75.59780814590812,26.93319276908193],[-75.59781336543668,26.93318481775534],[-75.59781892556158,26.93317765323355],[-75.59782512277995,26.93317125836896],[-75.59785043144826,26.933155514654036],[-75.5978767749596,26.933142392991954],[-75.59792289946255,26.933121224747463],[-75.59797779055307,26.933097277728386],[-75.59803186466499,26.93308029691714],[-75.59805555529563,26.933073147261762],[-75.5980801951762,26.933067023877104],[-75.59810107574687,26.933057334778628],[-75.5981065670592,26.933054432338515],[-75.59811122636334,26.93305263468962],[-75.59811705526262,26.93305051743406],[-75.59812260369128,26.933048679717736],[-75.59812938281753,26.933047588695434],[-75.59813713570198,26.933048053426482],[-75.5981448438843,26.933047721223296],[-75.59815170856993,26.933048225106337],[-75.59815946145456,26.933048689835537],[-75.59816608448858,26.93305026957036],[-75.59817393715481,26.93305259429645],[-75.59818084172598,26.933053896192604],[-75.59818873821636,26.933057019637094],[-75.59819667649148,26.933060940140315],[-75.59820378053435,26.933065960287063],[-75.59821167707372,26.93306908460175],[-75.59825994959472,26.933054749404437],[-75.59826958705553,26.933068185613962],[-75.59827750770462,26.933093953165415],[-75.59851333256196,26.933046490868044],[-75.59870136945577,26.93298910141904],[-75.59871265912298,26.93301933595387],[-75.59872045973168,26.933040228078735],[-75.59883072818158,26.93300696954433],[-75.59883101842874,26.932995767745002],[-75.59883489177918,26.932991044484638],[-75.59884664072301,26.932976714444504],[-75.5988732850413,26.93297476445686],[-75.59888861974794,26.932972505729314],[-75.59890305003991,26.932970020280518],[-75.59893184098064,26.9329637151178],[-75.5989487982084,26.932958455829525],[-75.59896483480375,26.932952703941123],[-75.59898471558827,26.932946519762822],[-75.59900100498305,26.932939954614795],[-75.59901114329726,26.932934990129308],[-75.59902925791819,26.932929147779316],[-75.59904998208324,26.932922125749826],[-75.59906621739574,26.93291449835802],[-75.59907751213382,26.93290895085928],[-75.59908893331661,26.93290579623688],[-75.59910116096049,26.932901006506192],[-75.59910687949409,26.932902357713694],[-75.59911162429827,26.93290215404999],[-75.5991167237023,26.93290299791608],[-75.59912244432246,26.932904351654834],[-75.59912723087363,26.9329049441768],[-75.5991323711457,26.932906586014482],[-75.59913715769713,26.932907178535956],[-75.59914194536188,26.932907773631285],[-75.5991479350027,26.932908579993395],[-75.5991526797604,26.93290837545563],[-75.59917721668216,26.93290039017707],[-75.59931547635257,26.932901356576387],[-75.59953039676584,26.932896353762377],[-75.59956820171107,26.932941834811935],[-75.5995767871691,26.932952162758063],[-75.59959371643973,26.932948509271544],[-75.59960146674167,26.932946836124927],[-75.59960903533192,26.93294384840926],[-75.59961651429944,26.93293926333994],[-75.59962403992944,26.932935475118757],[-75.59963156555864,26.932931686897007],[-75.59964120717588,26.932928606307883],[-75.59965145763805,26.93292576866865],[-75.59966118771673,26.932924281984455],[-75.59968812983898,26.932922321550116],[-75.5997139686406,26.93292200639763],[-75.59972393448363,26.9329415569808],[-75.59972811812229,26.932947504408546],[-75.59973224466862,26.932952387985022],[-75.59973647112827,26.932959133301104],[-75.59974150107222,26.932964242758235],[-75.59974933964459,26.932966304006705],[-75.59975723507674,26.932969424745778],[-75.59976500135721,26.932970157092818],[-75.59977368623393,26.932971380368585],[-75.59978143912062,26.932971844965515],[-75.59979003942358,26.932971474164937],[-75.59979774759097,26.932971141827966],[-75.59981613511613,26.932970349048883],[-75.59982473250015,26.932969978371023],[-75.59983333280269,26.93296960756654],[-75.59985664957797,26.93297206602212],[-75.59988199582514,26.93297363810908],[-75.5999061589985,26.9329752603248],[-75.59992570481182,26.93297947907418],[-75.59994526388157,26.932983962952424],[-75.59996951363009,26.932987180015054],[-75.59997257690972,26.932988913110176],[-75.59997444381322,26.932990430336805],[-75.59997661699683,26.93299220355792],[-75.59997941686589,26.93299447941876],[-75.59998158995614,26.932996250895822],[-75.59998266464314,26.932999668328204],[-75.59999660870962,26.93301025377611],[-75.60002056552383,26.933024673627592],[-75.60004373286282,26.933040990066814],[-75.60005277102462,26.93304668796367],[-75.60006588169168,26.93305495383464],[-75.60008654694914,26.933063386917432],[-75.60009045959418,26.933064284525546],[-75.60009317099711,26.933064966476316],[-75.60009622190712,26.93306643264919],[-75.60009928523961,26.93306816661277],[-75.60010229434589,26.933068835726896],[-75.60010506483991,26.93307058231696],[-75.60010815658154,26.933072845590015],[-75.60011897093187,26.933091560701957],[-75.60015985637432,26.933100188222525],[-75.60027380000389,26.93310219997182],[-75.60035803118231,26.93309496427684],[-75.60041699504549,26.93308989924523],[-75.60054561808818,26.93307742607878],[-75.60064818908523,26.933066874193308],[-75.60071797897967,26.93305921298143],[-75.60072412609358,26.933058537970325],[-75.60078153769334,26.933048335691144],[-75.60086348991912,26.9330136344894],[-75.60092488901844,26.93298914024188],[-75.60097672824452,26.93296372710437],[-75.60099128827027,26.93295695650232],[-75.60112258799103,26.932895897920115],[-75.60119955169553,26.932862824014606],[-75.60131897984968,26.932811501670468],[-75.60139293795073,26.932771815003008],[-75.60143293330255,26.93272506791949],[-75.60144663462951,26.932709025028526],[-75.60145998317186,26.93269193278835],[-75.60147570456317,26.93267473819976],[-75.60148023971114,26.93265402918027],[-75.60148274661456,26.932635936205013],[-75.60148302494423,26.93263392792316],[-75.6014850626903,26.93261652294164],[-75.60148835979516,26.9326059920492],[-75.60149170056937,26.93259625638556],[-75.60149683506482,26.932586710805666],[-75.6015013647889,26.932576925607492],[-75.60150930773099,26.932564330028427],[-75.60151815499336,26.932551959398904],[-75.60152822908422,26.93254033558593],[-75.60153353473719,26.932533978063205],[-75.60154002841419,26.93252757191875],[-75.60154742553347,26.932521392509337],[-75.60155395801475,26.932515781802287],[-75.60155855999331,26.93251291839635],[-75.60156321913651,26.93251111971044],[-75.60156697483613,26.932509094289276],[-75.60157192866725,26.932507281143838],[-75.60157663055483,26.932506278599455],[-75.60158131825632,26.932505011836778],[-75.6016014412797,26.932503344989847],[-75.60160924823651,26.932504871666996],[-75.60161615564172,26.932506171441084],[-75.60162307742054,26.932507738920744],[-75.6016452898679,26.932511842284168],[-75.60165699912022,26.93251400124157],[-75.60166860748788,26.9325142993772],[-75.60168105935456,26.93251376226717],[-75.60170504818878,26.932506599708677],[-75.60171657096878,26.932505303810334],[-75.60168204898142,26.93238824440627],[-75.60186160026694,26.93236664510372],[-75.60189025242524,26.932468507490608],[-75.60191195119047,26.932463044008863],[-75.60192042289907,26.93246027935903],[-75.60192794850816,26.93245649357913],[-75.60193288804652,26.932454414453424],[-75.60193665796757,26.932452654108022],[-75.60194041351397,26.93245062605659],[-75.60194511544003,26.93244962436621],[-75.60197387757886,26.93244838362721],[-75.60201242787964,26.932446721507603],[-75.60204331083149,26.932446187244757],[-75.602073304667,26.932445693075667],[-75.60211066698781,26.93244408041643],[-75.60213112853589,26.932443197712892],[-75.60215129141022,26.93244232788971],[-75.60219553276093,26.932441486495875],[-75.60222548374811,26.93244019439317],[-75.60223120230246,26.93244154541041],[-75.6022360469959,26.9324432024524],[-75.60224206227808,26.932444540667884],[-75.60224991593209,26.932446864137834],[-75.60225771172004,26.93244812816165],[-75.60226547685816,26.93244885772901],[-75.60227323063305,26.93244932120799],[-75.60228869357854,26.932449453850314],[-75.60231768501153,26.93245246486741],[-75.60235055658416,26.932450247866246],[-75.60236775612168,26.932449506715532],[-75.60238520856632,26.93244795491657],[-75.60241960754574,26.932446470855492],[-75.60244396448387,26.932446218886632],[-75.60246126487732,26.932447337665977],[-75.60247854996884,26.932448189650334],[-75.60250938919039,26.932446859136665],[-75.60253356059123,26.932443152257015],[-75.6025574953129,26.932440521894733],[-75.60258527028705,26.932437459262616],[-75.60261996501232,26.932435962368967],[-75.60265465686442,26.932434466460656],[-75.60268267631513,26.93243591983476],[-75.60270970277546,26.93243555174568],[-75.60273071301928,26.932433846378736],[-75.60275087880296,26.93243297630261],[-75.60277133649602,26.932432094501344],[-75.60279061404258,26.932431262741066],[-75.60281069124999,26.932428797879556],[-75.60283168924526,26.932426828188657],[-75.6028722278907,26.932423478711677],[-75.60292022376862,26.93242060893486],[-75.60297033852018,26.932418445693557],[-75.60301066715488,26.932416705561533],[-75.60303468459416,26.9324156701038],[-75.60305781375014,26.932414672094964],[-75.60307802228571,26.932414598090745],[-75.60309729690594,26.932413766394333],[-75.60310712397481,26.93241414209088],[-75.6031175455647,26.932414493880827],[-75.60312743250486,26.932415929808176],[-75.60313706381476,26.932418179995476],[-75.6031488557927,26.93242193292069],[-75.60328196696403,26.932454283474048],[-75.60331716144573,26.93246209062677],[-75.60337983065467,26.93248722404812],[-75.60341072029934,26.93249961241626],[-75.60347501750732,26.932524499848693],[-75.60350360007182,26.93253556395896],[-75.60361944394545,26.932572924477995],[-75.60373788087401,26.93260324279458],[-75.60374388316922,26.93260441104281],[-75.60379614874651,26.932614583219365],[-75.60385457326709,26.932623248442585],[-75.60391375773037,26.932629486870855],[-75.60394830968512,26.932625330745516],[-75.60397411972066,26.932618890486623],[-75.60403204753688,26.9326017372828],[-75.60409011908959,26.93258724187647],[-75.60415039441165,26.932575051397837],[-75.60421868265288,26.932573701710385],[-75.6042883586339,26.932576020677956],[-75.60435688974412,26.93257919136845],[-75.6044263619772,26.932577790427153],[-75.60468489375299,26.932538126175583],[-75.6047929955304,26.93251846228501],[-75.60512847074618,26.93245743887684],[-75.60530110822774,26.932423343621714],[-75.60553050819111,26.93236149072066],[-75.60562430960978,26.932331600119422],[-75.60571720643532,26.932301481032006],[-75.60578589379341,26.932285462528508],[-75.60585571601771,26.932273922434874],[-75.60598245841881,26.932259658768057],[-75.60603718712272,26.93225489634122],[-75.60606806918358,26.93225436430268],[-75.60609646071269,26.932246211648412],[-75.60611592645363,26.932232318359404],[-75.6061316036766,26.932214322535096],[-75.60609305362945,26.932215987193803],[-75.60604600345835,26.932219884929875],[-75.60601810634051,26.93222615104499],[-75.60600011677508,26.932228793020723],[-75.60598799409985,26.932218926047245],[-75.6059623775838,26.93221230664926],[-75.60592594643296,26.93221467773266],[-75.60590075043632,26.93221043936526],[-75.60588331592007,26.932195740251235],[-75.60581395765246,26.932177157089846],[-75.60568887894387,26.932208929752882],[-75.60567497229071,26.932212461690487],[-75.605541716204,26.932265902136578],[-75.60542048907074,26.93231083095121],[-75.60531658628474,26.93233529710312],[-75.60528248792723,26.932364475905786],[-75.60525646163761,26.932361336028162],[-75.60524560432262,26.932341825374486],[-75.60525798903076,26.932317846658776],[-75.60530822786687,26.932268256477453],[-75.60533199509182,26.932223806952983],[-75.60534185023432,26.93217489570266],[-75.60540891988656,26.932145360574257],[-75.605486650635,26.932159319910994],[-75.60556931941271,26.932155750635015],[-75.60557442504174,26.932155530193924],[-75.60555267577932,26.932126898291262],[-75.60548495313147,26.93210557850087],[-75.60542308842648,26.932104786607663],[-75.60540586141362,26.932112545312012],[-75.60538449095198,26.932122170648665],[-75.60535773492182,26.932127587567027],[-75.6053646676041,26.932079602240528],[-75.60537076594633,26.932071561863342],[-75.60540519140338,26.932026172352693],[-75.60545659900616,26.931992783322354],[-75.60549778630032,26.93194827216786],[-75.6054984526161,26.931947552044797],[-75.60558409744725,26.931904159490493],[-75.60568973153269,26.931895335916654],[-75.60575893627612,26.9318723675749],[-75.60580363208972,26.931836116432564],[-75.60580507574332,26.93183494583277],[-75.60580774890772,26.931835061151908],[-75.60585452749861,26.93183707318313],[-75.60596633739765,26.931815993619793],[-75.60606451407705,26.931828804760617],[-75.6061313098147,26.931832844437213],[-75.6061492798914,26.931824344682287],[-75.60615839681616,26.9318170243365],[-75.60616305916281,26.931798706196215],[-75.60618807844081,26.93179416203464],[-75.60620778503484,26.931784788422227],[-75.60621850749868,26.93176860603996],[-75.6062357783651,26.931747080267396],[-75.60624053978562,26.931730623894058],[-75.60624189826166,26.931723768807124],[-75.60624591873442,26.931703487356696],[-75.60624113452077,26.93168637513905],[-75.6062421701067,26.93167247886323],[-75.6062503679562,26.93165907215662],[-75.60627504664633,26.931653743821133],[-75.60629254167057,26.931652988319886],[-75.60630922754616,26.93164267620301],[-75.60632785802136,26.931629882655866],[-75.60635935842046,26.93162425970784],[-75.60639405274962,26.931622762315314],[-75.60643561749458,26.93158873328141],[-75.60638786851709,26.93157960518344],[-75.60636739411704,26.931558112574482],[-75.60639490052932,26.931533480739972],[-75.60644147359916,26.931515218723632],[-75.60650455904096,26.931505567678645],[-75.60655784268296,26.931512589772574],[-75.60661928641666,26.93152219265298],[-75.60669546600086,26.931540480560198],[-75.60669721394842,26.931540980178163],[-75.60677394838471,26.93156293157533],[-75.60683104139885,26.931585507470615],[-75.60688389797487,26.931634374325842],[-75.6069274914494,26.931615975046878],[-75.60698892860866,26.93161438870611],[-75.60709401468664,26.931589867004284],[-75.60712082535926,26.931624141110653],[-75.60716260708602,26.93166111696436],[-75.60716732390104,26.93166529122634],[-75.60726619964505,26.931669012519937],[-75.60734292672237,26.931654801848705],[-75.6073712586381,26.9316495549079],[-75.60748259826694,26.93161970378448],[-75.60757988189566,26.931582734201125],[-75.60760471644522,26.931558217415564],[-75.60767687853885,26.931540447108485],[-75.6078907468916,26.93151042898867],[-75.607923434062,26.93150029409613],[-75.60798458920141,26.931481333173608],[-75.60805313144941,26.931462655274412],[-75.60811613682291,26.93143489068393],[-75.60817042045677,26.931399778228364],[-75.60831195227968,26.931395261136007],[-75.60833419186382,26.931394300266824],[-75.60835604997395,26.931391758155634],[-75.60838576881902,26.93138621150498],[-75.6084141617243,26.931378058104325],[-75.6084427474254,26.931368032068878],[-75.60847006624739,26.931356461296364],[-75.60849645003866,26.931344131183046],[-75.60851680143546,26.931330200033056],[-75.60853651934184,26.931315495643712],[-75.60855471067305,26.9313000566037],[-75.6086133279552,26.93125703027214],[-75.60866566583753,26.931224400816156],[-75.60869279579651,26.931209374382394],[-75.60871849815452,26.9311930784874],[-75.608718950775,26.931192791478217],[-75.60873893323998,26.931171947832016],[-75.60875699139704,26.931148522430675],[-75.60879548511892,26.93110716702223],[-75.6088407752011,26.9310705767807],[-75.60885285602262,26.931063127237667],[-75.60886479597544,26.931053022375654],[-75.6088759467274,26.931044815035033],[-75.60888612051316,26.931035050444642],[-75.60889397712894,26.93102085678729],[-75.6089009446931,26.931006704169388],[-75.60890691904048,26.93099072842838],[-75.60891291153467,26.93097501760716],[-75.60891983520382,26.930960067154814],[-75.60892679969842,26.930945912048738],[-75.6089394858097,26.93093311003852],[-75.60895341689718,26.930921318790286],[-75.60896832105284,26.93091108495593],[-75.60898322413786,26.93090084941766],[-75.60899818735781,26.930891677588033],[-75.6090149719593,26.930883228529122],[-75.60903373142257,26.930872826338454],[-75.60905244606613,26.93086162722326],[-75.60907018781806,26.930848874179052],[-75.60908668629438,26.93083510592724],[-75.60910225377482,26.930820580795203],[-75.60911115146952,26.930803680738492],[-75.60911877922571,26.930785233475667],[-75.60912547413687,26.93076603116401],[-75.60913652558679,26.930739445627314],[-75.60914878117832,26.930713075506965],[-75.60916020335107,26.930693400587245],[-75.60917346490898,26.930674710739595],[-75.60918702429332,26.930656010642853],[-75.60920368984235,26.93063983858736],[-75.6093821965877,26.93058790131268],[-75.6095640972614,26.930543809088977],[-75.60962412514992,26.93054361131031],[-75.60968401175509,26.930546351947484],[-75.60974407088818,26.930552281393137],[-75.60992720729112,26.930580862531514],[-75.61004012871433,26.93060262369239],[-75.61015251580486,26.930625471507177],[-75.61032657183942,26.930650980641232],[-75.6105006108552,26.930676225371055],[-75.61085290054835,26.93072759812872],[-75.61096828548709,26.9307564414441],[-75.61108361530312,26.93078422244788],[-75.61165409717007,26.930897020178993],[-75.61177077203301,26.93091115637349],[-75.6118862487097,26.930925078537115],[-75.61210961009392,26.93096656655286],[-75.61233257506507,26.93100621040439],[-75.6124470855641,26.931013247031203],[-75.61256131261482,26.931020560610488],[-75.61265109058975,26.93103745675878],[-75.61273986679224,26.931057859920777],[-75.61291935611324,26.93109591644703],[-75.61308827841519,26.93113096945987],[-75.6132580899202,26.931165981097898],[-75.61339683712511,26.931198076247384],[-75.61353463403472,26.931229145126437],[-75.61389001194516,26.931304613647537],[-75.61409616791506,26.931335656595962],[-75.61430467563015,26.93135513971564],[-75.6144253659115,26.931333399305252],[-75.61446334469353,26.931326694471018],[-75.61450283572273,26.931320457343123],[-75.61454753588468,26.931311595587154],[-75.61464543980948,26.931280720507782],[-75.61467457892132,26.931269867136425],[-75.61470312087982,26.931259043092744],[-75.61474863661907,26.931243219276965],[-75.61479296457806,26.931227448587173],[-75.61482904548929,26.93121310019988],[-75.61486384214471,26.931196941324686],[-75.61490666528233,26.931169780692613],[-75.61494767751758,26.931142166127255],[-75.6150004444397,26.931100985752828],[-75.61505020413959,26.931059137508093],[-75.61509516003042,26.93101643257055],[-75.61513726221025,26.930970388221734],[-75.61516704362927,26.93093286830551],[-75.61519371752549,26.9308928179631],[-75.61521855386623,26.930851782579893],[-75.61524840338905,26.930793480592776],[-75.61527317155293,26.930734599663438],[-75.61531221240405,26.930598642091514],[-75.61534161000556,26.9304822841711],[-75.61534588447782,26.930418161582192],[-75.61534620040469,26.930352345164835],[-75.61534040184767,26.93024470473017],[-75.61531189304768,26.93011273636168],[-75.6152861057329,26.929992640136117],[-75.61525134478357,26.92988252124731],[-75.61523453699559,26.929840889125607],[-75.61523164039325,26.92983675187533],[-75.61522759889054,26.929833463032075],[-75.61522355757609,26.929830177676667],[-75.61521956192522,26.929827685706044],[-75.6152155633561,26.9298251938616],[-75.61521039234727,26.92982302108362],[-75.61520554753872,26.929821364720002],[-75.6152007181236,26.92981997601511],[-75.61519468840079,26.929818370932185],[-75.6151801828183,26.92981393724045],[-75.61517021290175,26.929810905840117],[-75.61516136966938,26.92980676024399],[-75.61515165251782,26.929802918171518],[-75.61514756808849,26.92979883232623],[-75.6151434836596,26.929794746480805],[-75.61513934192615,26.92978959680719],[-75.61513530154366,26.929786310534535],[-75.61513200795024,26.929780324424158],[-75.61512230566906,26.929760230996433],[-75.61511366540415,26.929743289657903],[-75.61509847854879,26.929731693105555],[-75.61509039561327,26.929725116282476],[-75.61508227067387,26.92971774154592],[-75.61507503689991,26.92971032911589],[-75.61507075205665,26.929702522487588],[-75.61506762347513,26.929694132665965],[-75.61506420207107,26.92968575551703],[-75.6150607635172,26.929677114281578],[-75.6150556063788,26.92965309557654],[-75.61505570804596,26.929638437315287],[-75.61505792978531,26.92962448878311],[-75.61506081055302,26.929606247375744],[-75.61506330239688,26.92959734949328],[-75.61506373541094,26.929588806413957],[-75.61506420936314,26.929581059545583],[-75.6150637799136,26.929573086945318],[-75.61506336469614,26.929565378558106],[-75.61506206035628,26.929557709523746],[-75.61505990676564,26.9295508743509],[-75.61505746156038,26.929544056168538],[-75.61505412213428,26.929537273189435],[-75.61504989553225,26.929530529478683],[-75.61504576819226,26.929525646635323],[-75.61503957609166,26.929515523361808],[-75.61503143597469,26.929507884456623],[-75.61502735545886,26.929503798442717],[-75.61502327109912,26.92949971346911],[-75.61502007586162,26.92949558914317],[-75.61501686634566,26.92949119973246],[-75.6150124106784,26.929480203329945],[-75.61498201372055,26.92948418281949],[-75.6149749101759,26.92940750027975],[-75.615005604743,26.9294035070389],[-75.61502859538179,26.9293116680389],[-75.61503274028581,26.929283785683154],[-75.61506319660351,26.929164981722483],[-75.61509681871325,26.929055369217778],[-75.61511659948313,26.928992174527277],[-75.61513637725484,26.928928979103407],[-75.61515005098613,26.928862852446624],[-75.61516005742763,26.92879475365975],[-75.61516569271953,26.928739366141123],[-75.61516943303599,26.928681926291556],[-75.61516559958969,26.92863280888756],[-75.61516205892035,26.928583677948573],[-75.61515614464342,26.928490427906585],[-75.61515680878617,26.928414474070788],[-75.61516370330534,26.928360361521726],[-75.61517408391747,26.928304767855238],[-75.61518100465447,26.928273299115528],[-75.61518843045668,26.92825113428766],[-75.61520500834884,26.92823336735348],[-75.61522725128744,26.928215886640817],[-75.61525052371437,26.928201027121037],[-75.61528602094039,26.9281813741776],[-75.61532086765946,26.92816068744488],[-75.61534869822343,26.928142165146777],[-75.6153627290267,26.928132233868077],[-75.61537648889993,26.928122848338113],[-75.61545148962414,26.928097222998407],[-75.61555092399439,26.92806175267956],[-75.61562022537558,26.928040636472442],[-75.61564785407198,26.92803491231905],[-75.61567653229883,26.928032072434622],[-75.61570643440858,26.928029977543936],[-75.61573731562125,26.928029441462794],[-75.61576744970844,26.92803159821887],[-75.61580992638673,26.92803668706257],[-75.61585189844935,26.92804339543376],[-75.6159349525875,26.928062445231234],[-75.61603388601168,26.92808933187194],[-75.61613087039781,26.92811869934355],[-75.61618201209997,26.928135666653635],[-75.6162331394011,26.928152366238315],[-75.61630293845654,26.9281735872476],[-75.6163625368041,26.92818752611504],[-75.61640530920344,26.928192599277523],[-75.61644817055688,26.92819926889705],[-75.61649178927043,26.928203508278234],[-75.61653638502538,26.928209303919576],[-75.61663326953224,26.928214698291878],[-75.61675021454134,26.928217361509073],[-75.6167991832794,26.9282160402303],[-75.61683209458593,26.928214615300966],[-75.61686387930312,26.928214305439866],[-75.61688112162169,26.928214357758055],[-75.61689732669659,26.92821179097492],[-75.61691274775944,26.928211123289397],[-75.61696503469554,26.928210724558955],[-75.61701710989762,26.928211933546987],[-75.61707312918732,26.928214569438207],[-75.61712959784595,26.928220115548903],[-75.61717921119046,26.92823075507432],[-75.61720360052196,26.92823662648691],[-75.61722720279424,26.92824439450704],[-75.61724994268619,26.928252733888694],[-75.61727781372352,26.9282680433818],[-75.61730365090507,26.92828424241165],[-75.6173508792496,26.92831682773088],[-75.61737935099993,26.928343300378902],[-75.61740782378973,26.928369773851173],[-75.61744015187315,26.9283960803747],[-75.61747123668407,26.928421372676745],[-75.61749685304076,26.92844450870838],[-75.61752513032444,26.928472853161562],[-75.61754374927868,26.928489074544274],[-75.61755163864801,26.928495947937524],[-75.61757564031461,26.928511160095134],[-75.61758850975511,26.928518328256928],[-75.61760821201801,26.92852546710318],[-75.61763734586589,26.92853113208529],[-75.61765685050939,26.928534550037476],[-75.61768814632177,26.928541719963434],[-75.6177231654405,26.928546328581483],[-75.61774347430445,26.92854811398098],[-75.61776407696063,26.928549886653283],[-75.61778436750596,26.928551404513314],[-75.61780278562216,26.928556734648218],[-75.61782450749497,26.92856271881185],[-75.61784504170022,26.928568757026902],[-75.61786158023732,26.928572303390865],[-75.61787921867614,26.928574203535845],[-75.61790909748399,26.92857717216228],[-75.61790848727925,26.928534682759796],[-75.61790769506078,26.9284794641575],[-75.61814833340014,26.92848330030633],[-75.6181490143179,26.928504451813954],[-75.61815030165693,26.928544486483037],[-75.61815188323354,26.928593651541018],[-75.61815435171742,26.92867607400788],[-75.61815659097049,26.928781811323972],[-75.61815649735331,26.928985201883645],[-75.61815648596495,26.929010984269446],[-75.6181780575079,26.929511020572864],[-75.61818598994758,26.93002530177197],[-75.61820799618441,26.93122545226742],[-75.61825734555237,26.932466064366572],[-75.61827227136662,26.932948945528583],[-75.61828501607597,26.93338143508254],[-75.61830505258769,26.9340456653573],[-75.61830797824626,26.934095050395214],[-75.61831904979665,26.934295535528506],[-75.61833413253355,26.93446863994049],[-75.61834250607076,26.93458282831742],[-75.61838290483105,26.935522850164805],[-75.61839630723111,26.9363874441364],[-75.61843160223414,26.937227694681695],[-75.61845305391824,26.937521884034027],[-75.6184626565694,26.938285363303784],[-75.61846324609498,26.938332257064566],[-75.61861954068627,26.938430668267365],[-75.61891574156229,26.93866322862226],[-75.61933562506994,26.93900060921803],[-75.61961332813851,26.939215207747882],[-75.61964340132533,26.93923844677144],[-75.61964928758462,26.939244265607616],[-75.62000236272114,26.93959329315419],[-75.62046351804754,26.940084087033544],[-75.62076269945402,26.940380601834],[-75.62079915151024,26.94042547963335],[-75.62094788048704,26.940574303420217],[-75.62121141413229,26.940838001945096],[-75.62134444116653,26.94099190334272],[-75.62146107735468,26.94112716321068],[-75.62173605347849,26.94148394287386],[-75.62186898917432,26.941656425465002],[-75.62218536677491,26.942053120037052],[-75.6222167130601,26.94209275779923],[-75.62230452440208,26.942203798175655],[-75.62252099748882,26.942394517151147],[-75.62292390459334,26.942622007135753],[-75.62333729758865,26.942849970214716],[-75.62361417453124,26.943028104752948],[-75.62367966084723,26.943066771445398],[-75.62384096016747,26.94316201055289],[-75.62426473077413,26.943483678503288],[-75.62478467262392,26.94390759467329],[-75.62495949567342,26.944042928040417],[-75.62540869136842,26.944390655201218],[-75.62551265565118,26.944475051410564],[-75.62595533790494,26.944844379137635],[-75.62619725414541,26.9450436027124],[-75.62660197591062,26.945401098969473],[-75.6274741735555,26.946171508260196],[-75.62811881926461,26.946717689810924],[-75.62849421314955,26.94705138011338],[-75.62872924883358,26.94725676088732],[-75.62929703484302,26.947714345013896],[-75.62955212804619,26.947918773184767],[-75.62963924200537,26.947990377686676],[-75.62989146943038,26.948187172968357],[-75.6301554449172,26.94839215049398],[-75.63040602846525,26.94859660778765],[-75.63064284843303,26.948789833271864],[-75.63064579936018,26.9487922408638],[-75.63050442458132,26.948959202362968],[-75.63040992564288,26.949048186068065],[-75.63024614309688,26.949203588528814],[-75.62999284696744,26.949423459407903],[-75.62995083567596,26.949448578600066],[-75.62990662198223,26.949475014535302],[-75.62990418341076,26.949476472666422],[-75.62982344576993,26.949524745812177],[-75.62951448818364,26.949642670161204],[-75.62931477258965,26.94971889859099],[-75.62922469139225,26.949753281003208],[-75.62904743789223,26.949830662924953],[-75.6288804459623,26.949972623499853],[-75.62873764007254,26.950128972256508],[-75.62864239766438,26.950232558935088],[-75.62816166173785,26.950782756924042],[-75.62764866296152,26.951345174248296],[-75.62756843587049,26.951444162838346],[-75.62743795313251,26.951604782245425],[-75.62739371431772,26.951659328678264],[-75.62680198280684,26.952318725366343],[-75.62635019708368,26.952895716197304],[-75.62629268813187,26.95298407619873],[-75.62613559753322,26.953225435229236],[-75.62604631744898,26.953334567496313],[-75.62592689316108,26.953437365069874],[-75.62579267884469,26.953467057778973],[-75.6255086005902,26.953479602914197],[-75.62439038562958,26.95334634599654],[-75.62418562184712,26.953353174906084],[-75.6237860115667,26.95338481456332],[-75.62375971482832,26.953388307013856],[-75.62282885094989,26.95351193643094],[-75.62220580419113,26.953614802129167],[-75.6217627505672,26.953687947558535],[-75.62170162527785,26.953697579885514],[-75.62164796276627,26.953706035624883],[-75.62101028530235,26.953671314627087],[-75.62066752077672,26.953657520594255],[-75.62051485036649,26.95366090184246],[-75.6203632701062,26.953682682867004],[-75.62018869328719,26.95372379002176],[-75.62000142934602,26.953767885229777],[-75.6199436696274,26.95385221120863],[-75.61919969769292,26.95505185134201],[-75.61917475385788,26.95509207196782],[-75.61913636400912,26.95516382302777],[-75.61870438967566,26.95597976546835],[-75.61852481532735,26.956302970459483],[-75.61843479577216,26.956426708692714],[-75.61807834659992,26.95710504101719],[-75.61797125571937,26.9572936894417],[-75.61787281242418,26.95741103093187],[-75.61780628297633,26.95746955458586],[-75.61767597206922,26.957551509101275],[-75.61747276855351,26.957666067494078],[-75.61712761835274,26.95782914422984],[-75.61679742356262,26.957973056704127],[-75.61646338683683,26.958092873864718],[-75.61564557138934,26.958371685525204],[-75.61471755944591,26.9587052751551],[-75.61441674291254,26.95880524066574],[-75.61437985539091,26.95881749984896],[-75.61425091205516,26.958813926422444]]]}},{"type":"Feature","properties":{"Ward_Num":20,"Shape_Leng":54699.5555327,"Shape_Area":58621985.3703},"geometry":{"type":"Polygon","coordinates":[[[-75.58869131277422,26.966511782805938],[-75.58889432307741,26.966119277481564],[-75.58880036482213,26.9660827834207],[-75.58855043575716,26.966511261261342],[-75.58813242237733,26.96629900977626],[-75.58837447033977,26.965919238373996],[-75.5882408953321,26.965851413749384],[-75.58797574653757,26.96626742985849],[-75.5874837390687,26.967039385849535],[-75.58746864623878,26.96706306547624],[-75.58676383998561,26.966705196383604],[-75.5869674455937,26.966322111318906],[-75.58722531656748,26.96583692033632],[-75.58735811141565,26.96562571981075],[-75.58686578453914,26.96532140424341],[-75.58647910245338,26.965819880008258],[-75.58640079955495,26.965920820629254],[-75.58628532600382,26.96584944465452],[-75.58637716011725,26.96573106159698],[-75.58679946053734,26.965186667429922],[-75.58668606807966,26.96511657778879],[-75.58649812103538,26.965358862648873],[-75.58630641105417,26.965240362957278],[-75.58643222647846,26.965078171862828],[-75.58615859208604,26.96488736652871],[-75.58594799088422,26.965169672618636],[-75.58563896424486,26.965033687353035],[-75.5855454446294,26.964992534238604],[-75.58555168577979,26.964976006379132],[-75.58578504583443,26.96435795865519],[-75.58571530684186,26.96409301521747],[-75.58554742450936,26.963962460626053],[-75.5856731027941,26.963833658567975],[-75.58507220176138,26.963302208459996],[-75.58428753136275,26.96284109668857],[-75.58415565639972,26.962797081830423],[-75.58390651576684,26.962834155174846],[-75.58363910963126,26.963000563765842],[-75.58344993295249,26.963035195186258],[-75.58334606275794,26.963057221731713],[-75.58355293425356,26.963320522853103],[-75.58344256310004,26.963394077877687],[-75.583254254471,26.963121355419837],[-75.58310574437922,26.963196729073708],[-75.58312488488208,26.963358009161343],[-75.58304210698722,26.963413176352837],[-75.58299443312812,26.96341544922412],[-75.58279124256553,26.963536113834294],[-75.58270694786601,26.963565743510472],[-75.58248013800639,26.963610706017572],[-75.58227088032088,26.963629222280343],[-75.58195717562415,26.96368303353812],[-75.58180431523984,26.96381589981935],[-75.58176178483886,26.963872561682365],[-75.58188899985502,26.96398600411849],[-75.58189116684534,26.96411906820756],[-75.58184635384009,26.9642338861265],[-75.58176635017541,26.96443233096172],[-75.58176973074377,26.96458582411747],[-75.58188479662228,26.964687893979686],[-75.58204320157506,26.964746922582748],[-75.58215341339704,26.964767275058463],[-75.58218934160179,26.96498579786137],[-75.58219063337387,26.96501994813924],[-75.5821938696873,26.965105534662968],[-75.58124324478179,26.964897755176835],[-75.58001216381324,26.964628679239276],[-75.57956801638322,26.963912320031852],[-75.57956593196084,26.963297794886934],[-75.57977309535954,26.96330840064688],[-75.5799747964386,26.96322707327264],[-75.58008847824604,26.96312919250551],[-75.58013853334762,26.963086094301644],[-75.58027695909561,26.962905346043993],[-75.5803015753225,26.962740271044563],[-75.58030017108032,26.96271663464618],[-75.58028943917985,26.962535972159515],[-75.5801171205909,26.962339314056255],[-75.57993335913562,26.962143199996348],[-75.5798528043,26.962010456652855],[-75.57985956516227,26.961866718974374],[-75.58007031133539,26.961808861989375],[-75.5800333280164,26.961701356403452],[-75.5804636627372,26.961605708435492],[-75.5806419918147,26.961774764913166],[-75.5807147327993,26.961762430906557],[-75.58092219785726,26.961727253748887],[-75.58121078236584,26.961563244806147],[-75.58193263909844,26.96113408141166],[-75.58187029886159,26.961050471594067],[-75.58162259425644,26.960718251371492],[-75.58183017433618,26.960594134583808],[-75.5824411060865,26.960228840054324],[-75.58262478047028,26.960230325049086],[-75.5827374630368,26.960388857189432],[-75.58286635579904,26.960433930564104],[-75.58293197266885,26.960379580281554],[-75.5830645051613,26.960485945865283],[-75.58331220363856,26.960381786974498],[-75.58336675780608,26.960358846329882],[-75.58353829947085,26.96015602733325],[-75.5836809751437,26.96004678216409],[-75.58368392305101,26.959903222752246],[-75.58378560133649,26.95968324694264],[-75.58388129695352,26.95955575240863],[-75.58395046940048,26.959368058341344],[-75.58391415590987,26.95894977480856],[-75.58387012397182,26.958787966052316],[-75.58390670689843,26.958437915048616],[-75.58401436779815,26.958125449881337],[-75.58414742285328,26.958047394350476],[-75.58432624594505,26.9579671564908],[-75.58466386584269,26.95792032351238],[-75.58500850025825,26.958313665214487],[-75.58625313578054,26.95881755211476],[-75.5865236829374,26.95835581375887],[-75.58632848280948,26.958160234400474],[-75.58599658767527,26.957981416142257],[-75.58570326403864,26.957872469269926],[-75.58543403727893,26.9577828628783],[-75.5852461152744,26.957709868105532],[-75.5851129762789,26.95759328310554],[-75.58499968742224,26.957424529196306],[-75.58489064501259,26.957327284553482],[-75.5844949508405,26.957233463323654],[-75.58427488651719,26.95719888136342],[-75.58413212528518,26.95711348843296],[-75.58400618103718,26.956924848511775],[-75.58401892026842,26.95713937608521],[-75.58374006954872,26.957080961122323],[-75.58361542254087,26.95710739463498],[-75.58346069612082,26.957206973537318],[-75.58340235824046,26.95738391221888],[-75.58341388438552,26.9575780067081],[-75.58341518185928,26.95779307854473],[-75.58336525319845,26.9579183927224],[-75.5831858236918,26.957988415445513],[-75.58302867148973,26.95804713205433],[-75.58294259693726,26.95814343631185],[-75.58285175424872,26.958352656402557],[-75.58269408058716,26.958595795463868],[-75.5826237131427,26.958633730561836],[-75.58252730709037,26.958685703507125],[-75.58249159828942,26.958277632567885],[-75.5823982437823,26.958251351681714],[-75.58218319048638,26.958107941542387],[-75.5819024345687,26.95782424275436],[-75.58094825741428,26.957214103401924],[-75.58084571494591,26.9568399452402],[-75.58078365221542,26.956760949361442],[-75.58065657789795,26.95674652086725],[-75.58049214474822,26.956682650890833],[-75.58057943203768,26.956606775931878],[-75.58068839026045,26.956509377279282],[-75.58065883264429,26.956398096058866],[-75.58041846657292,26.95621491218174],[-75.58010200925655,26.956006330381605],[-75.57974303402774,26.95588685653529],[-75.57940472973571,26.955726852707915],[-75.5793495014663,26.955700732011234],[-75.57922351301988,26.955592376140682],[-75.57912378353682,26.955506603864738],[-75.5788153132118,26.95520714416834],[-75.57868599395518,26.955155020600255],[-75.57836075478083,26.95502392974536],[-75.57825168921417,26.954733171062994],[-75.57816887921236,26.954498074075186],[-75.57817647360271,26.954476151328457],[-75.57821458927506,26.954366124996426],[-75.57834825179366,26.954298279593708],[-75.57846787266331,26.954251593941507],[-75.57855819471425,26.954226795785363],[-75.5785621825371,26.95416513671297],[-75.57849913601589,26.954133993708698],[-75.57835582210792,26.954168149555223],[-75.57816754935286,26.954218110081072],[-75.57807266674702,26.954226183594486],[-75.57798488200486,26.95423365286382],[-75.57791617146158,26.954107161584222],[-75.57787675988087,26.953958782052243],[-75.5778735908296,26.95390543576141],[-75.57786907374218,26.953829379826104],[-75.57791160570115,26.953772710496203],[-75.57803602236433,26.953677986090714],[-75.57808496892467,26.953600521516304],[-75.57809537082993,26.95351806572126],[-75.57798620973209,26.95361206261671],[-75.57788947247802,26.953657657148764],[-75.57781319242149,26.953661295713218],[-75.57777322218024,26.95363857162426],[-75.5777577732664,26.953629788574375],[-75.5777215978097,26.953535894175378],[-75.57772234866131,26.953419748759234],[-75.57773633367114,26.95326882064079],[-75.57774552115879,26.95316593193365],[-75.57779284935022,26.953061224416764],[-75.57784260486768,26.952997380478138],[-75.57784498640589,26.952992496230753],[-75.57785624259469,26.952969409689906],[-75.57784356205933,26.95296220022046],[-75.57780082392348,26.952937902665745],[-75.57776545783173,26.952857628857377],[-75.57776499478996,26.952721049825957],[-75.5777512986472,26.952619252621243],[-75.57768981170452,26.95248558381293],[-75.5776857085816,26.95228770672131],[-75.57768761559491,26.95206222199497],[-75.57768642819111,26.952042227519655],[-75.57768235614525,26.95197368070508],[-75.57753351920428,26.95206423102708],[-75.5775006498163,26.95208422852008],[-75.57743872183505,26.95212190460469],[-75.57746912861843,26.952196919106765],[-75.57752835167797,26.952343022651075],[-75.57753271038453,26.952597930830986],[-75.57754774296056,26.95347711642163],[-75.57754853376659,26.953523373442618],[-75.57755308967653,26.95378981240991],[-75.57755371565122,26.953791470819958],[-75.57764535979135,26.954034181491025],[-75.5776645333692,26.954084959718745],[-75.57773118569185,26.954261479801158],[-75.57777095210356,26.95436679614524],[-75.57792773130853,26.954816922853652],[-75.5780232454201,26.955214900979726],[-75.57803955270884,26.955282849803574],[-75.5780275939784,26.95528388701771],[-75.57786451354093,26.955298029399874],[-75.57773767039747,26.955351889211453],[-75.57752813209628,26.955430182472554],[-75.57740649001866,26.95544281499039],[-75.57733266978745,26.955447616853657],[-75.57733544426567,26.955590911883938],[-75.57729430106083,26.955588329659353],[-75.57724809318076,26.955585430460165],[-75.57718615869295,26.9555815437512],[-75.57710039604702,26.955576161926253],[-75.57631136366209,26.955526645004717],[-75.57630413625901,26.95508304786403],[-75.57618718779312,26.955045940080097],[-75.5760747168917,26.954923245616584],[-75.57602646274958,26.954754799741668],[-75.57601381921094,26.95454196756881],[-75.5760323096106,26.954370337246228],[-75.57593688597301,26.95421267775164],[-75.57563313539025,26.953928356855553],[-75.57541325046371,26.953768097331732],[-75.57532642391162,26.953755164664152],[-75.57525512686423,26.953681728086067],[-75.5752013831808,26.953581842014312],[-75.57517624410146,26.953480591340583],[-75.57515110504212,26.953379339830263],[-75.57507077899426,26.953314871915598],[-75.57501652886744,26.953206471271688],[-75.57487436694423,26.95290590108487],[-75.57480552414931,26.952712820213236],[-75.57477229370437,26.952475352069154],[-75.57475459196556,26.952177379067003],[-75.57484033419202,26.952011072659445],[-75.57472136181853,26.95193990968394],[-75.5746419721685,26.951730254260575],[-75.5746032521756,26.95156134743417],[-75.57459516038023,26.951425129407777],[-75.57460967904494,26.951347597020558],[-75.57412837139064,26.95129371927467],[-75.57428574820204,26.950884594096458],[-75.57416236859882,26.950853184820637],[-75.57354009921643,26.9506947701667],[-75.57368320682421,26.95020640788533],[-75.57416143905417,26.95033727314783],[-75.57418969692459,26.950233470500212],[-75.57435921896963,26.950266652658406],[-75.57452637469653,26.950299372124086],[-75.57475360221494,26.949833318505814],[-75.57476162792888,26.94981685757203],[-75.57419723134787,26.949587645739772],[-75.57438325185319,26.94943533381197],[-75.57485109494144,26.949666434961035],[-75.57485611162197,26.94966891304163],[-75.57492805100765,26.94964916123088],[-75.57494643498919,26.949644113297612],[-75.57522836012896,26.9497866597936],[-75.57537231063095,26.949859442321042],[-75.57542527389931,26.94978519788568],[-75.57529334167062,26.9496890364206],[-75.57537881057976,26.949582504127083],[-75.57491998003044,26.94913705854933],[-75.57488981259885,26.94912311777843],[-75.57488786836923,26.949121172358698],[-75.57486168083746,26.949094974378216],[-75.57483067136475,26.949063950958305],[-75.57475008995414,26.94898001723796],[-75.57475573854425,26.94897563824016],[-75.57479052083188,26.948948674898936],[-75.57483630239541,26.94891318395142],[-75.5749168661362,26.948851918347355],[-75.57494580201404,26.948831496152764],[-75.57496890713446,26.948813189926355],[-75.57512266171761,26.948691775912973],[-75.57513272082197,26.94868231748047],[-75.57523844024912,26.948582912249016],[-75.57538032472584,26.948422843799744],[-75.5754360749329,26.948376247795533],[-75.57555705196353,26.948275134344264],[-75.57572521449404,26.948071003368536],[-75.57574997537914,26.948040945844117],[-75.57602403870966,26.947750792656883],[-75.57605284951242,26.947725115404815],[-75.57609534928088,26.947687238571643],[-75.57623318366258,26.94756439636098],[-75.5762470347872,26.947551014197984],[-75.57625851437277,26.9475321387732],[-75.57626468652465,26.947536404519056],[-75.57626573060114,26.9475225057943],[-75.57626907338667,26.947512772246373],[-75.57627241899748,26.947503036829414],[-75.5762770085456,26.947494314458048],[-75.57628058121774,26.94748883388515],[-75.57629013930007,26.94747297156808],[-75.57629851048486,26.947468349936194],[-75.57631201523262,26.94746510868658],[-75.5763186926948,26.947462157444843],[-75.57632321144442,26.94745770093429],[-75.57633130276697,26.94744776210554],[-75.57633582151506,26.94744330559466],[-75.57634157014576,26.947439598761864],[-75.57634519653013,26.947435179625362],[-75.57634882592639,26.94743076210779],[-75.57635472606569,26.94741319044149],[-75.57636078248096,26.94740413947855],[-75.57637425057756,26.947383581021388],[-75.57638382370202,26.947362390615883],[-75.57639383408777,26.947350289248558],[-75.57639639023475,26.9473471982414],[-75.57640562323743,26.94733641157682],[-75.57640678182433,26.94733584359446],[-75.57641692267727,26.947330865524822],[-75.57642237334682,26.94732716796366],[-75.57642953284892,26.94731647279654],[-75.57643527836017,26.947312762596887],[-75.57644821468236,26.947304481348713],[-75.57646237777845,26.94729694641221],[-75.57647915538233,26.947288236540388],[-75.57649519950046,26.947282486230254],[-75.5765115375793,26.947276725065297],[-75.57653015055725,26.947268999378284],[-75.57655574086134,26.947258313073487],[-75.57657154373997,26.947248042802567],[-75.57659727491918,26.94724001460421],[-75.57660312061799,26.947238163611026],[-75.57661307588886,26.947229745282662],[-75.57661674678012,26.94722612400189],[-75.57662301685146,26.94721546694877],[-75.57662452611136,26.947210340532894],[-75.57662534534373,26.947203377562868],[-75.57662527000214,26.94718526313714],[-75.57662494378496,26.947179150787154],[-75.57662779286555,26.947160112983727],[-75.57663518608244,26.947137149878873],[-75.57663872934805,26.947131137378737],[-75.57664805140269,26.947121947296083],[-75.57665810583644,26.94711538735115],[-75.57666296192859,26.94711171526534],[-75.57667920035927,26.94709290416303],[-75.57668823777233,26.947083991121023],[-75.57669398427315,26.947080281739677],[-75.57669937822159,26.947075521983706],[-75.5767203459321,26.947050644913215],[-75.57674850043043,26.947015603795705],[-75.57675481286768,26.947005741199764],[-75.57675980858062,26.946993538358466],[-75.57676342378254,26.946988855723582],[-75.57676798501959,26.946985196273317],[-75.57677923794743,26.94697885328048],[-75.57678192102857,26.94697340820982],[-75.57678188833118,26.946956093490243],[-75.57678815817115,26.946945432949786],[-75.57679672648372,26.946927749530154],[-75.57680737036118,26.946909977136734],[-75.57681778908854,26.946887949828085],[-75.5768276032693,26.946871279362032],[-75.57683084648859,26.946859682206053],[-75.5768310150355,26.946859368183784],[-75.5768378772442,26.946846594981594],[-75.57684396265648,26.946832479299893],[-75.57685220554315,26.946808680885617],[-75.57686116887396,26.94679284404264],[-75.5768662497336,26.946782237094705],[-75.57686856411756,26.946769884359224],[-75.57687085001515,26.94675699791749],[-75.5768705907121,26.94675213961571],[-75.57686997031189,26.9467405157955],[-75.57687286195046,26.946722276835118],[-75.5768733497038,26.946698011981887],[-75.57687744281321,26.946685582125447],[-75.57688459811308,26.94667488363087],[-75.57688818582616,26.946669668121146],[-75.57689501789883,26.9466528589096],[-75.57689780033472,26.946649275711533],[-75.57690142961518,26.946644857315132],[-75.57690510046473,26.94664123603192],[-75.57691045279947,26.946635679159318],[-75.57691526635288,26.94663121086846],[-75.5769212374613,26.94662056401188],[-75.57692356588828,26.946608474648247],[-75.57692713749958,26.946602994112787],[-75.57693080931897,26.94659937278751],[-75.57694874347702,26.946590079215333],[-75.576959844155,26.946580811996185],[-75.57696253751362,26.946575633077334],[-75.57696283208314,26.94656443242177],[-75.57696428642078,26.946558241134294],[-75.57696696669441,26.946552798809204],[-75.57697148637207,26.94654834311486],[-75.57697767991993,26.946537844053577],[-75.57698293528884,26.946528935801897],[-75.5769846865501,26.94652273440817],[-75.57698619563244,26.946517605384955],[-75.57699099599695,26.946512871941714],[-75.57699561402794,26.946510277283995],[-75.57700103945132,26.946509287758346],[-75.5770032697453,26.946508881853553],[-75.57701591144809,26.946511803824546],[-75.57702771749432,26.946515825354957],[-75.57703355208248,26.946513712595014],[-75.57705109097024,26.946502568948983],[-75.57706409593762,26.946490022755015],[-75.57707218618143,26.946480085688712],[-75.57707482380734,26.946473844547253],[-75.57708250354219,26.94645619835076],[-75.57708572137012,26.946444071735034],[-75.57709006439815,26.946419642501642],[-75.57709144671303,26.94640652909283],[-75.57709189185056,26.946381467199405],[-75.57709060067124,26.94635727689189],[-75.5770902744204,26.94635116456432],[-75.57708696777853,26.946339316787526],[-75.5770828845007,26.946335229030574],[-75.57707770213521,26.946332787054732],[-75.57707187971597,26.946329572749686],[-75.57706854695961,26.946322790418716],[-75.57706669274724,26.94630475231541],[-75.57706459450266,26.94628219702541],[-75.5770646639922,26.94626674322339],[-75.57706566239612,26.946252046745343],[-75.57706407787971,26.94623906140934],[-75.57705948380173,26.94622540357889],[-75.57705888402667,26.94622313837118],[-75.57705836740976,26.946221188631583],[-75.57705696731423,26.946211658430233],[-75.57705532522857,26.946203204086693],[-75.57705590325128,26.946191722958186],[-75.57705708612137,26.946180482489495],[-75.57705634941885,26.94616666191743],[-75.57705669541447,26.946162034652748],[-75.57705686986968,26.946159711780282],[-75.57706443298696,26.946134344762136],[-75.57706297824039,26.94612934542819],[-75.57706082767413,26.946122510673817],[-75.57706143613126,26.946117154552265],[-75.57706233549285,26.946114690471227],[-75.57706329875757,26.94611205320835],[-75.57706558503975,26.946105789553624],[-75.57706640130095,26.94609882673661],[-75.57706320843754,26.946094701684984],[-75.57705921026177,26.946092208070482],[-75.57705288522249,26.94609101517186],[-75.57705230491935,26.94609090544397],[-75.5770466142293,26.946090085671003],[-75.57704253096693,26.946085997916505],[-75.57704097392636,26.946079136844354],[-75.57704064754103,26.94607302190739],[-75.57704386438638,26.946060895353924],[-75.5770448787931,26.946040870789734],[-75.57704298121604,26.946022038295418],[-75.57704290674974,26.94600392391638],[-75.57704746698809,26.946000265381336],[-75.57704987544626,26.94599972597261],[-75.57705334111442,26.945998948947093],[-75.57705210669425,26.94597582172693],[-75.57705323578682,26.945963518965467],[-75.57705278181636,26.945955013695762],[-75.57705320302841,26.945946204317934],[-75.57705393424808,26.94593764823925],[-75.57705463916233,26.945934154109903],[-75.57705534407653,26.945930659980622],[-75.57705515863867,26.94592720402111],[-75.57705497514695,26.945923747978274],[-75.577054748185,26.945919495780167],[-75.57705264220832,26.945913459761254],[-75.57704741728219,26.945910219846862],[-75.57704335139265,26.945902419208462],[-75.5770421183125,26.94590005616282],[-75.5770428008547,26.94589486381617],[-75.57704359708404,26.945888804770462],[-75.57705117743672,26.945869297628576],[-75.57706252796683,26.94584803107249],[-75.5770652251849,26.94584285199947],[-75.57706640814133,26.945831613290984],[-75.57706608175502,26.945825498360346],[-75.5770606835511,26.945813475435127],[-75.5770594821242,26.94580766722947],[-75.57705789747841,26.94579467930091],[-75.57705809168071,26.945781616861048],[-75.57705830003314,26.945768819530038],[-75.57705876383376,26.94576080809958],[-75.5770615036858,26.94575642784127],[-75.57706592291392,26.945750109465166],[-75.57706895643601,26.945734530375145],[-75.5770724459051,26.945688555476586],[-75.57707260734198,26.945658178415336],[-75.57707264616002,26.945636595301405],[-75.57706968908617,26.945620204936482],[-75.57706712997998,26.945605661010067],[-75.57706704489263,26.945604066873923],[-75.57706576047028,26.94560225843941],[-75.57706561854945,26.945599599511013],[-75.57706468371153,26.945598840696185],[-75.57706459848458,26.945597243943848],[-75.57706445670345,26.9455945876317],[-75.57706431580229,26.945591929533695],[-75.57706516555284,26.945591094212407],[-75.57706785896254,26.94558591705581],[-75.5770772233209,26.94557752405756],[-75.57708085152052,26.945573104843454],[-75.5770838140998,26.94556178810483],[-75.57708538077235,26.945552128993985],[-75.57708511024636,26.945547078904145],[-75.57708361082888,26.945535687741852],[-75.57708126379899,26.945530726673923],[-75.57707377476943,26.94551293282186],[-75.57707147125758,26.945508768780208],[-75.57706988661597,26.945495780867855],[-75.57706951782681,26.945488871494117],[-75.57707423052167,26.945471350816728],[-75.57707509140474,26.945465187618208],[-75.57707445394337,26.945453226329953],[-75.57708184588796,26.945430263393387],[-75.57708647348885,26.94541114858469],[-75.57709312186671,26.945390882538753],[-75.57710997153056,26.945327820440756],[-75.57711173301209,26.94532188434987],[-75.57711103778576,26.94530885919172],[-75.57710532844048,26.94529098818757],[-75.57710358991076,26.94528067189391],[-75.5771030791981,26.945271103601716],[-75.57710256839245,26.94526153356575],[-75.57710201513619,26.94525116820734],[-75.57710353536403,26.945240712208566],[-75.57710257068,26.94522263867407],[-75.57710583095015,26.945211308313937],[-75.57710783296461,26.94519310497341],[-75.57710775862336,26.94517499327237],[-75.57710669460812,26.945155058758004],[-75.57710563050036,26.945135122501192],[-75.57710578108288,26.945121261327756],[-75.57710717756837,26.945108413968274],[-75.5771156712582,26.945072618960197],[-75.57712450310537,26.945037604852875],[-75.57712673128721,26.94502365723714],[-75.57712607855844,26.945011428289153],[-75.57712459343529,26.94500030487613],[-75.57712070432346,26.94498315300211],[-75.57711770759332,26.94496596461957],[-75.57711729713856,26.94495825640935],[-75.57711825433111,26.9449539525877],[-75.57712145793987,26.94494156093846],[-75.57712326054855,26.944925231407655],[-75.57712167604986,26.944912246143534],[-75.57711642945482,26.944886362064878],[-75.57711546472565,26.94486828768485],[-75.57711300501327,26.944855605659214],[-75.57710975536575,26.94485041584135],[-75.57710571568295,26.944847125134253],[-75.57709856836783,26.944841305273147],[-75.57709838525355,26.944837874577395],[-75.57709829881654,26.944836255156453],[-75.57709816667149,26.944817078734904],[-75.57709960569628,26.944805028457093],[-75.57710379785837,26.94479445705356],[-75.57710347165968,26.94478834563741],[-75.57709675406869,26.944751602403887],[-75.57709313447977,26.944739499788827],[-75.57708575745106,26.944717773180276],[-75.57708502046302,26.944715604771744],[-75.57708157211265,26.944701100772125],[-75.57707782591827,26.94468660779411],[-75.57707628300246,26.94467441964873],[-75.57707597188303,26.944668572428625],[-75.57707798934354,26.94465623164675],[-75.5770815738899,26.944651013681966],[-75.57708466829645,26.94464945805486],[-75.57708736477132,26.944648103039626],[-75.57709973647925,26.94464597224815],[-75.57710552541349,26.944643061688197],[-75.57710693521338,26.944636073466032],[-75.57710539326695,26.94462388528194],[-75.57710597053617,26.944617999976547],[-75.5771056016549,26.944611088883875],[-75.57710428671649,26.944603153747998],[-75.57710346377439,26.944587735689943],[-75.57710371470604,26.944575736358484],[-75.57710413590462,26.9445669270304],[-75.57710669129399,26.94455909168275],[-75.57710739619313,26.94455559757284],[-75.5771083572734,26.94455129359158],[-75.57710906221892,26.94454780035382],[-75.57710971042417,26.94454324407264],[-75.57710845116058,26.944536370280037],[-75.5771048468894,26.944524536229487],[-75.57710002599349,26.944506627196144],[-75.57709609733456,26.944488679038415],[-75.5770957285479,26.944481769693468],[-75.57709085184347,26.94446279670588],[-75.57708936654991,26.9444516698292],[-75.57708858522918,26.944437049758676],[-75.57708973762988,26.9444196844102],[-75.5770900736496,26.944409279215368],[-75.57709441748717,26.944384849272573],[-75.5770993864286,26.944366521418967],[-75.57710172812791,26.944360292140594],[-75.57710892882749,26.944350394158523],[-75.57711073672216,26.944345254988615],[-75.57711218905949,26.94433906383887],[-75.57711362807305,26.94432701358453],[-75.57711208316616,26.944314824669142],[-75.5771075914909,26.944303028674362],[-75.57710726524746,26.944296916398493],[-75.57710698145435,26.94429159944246],[-75.57711086154029,26.944275181764258],[-75.57710900454158,26.94425714568311],[-75.57710664622525,26.944251917666122],[-75.57709918590018,26.94424025069314],[-75.57709801274862,26.9442349718665],[-75.57709879816497,26.94421069449546],[-75.57710020795746,26.944203706285823],[-75.57710294779787,26.94419932692646],[-75.57710431518613,26.944191544269835],[-75.57710209209165,26.944166594373307],[-75.57709939124831,26.94414939423844],[-75.57709962802909,26.944137129822266],[-75.57710280321348,26.94412420625845],[-75.57710332364616,26.944117256179478],[-75.57710341850687,26.944102332852925],[-75.57710170625938,26.94408695382693],[-75.57710016427836,26.944074764798245],[-75.57709895991012,26.944068955887754],[-75.577091176189,26.94405117478395],[-75.57708337433633,26.944033126997304],[-75.57708024762555,26.94402801059204],[-75.5770771860887,26.944023000649654],[-75.57707714354581,26.944022203586748],[-75.57707615217409,26.943947918164064],[-75.57707619547813,26.943898627461312],[-75.57708239806507,26.943891207406345],[-75.57711084529234,26.943857181045125],[-75.5771047334359,26.943815084623175],[-75.57708730676129,26.943791317994066],[-75.57706426967026,26.94375990005188],[-75.57705567949827,26.94374818626757],[-75.57703626700777,26.94370745896205],[-75.57703001319531,26.943662701909915],[-75.57703932202479,26.94361994441761],[-75.5770599794322,26.943601406412608],[-75.57706769195448,26.943594484524443],[-75.57710588829387,26.943569403107922],[-75.57715355043236,26.943554571447496],[-75.57722111127507,26.943539420693064],[-75.57728197754908,26.94352135787486],[-75.57736851494295,26.94349420378062],[-75.57743083362735,26.943469953227293],[-75.57748222517392,26.943458157043565],[-75.57755855561328,26.94344023338921],[-75.57762884634985,26.943437219528544],[-75.57769071900836,26.94343803044222],[-75.57776498095524,26.943453759853043],[-75.5778568283757,26.943475930359867],[-75.57797383515032,26.943518333988212],[-75.57811168259607,26.943605935302926],[-75.5781262438175,26.943613600414466],[-75.57814521236031,26.943623587684833],[-75.57819824066019,26.94365150876173],[-75.5782828757996,26.943683312595244],[-75.57837941232555,26.94370421520104],[-75.5784578373522,26.9437088433781],[-75.57854060211113,26.943722344955187],[-75.57862760522798,26.943742857289294],[-75.57871696870227,26.943768596556698],[-75.57878125064175,26.943797809890253],[-75.57883503480097,26.94380855624932],[-75.5788673312475,26.943801043045152],[-75.57892509840899,26.943814017804588],[-75.57894155423908,26.943815976118874],[-75.5789435611504,26.943814511654313],[-75.57895900715151,26.943803238994338],[-75.5789984316192,26.9437789021113],[-75.57900090295864,26.943755196610788],[-75.57900295219535,26.943735549101508],[-75.5789859764817,26.943729352077572],[-75.57897616932779,26.943707126820755],[-75.57897108397644,26.943702627662454],[-75.57894372036976,26.9436784152626],[-75.57889446650248,26.943657881911616],[-75.57885958265285,26.943655914216897],[-75.57882183241979,26.94365593555608],[-75.57877968531511,26.943640424706025],[-75.57874468224271,26.943619548408172],[-75.57872777101292,26.94359300582493],[-75.5787268385464,26.943591542443134],[-75.57872297267998,26.943558137551356],[-75.57866088672039,26.94349766300005],[-75.57863969586512,26.94347938983936],[-75.57862745969464,26.943500694393407],[-75.5785762611206,26.943499426302882],[-75.57852131153469,26.94349251096268],[-75.57851702181117,26.94349197121815],[-75.57848468631373,26.94348790125658],[-75.57839546670897,26.943476009407426],[-75.5783286887564,26.943455695895313],[-75.5782822464209,26.943433601246426],[-75.5782701272496,26.94342783564575],[-75.5782428116979,26.943415952177332],[-75.5782138247954,26.94340334236437],[-75.57821316875398,26.943403055838402],[-75.57819616496705,26.943395617861338],[-75.57815570464076,26.94337792009228],[-75.57815447342266,26.94337738203025],[-75.57810750851408,26.943343962752685],[-75.57806279730363,26.943302721930678],[-75.57801613934946,26.94326396210436],[-75.57796891163596,26.943208975426202],[-75.57792966579865,26.94315870811182],[-75.57790748023957,26.943105045129595],[-75.57788618767783,26.94306812741919],[-75.57783975491425,26.943033618028757],[-75.57781283826024,26.94298042538478],[-75.57780270853765,26.942951893655465],[-75.57779709327161,26.942936077225138],[-75.57780753243865,26.942915709081145],[-75.5778084015818,26.94291401373618],[-75.57777686137139,26.942902310447355],[-75.57777276736697,26.942896247012808],[-75.57774329314184,26.942852598563338],[-75.57772969196208,26.942792706138658],[-75.57773289585172,26.942730229670687],[-75.57773304989952,26.942729425056534],[-75.57773579334012,26.94271513992526],[-75.57774429398863,26.942670863100037],[-75.5777638367928,26.942602625310307],[-75.57776737356778,26.942555921716266],[-75.57776836952942,26.94254275426656],[-75.57777383610589,26.94253221917799],[-75.57779720884244,26.94248716832138],[-75.57780075101093,26.942425476303367],[-75.57779945138768,26.94240113117374],[-75.57779716102308,26.942358226998188],[-75.57780311317649,26.942325530537385],[-75.57781132375867,26.942280425375905],[-75.57781417047967,26.94226478718026],[-75.57783482457192,26.94217838453667],[-75.57783149307349,26.94215640607928],[-75.57782427101509,26.942108772419196],[-75.57780348585386,26.942064637927654],[-75.57778906063714,26.94206830166326],[-75.57774541733777,26.942079384663707],[-75.57774402787454,26.942079626918947],[-75.57773281853156,26.942081582960167],[-75.57771302119349,26.94208503651497],[-75.57768514047814,26.94208623200374],[-75.57765175412133,26.942078869750937],[-75.57761045509613,26.94206252678273],[-75.57757649547837,26.942053176150942],[-75.57756942445533,26.94205122953653],[-75.57751852430587,26.942038761182605],[-75.5775014902894,26.942041200310502],[-75.57738046564376,26.94205853252],[-75.57733979536546,26.94207066695399],[-75.57733564447783,26.942071356241335],[-75.57725552717706,26.942084668850573],[-75.57719295079266,26.942087352605526],[-75.57716599519694,26.94210582580505],[-75.57715430593937,26.942126307712673],[-75.57715084153674,26.942128329328277],[-75.57712720636493,26.94214212035303],[-75.57710127231041,26.9421438658966],[-75.57706659160438,26.94214620143603],[-75.57706175033142,26.942146526987596],[-75.57725277960392,26.94171021425824],[-75.57734052131597,26.941577510314776],[-75.5774043114576,26.94152626393718],[-75.57742004411273,26.9415136245601],[-75.57746660747489,26.941455267825813],[-75.57748426665344,26.94143313672816],[-75.5775122649379,26.94139804685004],[-75.57751557731913,26.941393196337565],[-75.57753652717741,26.941362520185553],[-75.57755298605498,26.94133842062683],[-75.577559684034,26.941328611576036],[-75.57760567283968,26.94126210798923],[-75.57760714943637,26.941259972312928],[-75.5776185739189,26.941246209192443],[-75.57766607967844,26.941188978853916],[-75.577696249092,26.9411691519607],[-75.57775194574897,26.941132548339436],[-75.57779176192699,26.941098871068455],[-75.57781304663816,26.941102221095914],[-75.57783642955577,26.9410892300205],[-75.57783177558404,26.941073844482784],[-75.57783173639902,26.941073713308135],[-75.57782070693136,26.941067526905304],[-75.57782093733599,26.94106617973618],[-75.57782817951887,26.94102378128971],[-75.57785285930463,26.940996081237458],[-75.57788268470816,26.940998000428387],[-75.57789175038091,26.940984024652202],[-75.57787768038193,26.940976636595483],[-75.57788180103029,26.940959141571163],[-75.57791816162114,26.940938668052073],[-75.57794218300312,26.94093763797746],[-75.57795127598963,26.94092419244631],[-75.57794237213545,26.940902196964547],[-75.57794171945106,26.94088997084575],[-75.57798453264196,26.94086229205436],[-75.57801827315288,26.940876297417493],[-75.57802805709548,26.940864688336912],[-75.5780087316693,26.94084234001926],[-75.57802143514843,26.94081302433894],[-75.57804816493248,26.940790297061895],[-75.57807987632992,26.94082197343944],[-75.57812041785728,26.940801851976584],[-75.57812020133184,26.940781081729543],[-75.5781392228624,26.940719791764533],[-75.57815928396914,26.94064460100978],[-75.57816760702417,26.940600020960144],[-75.57820268547067,26.940538840436492],[-75.57825436150756,26.940493467544268],[-75.57828928994208,26.940457335657527],[-75.57832216606243,26.940443937363685],[-75.57834745939525,26.94044444951029],[-75.5783555469331,26.940434513537678],[-75.57835003352824,26.940403579857858],[-75.57837602326724,26.940367032419996],[-75.5784179814711,26.940317813517886],[-75.57846488760376,26.940277704066773],[-75.57850196345068,26.940248406816497],[-75.57852851516063,26.94025579435327],[-75.57853153079866,26.940251287812252],[-75.57853567365926,26.940245098466875],[-75.5785347761242,26.940239886586266],[-75.57853007211783,26.940212569975287],[-75.57855131644205,26.940176226033905],[-75.57856659739306,26.94016182022179],[-75.57858980475355,26.94013994139427],[-75.5786493767101,26.940097693522638],[-75.57867860243076,26.940066067951633],[-75.57871698197741,26.940044442125345],[-75.57875435083024,26.94000394274403],[-75.57881577692096,26.939979729775203],[-75.57882780156403,26.939973159534382],[-75.57882798821333,26.9399730571322],[-75.57886921011088,26.93995053056528],[-75.57893266791952,26.939925430630627],[-75.57893890909435,26.939937681830592],[-75.57893997234538,26.939939768886948],[-75.57893173084926,26.93996356680923],[-75.57892248971277,26.939990870564078],[-75.57891564457226,26.94000741523072],[-75.57892879613243,26.94001990407272],[-75.57895659991713,26.940011784713114],[-75.57898893064831,26.93997150395987],[-75.57899784621601,26.939938085383186],[-75.57902158838847,26.93994852481669],[-75.57902883341188,26.939932712046705],[-75.57902930851328,26.939931674283265],[-75.57903943322584,26.939920881728973],[-75.57905040132954,26.93990919119258],[-75.57909204044047,26.939876235050964],[-75.57909229609973,26.9398753430507],[-75.57910030702546,26.93984737447011],[-75.57915062318655,26.939832163243523],[-75.57918792279182,26.93984247558711],[-75.57920734220187,26.939847844783767],[-75.57920743176003,26.939835770428317],[-75.57920744996984,26.939833189476612],[-75.57919563752853,26.939806787935236],[-75.57927058399862,26.93980197530392],[-75.57928538619879,26.939808977719945],[-75.57931602211355,26.939823470588973],[-75.57931769414077,26.939799155575734],[-75.57938639557037,26.939783152934325],[-75.57942705610135,26.93978753660105],[-75.57947084041623,26.939811499378756],[-75.5795125117722,26.9397958599315],[-75.57957267511901,26.939803667842593],[-75.57959301547304,26.939822774971077],[-75.57961007498396,26.939819380793896],[-75.57961191106003,26.939816637073744],[-75.57961723319725,26.939808683101298],[-75.57961843808376,26.93980900287961],[-75.57966818906955,26.93982221498369],[-75.57969770102412,26.939831163833002],[-75.57970051817162,26.93983201753216],[-75.57972360353007,26.93984896511246],[-75.5797258883066,26.939850642272482],[-75.5797287889425,26.93985030194421],[-75.57974201100706,26.939848752281346],[-75.57978091828566,26.939844190904893],[-75.57978319381522,26.939843923717167],[-75.57984176217035,26.939855262844084],[-75.57985034856446,26.939859072389584],[-75.57990417749453,26.93988295715878],[-75.5799755142855,26.93989960798361],[-75.58005048328893,26.939928628819576],[-75.58011710387426,26.939951612423197],[-75.58018932208944,26.939984744683308],[-75.58021949164795,26.9399994845428],[-75.58025799442076,26.940018295620217],[-75.5803312767115,26.940071364499968],[-75.58039811557437,26.94011511718984],[-75.58045560612027,26.940161937672496],[-75.5805249583764,26.940197057029998],[-75.58059493405561,26.940238277513743],[-75.58064430212251,26.940277720776162],[-75.5807115531568,26.940329182161275],[-75.58078714049987,26.940386412837782],[-75.5808610410471,26.940434392424624],[-75.5809336292015,26.940474434273998],[-75.5810235918688,26.94053371375269],[-75.58111038971151,26.940583804671956],[-75.58120087560005,26.94063613388317],[-75.581265413873,26.94068691252589],[-75.58133882033276,26.94071999306956],[-75.58137286841931,26.94076195702259],[-75.58137122783995,26.940803586571963],[-75.58134965797441,26.940833816446276],[-75.58132099665066,26.940859289937524],[-75.58132265822702,26.94089038886647],[-75.58136061283206,26.94091646722067],[-75.58140594494706,26.940913722780824],[-75.58144611347285,26.94088668904882],[-75.58148145348461,26.940847076987357],[-75.58151633792141,26.940810145941278],[-75.58153946989736,26.940809153128157],[-75.58155821622476,26.94087068989275],[-75.58157788154767,26.94089941572488],[-75.58163353077589,26.9408727838158],[-75.5816774789665,26.940866369962265],[-75.58172692594269,26.940834942604344],[-75.581769151762,26.94082323424242],[-75.58177466973353,26.940821703811057],[-75.58180507453989,26.940822145112474],[-75.58182107868144,26.940822376797268],[-75.58187106444039,26.94083994363438],[-75.58189337937114,26.940849156210234],[-75.58191078194652,26.940856340329965],[-75.58191665761326,26.940858766204006],[-75.58192352807484,26.94086046325099],[-75.58202690550479,26.940886003034638],[-75.58223834262047,26.941010131679356],[-75.58228177636451,26.94102744903452],[-75.58230872704608,26.94104787321262],[-75.5823316119033,26.941058879251596],[-75.58238483627404,26.941098153640404],[-75.58239194299091,26.94110317588039],[-75.5823951767705,26.94110810129117],[-75.5823992590336,26.94111218790199],[-75.58241245496949,26.941125474200703],[-75.58242481455561,26.941139862740282],[-75.58242487096574,26.941139932864644],[-75.5824359787581,26.94115403688535],[-75.58243926916809,26.941160021833017],[-75.5824469573951,26.941175942957816],[-75.58245020812855,26.94118113072912],[-75.58245518069253,26.94118517911928],[-75.58246711418124,26.941191594528625],[-75.58247979878418,26.941195312719383],[-75.58249785027827,26.941204928461307],[-75.58250451619989,26.94120730464633],[-75.58253191530619,26.941213854993723],[-75.58254369443556,26.94121334931581],[-75.58254644996951,26.941213231020548],[-75.58256108024597,26.941214469033202],[-75.58257358015437,26.941214731288344],[-75.58258688024806,26.941213360555444],[-75.58259289786882,26.941214700849823],[-75.58260475002112,26.941219521101036],[-75.58260968004336,26.941222773304556],[-75.5826159112564,26.94123369361088],[-75.58261825457492,26.941238653749608],[-75.58261869070385,26.94124068292128],[-75.58262063382455,26.94124974204644],[-75.5826230340515,26.941255766955297],[-75.58262622803241,26.94125989256852],[-75.58263200464097,26.941262306924525],[-75.58263882731593,26.941262014020275],[-75.5826419246818,26.941260646016786],[-75.58264550417846,26.941259065898173],[-75.58265276151613,26.94125022799096],[-75.58265821149713,26.94124653103726],[-75.58266028787838,26.941246441895586],[-75.58266592251925,26.941246199993145],[-75.58268693563124,26.941244498989818],[-75.58269208340991,26.94124459963735],[-75.5826997303639,26.94124474857143],[-75.58270437590987,26.941245524568096],[-75.58271622741137,26.941247504177415],[-75.58273357099496,26.94124942106078],[-75.58274140801211,26.941251483864043],[-75.58275010772618,26.941252973837553],[-75.58275905049457,26.941253391406665],[-75.58276769149337,26.941253819308464],[-75.58277332613446,26.94125357739966],[-75.58277933534927,26.941251165753883],[-75.58278001989282,26.941250890757107],[-75.58280212073826,26.941247280432062],[-75.58280987431438,26.941247745555486],[-75.58282956341216,26.941254626832265],[-75.5828351127105,26.941252788201187],[-75.58284174969573,26.941249039400716],[-75.58284728496378,26.941246938282735],[-75.58286266347831,26.94124548002584],[-75.5828761657356,26.941242235353492],[-75.58288849134986,26.941239309529703],[-75.5828971352668,26.941239737294424],[-75.58290315284842,26.941241076697246],[-75.58291301287493,26.941247580201733],[-75.58291997363202,26.94124994370035],[-75.58292679630478,26.94124965077545],[-75.58294098965833,26.94124824251559],[-75.58295378439243,26.941248492063032],[-75.58296035109662,26.941249011627974],[-75.58296642545274,26.941251413180414],[-75.58297139809522,26.941255462416816],[-75.58298244226994,26.941261915073955],[-75.58298813368391,26.941262735305955],[-75.58299593102522,26.94126400091187],[-75.58301524972494,26.941263970345794],[-75.58302762085978,26.941261841429572],[-75.58303448613667,26.941262345548125],[-75.58304637791564,26.94126796117776],[-75.58306024670011,26.941271628450853],[-75.58306136312852,26.941272390759533],[-75.58306611154309,26.941275638501857],[-75.5830760701794,26.941284004725162],[-75.58308222794375,26.94128800307269],[-75.58308913485442,26.94128930428037],[-75.58310257804757,26.941290592305453],[-75.58311729633567,26.941293421594],[-75.5831241161392,26.94129312965226],[-75.58314507437812,26.94129036543829],[-75.5831655239116,26.941294814734455],[-75.58318564964986,26.941293151721595],[-75.58320686098006,26.941289575998336],[-75.58321913277875,26.94128558872433],[-75.58323455283335,26.94128492575599],[-75.58323755106811,26.94128409341058],[-75.58325271324411,26.9412798832596],[-75.58327061954022,26.94127565142539],[-75.58328717075462,26.941273873539647],[-75.5833082284127,26.941272969366512],[-75.58332162904686,26.941273461181495],[-75.58333629056199,26.941275228282578],[-75.58335017353289,26.941279160615846],[-75.58336196595256,26.941282917001875],[-75.58338157179423,26.941288203107646],[-75.58339191353586,26.94129163982134],[-75.58340003225975,26.941294338145664],[-75.58340782553266,26.94129560039689],[-75.58342028284976,26.941295065489793],[-75.58343213502008,26.941299884767606],[-75.58344515720793,26.9413043889672],[-75.58345172378041,26.941304905882244],[-75.58346347554709,26.941307865121402],[-75.58347707425877,26.941306479692926],[-75.58348256690536,26.941303581486338],[-75.58348510886992,26.941298701775697],[-75.58348526362137,26.941298404072395],[-75.58348893390226,26.94129478261496],[-75.58355299744223,26.941303219532536],[-75.58355985897414,26.941303726396505],[-75.58357348975186,26.94130846840852],[-75.5835873169327,26.941311338512577],[-75.58359220337373,26.94131379278509],[-75.58359632934075,26.94131867722944],[-75.58360236111295,26.941320281690817],[-75.58361109741078,26.94132035755294],[-75.58361782382744,26.941320416583423],[-75.58363036650641,26.941321478367126],[-75.58364367053832,26.941320108190848],[-75.58365593921367,26.941316117497188],[-75.58366182995748,26.941315065657463],[-75.58366717756527,26.94131483602145],[-75.58366746460025,26.94131482369563],[-75.58367250474004,26.941314607262576],[-75.58368966462888,26.94131306887975],[-75.58369176629519,26.94131279595353],[-75.5837203657485,26.94130908815129],[-75.58373471274568,26.9413050081992],[-75.58376678028475,26.94129324043664],[-75.58378776435829,26.94128541422695],[-75.58380544325577,26.941276929319134],[-75.58381871518861,26.941269431665297],[-75.58383163556212,26.9412608853894],[-75.58383734056613,26.941256377659236],[-75.58384726577566,26.94124742596091],[-75.58385207955733,26.941242957376502],[-75.58385799147418,26.94123124733765],[-75.58385976440351,26.941208791181815],[-75.5838629667626,26.941196399496715],[-75.58386566344906,26.94119122207426],[-75.58386939880393,26.941172145502076],[-75.58386878875442,26.941160716419038],[-75.58387501173952,26.94114926135711],[-75.58388465170496,26.941134992833817],[-75.58388660278432,26.941132906601133],[-75.58389477625222,26.94112416997638],[-75.58391322705263,26.941107924441074],[-75.58392898607829,26.9410968569886],[-75.58394240011937,26.94109201819184],[-75.58395560470657,26.941088788770823],[-75.58398287363805,26.941085514743012],[-75.58399016156893,26.941084639747533],[-75.58406514965799,26.94108062044884],[-75.5840957192697,26.941079307597445],[-75.58409984866783,26.941079130254344],[-75.58411278553493,26.941082038514235],[-75.58412532706879,26.941083097657327],[-75.58413854568067,26.941080130696893],[-75.58415307641347,26.941079506645817],[-75.58416566070252,26.941081365449783],[-75.58418197201932,26.941080664923224],[-75.58419175939306,26.94108024458085],[-75.58420510501553,26.94107967141929],[-75.58423101698142,26.94107509470489],[-75.58423366529246,26.9410740107717],[-75.58424992545281,26.941067355790317],[-75.58427535586844,26.941059335891516],[-75.58429059516658,26.941055220155846],[-75.58429737214135,26.94105412759224],[-75.58430334725622,26.941054672471697],[-75.58431001322086,26.941057048528812],[-75.58431608871699,26.941059452567504],[-75.58432172236587,26.941059210608994],[-75.58432680607676,26.941059791149662],[-75.58433244069862,26.941059549148726],[-75.58434879559928,26.94105964560177],[-75.58437202716317,26.941060513917076],[-75.58438444441981,26.94106209405215],[-75.58439237729677,26.941063103743634],[-75.58439839489073,26.941064443050962],[-75.58440162878885,26.941065902790857],[-75.58440539936097,26.94106760519139],[-75.58441198306005,26.941068387888276],[-75.58441243367253,26.941068297736624],[-75.58441874497963,26.941067031999903],[-75.58442816477017,26.94105970058632],[-75.58443460347438,26.941057826283373],[-75.58445848263646,26.941054135695794],[-75.58447757679455,26.94104985174027],[-75.5844957787131,26.941045606103167],[-75.58453311466796,26.941037877159495],[-75.58457035453247,26.9410338775229],[-75.58457717625322,26.94103358539379],[-75.58458389948592,26.941031433149014],[-75.58458850163967,26.941028570505225],[-75.58459519350846,26.941025886437217],[-75.58460932985459,26.941023413162185],[-75.5846190726994,26.9410221966819],[-75.58463445298769,26.941020736312396],[-75.5846497308471,26.941017415120545],[-75.58466204598031,26.94101422205665],[-75.5846753925607,26.94101364878751],[-75.58470027409321,26.941006453852633],[-75.58471343587283,26.941002424661843],[-75.58472973131515,26.94099586510191],[-75.58474092576375,26.940988456556607],[-75.58474812497008,26.940978554645866],[-75.58474837575618,26.94096655717483],[-75.58475162062891,26.940954963393622],[-75.58475759015593,26.940944315422154],[-75.58476126035958,26.940940693920894],[-75.58477245873567,26.94093328607848],[-75.58477914957,26.940930601168336],[-75.5847981849821,26.940925255955236],[-75.5848085925756,26.94091974729478],[-75.58481794098026,26.94091668076988],[-75.584828487741,26.94091382935425],[-75.58484189635129,26.94090949236752],[-75.58484748242265,26.940907686126852],[-75.58486732073655,26.9409007051556],[-75.5848711046415,26.94089899118378],[-75.58489460113083,26.940888346390015],[-75.584923111005,26.940876730187973],[-75.58493075188922,26.94087373874711],[-75.58493590725732,26.940871720253643],[-75.58494756769707,26.940867154176736],[-75.5849596970107,26.940860505204288],[-75.58497400030768,26.940855628937808],[-75.58500056472018,26.940846495543678],[-75.58504628847848,26.940834408195663],[-75.58506923462815,26.940829958653122],[-75.58508841213926,26.940827271376378],[-75.58510843721943,26.940823747058555],[-75.58512936477088,26.940820448805212],[-75.58513608796925,26.940818296523297],[-75.58514742746446,26.940813546674235],[-75.58516934306586,26.94080647640513],[-75.58518706432488,26.940798788306093],[-75.58523101463167,26.94078384811869],[-75.58523640236797,26.94078201716168],[-75.58525628328671,26.940775834033587],[-75.58527537747054,26.94077155253901],[-75.58528507745945,26.940769535455086],[-75.5852944685933,26.94076726854994],[-75.58530026998675,26.940764620065174],[-75.58531789271733,26.940755071830804],[-75.5853434358722,26.940743583826983],[-75.58536248435675,26.940738502776355],[-75.58537847069249,26.940731690676273],[-75.58538525068188,26.940730600527388],[-75.58540974795126,26.940721821535092],[-75.585434360112,26.94070957462362],[-75.58544733599729,26.94070208946752],[-75.58545391405384,26.940697278427358],[-75.58546144114926,26.94069349120524],[-75.58548040440279,26.94068681690768],[-75.5854926189923,26.94068176371268],[-75.58550961859208,26.940671706423547],[-75.58551971423267,26.940665946252942],[-75.58553787337269,26.94066090337514],[-75.58554247644146,26.94065804064778],[-75.5855490706129,26.94065349461959],[-75.58554645197825,26.940647438093347],[-75.58554466130353,26.940643295996594],[-75.58561073145073,26.94061701289911],[-75.58561103443155,26.94061689761871],[-75.58568726471854,26.940587939527006],[-75.58571590162188,26.94057706144858],[-75.5857312089234,26.94057130284838],[-75.58584061416329,26.940530144049546],[-75.58586405606464,26.94052121799607],[-75.58599676016497,26.940470686350793],[-75.58605808651163,26.940446426539797],[-75.58606778472058,26.940442590560643],[-75.58610799882177,26.940421948275713],[-75.58612205351817,26.94041357584405],[-75.58615668233236,26.94039294889844],[-75.58620733118967,26.940367328022898],[-75.58625062184305,26.940343090510964],[-75.58625428836744,26.940339948966614],[-75.58631113539114,26.940291242969234],[-75.58634149789852,26.940326481304595],[-75.58644169946459,26.940442121027278],[-75.58650459942145,26.94052178396671],[-75.58732200618701,26.940162334325628],[-75.5883984492451,26.93921606600822],[-75.58848600438539,26.939139098845935],[-75.58877946180156,26.93884340791023],[-75.58976684058496,26.9378959567552],[-75.59001717390433,26.937645866016968],[-75.59028016991653,26.937383127341228],[-75.5902816787765,26.937381620277655],[-75.59028323853369,26.937380062078752],[-75.59028336166894,26.93738013981591],[-75.59028347979935,26.93738021514632],[-75.59109902459106,26.937897270255977],[-75.5922951486805,26.93865558990043],[-75.59230091083866,26.938659242790155],[-75.59252078107465,26.938798633010908],[-75.59335257029976,26.93851000291885],[-75.5972720311934,26.93714983519038],[-75.59724613992408,26.937310342626095],[-75.59719108944066,26.937651617291902],[-75.59706406236498,26.938385988576854],[-75.5969679589156,26.938909131447314],[-75.5968396158025,26.93963483012203],[-75.59677851213979,26.94000190383393],[-75.59661277121016,26.940910983725157],[-75.59653154355664,26.94141856250168],[-75.59650534344824,26.941582280406937],[-75.5964269953859,26.941984167677113],[-75.59627358436036,26.942911120145833],[-75.59614044006501,26.943664250906963],[-75.59609582972234,26.943915953653065],[-75.59606931581963,26.94406579766592],[-75.59604521247032,26.944242718752466],[-75.59591843222213,26.944994579968732],[-75.5959109848763,26.945018241842558],[-75.59584977532276,26.945390259650033],[-75.59580276175728,26.9456759936428],[-75.59575179744857,26.945969759482125],[-75.59573421844199,26.94608145464345],[-75.59570914065294,26.946240794215708],[-75.59569723650839,26.9463040093736],[-75.5956161394485,26.946734674815477],[-75.59553271025116,26.947227128386416],[-75.5954611324218,26.947634530802553],[-75.59549484155326,26.94762201770788],[-75.59589334784222,26.947474090997098],[-75.59639690988382,26.94726849457478],[-75.59664075193514,26.947160733471158],[-75.59687479807117,26.94707771755013],[-75.59706099470965,26.947029028982676],[-75.59734846143228,26.94699202417405],[-75.59745595366881,26.947230656347717],[-75.59767145727625,26.94773023234421],[-75.59812280301321,26.94869248633584],[-75.59888671136106,26.950393460305055],[-75.59980270995622,26.950046820998242],[-75.60060048438541,26.94974174972252],[-75.60109940423301,26.94956648364141],[-75.60108082902138,26.949931545936444],[-75.60108595417334,26.950112905541857],[-75.60110432074283,26.95031402824214],[-75.60117903535438,26.950596956510353],[-75.60129748151985,26.950911791614608],[-75.6014847807882,26.951397182803237],[-75.60155153451966,26.951639236636545],[-75.60157703920711,26.951731718213573],[-75.6014596633098,26.95172238030033],[-75.60116474701685,26.951698917625254],[-75.60091269694124,26.95169538725649],[-75.60090199654319,26.951813405696935],[-75.60088912334065,26.95196260509699],[-75.60085411474623,26.952023512942926],[-75.6008085583103,26.952055789169762],[-75.6006362958131,26.95213586105093],[-75.60020546054892,26.952278751863894],[-75.59968690529037,26.952507973534907],[-75.59925990784943,26.95269672466333],[-75.59911263220492,26.95276395327969],[-75.59841990767352,26.953054521840862],[-75.59841785006788,26.953055384959896],[-75.59834948354072,26.953090879838616],[-75.59824690900776,26.95314413580987],[-75.59800738109672,26.95323985466995],[-75.59772817175649,26.953351429929008],[-75.59730559600152,26.95352500869632],[-75.59711746092799,26.95360875198485],[-75.59686038504499,26.953710348808944],[-75.59686341637827,26.953726656558345],[-75.59713966628628,26.955212958379967],[-75.59723789252347,26.955607906820003],[-75.59727217560928,26.95574574952852],[-75.5975083712765,26.956392523676215],[-75.59768157913756,26.956866818945393],[-75.59783791060802,26.95768319326853],[-75.59762940759947,26.958567934305975],[-75.59762572968398,26.958583617093925],[-75.597624996996,26.958586742163373],[-75.59747890528283,26.95920974448642],[-75.59700978026723,26.95993326003835],[-75.59680257972971,26.96023360713057],[-75.59678535464474,26.96025857539755],[-75.59632231271372,26.960755532731532],[-75.59632032219628,26.960757669156028],[-75.59577212176679,26.961017835686828],[-75.59553786375076,26.96112900949705],[-75.59520086982899,26.961288937488906],[-75.59487781009821,26.96140495582086],[-75.59361069801427,26.961860008554627],[-75.59348894727005,26.96188300636866],[-75.59336995744533,26.961905482233924],[-75.5930787709151,26.961960483689484],[-75.59297466204482,26.961964336125327],[-75.59289947897523,26.961967118567664],[-75.59207615758665,26.961997584498725],[-75.59149464306334,26.962019103497777],[-75.59136490967062,26.962023903463248],[-75.59134868038392,26.9620290412559],[-75.59040234166835,26.962328598418917],[-75.58981239461636,26.96281105673747],[-75.5897863552491,26.962832351287716],[-75.58978300587596,26.962839830124004],[-75.58972653795776,26.962965920358084],[-75.58970170606028,26.963021369432166],[-75.58949724280329,26.963477924402795],[-75.58947434846921,26.96352904717943],[-75.58955108927583,26.96492939413004],[-75.5894142366806,26.96600986280778],[-75.58940856872105,26.96601379798528],[-75.58940828843461,26.966013992731],[-75.58938198773907,26.966221635786287],[-75.58932591910914,26.9661738181383],[-75.58911381560578,26.967754561762913],[-75.58824248384725,26.96737954891554],[-75.58869131277422,26.966511782805938]]]}},{"type":"Feature","properties":{"Ward_Num":24,"Shape_Leng":74725.4721772,"Shape_Area":167859894.15},"geometry":{"type":"Polygon","coordinates":[[[-75.63064579936018,26.9487922408638],[-75.63064284843303,26.948789833271864],[-75.63040602846525,26.94859660778765],[-75.6301554449172,26.94839215049398],[-75.62989146943038,26.948187172968357],[-75.62963924200537,26.947990377686676],[-75.62955212804619,26.947918773184767],[-75.62929703484302,26.947714345013896],[-75.62872924883358,26.94725676088732],[-75.62849421314955,26.94705138011338],[-75.62811881926461,26.946717689810924],[-75.6274741735555,26.946171508260196],[-75.62660197591062,26.945401098969473],[-75.62619725414541,26.9450436027124],[-75.62595533790494,26.944844379137635],[-75.62551265565118,26.944475051410564],[-75.62540869136842,26.944390655201218],[-75.62495949567342,26.944042928040417],[-75.62478467262392,26.94390759467329],[-75.62426473077413,26.943483678503288],[-75.62384096016747,26.94316201055289],[-75.62367966084723,26.943066771445398],[-75.62361417453124,26.943028104752948],[-75.62333729758865,26.942849970214716],[-75.62292390459334,26.942622007135753],[-75.62252099748882,26.942394517151147],[-75.62230452440208,26.942203798175655],[-75.6222167130601,26.94209275779923],[-75.62218536677491,26.942053120037052],[-75.62186898917432,26.941656425465002],[-75.62173605347849,26.94148394287386],[-75.62146107735468,26.94112716321068],[-75.62134444116653,26.94099190334272],[-75.62121141413229,26.940838001945096],[-75.62094788048704,26.940574303420217],[-75.62079915151024,26.94042547963335],[-75.62076269945402,26.940380601834],[-75.62046351804754,26.940084087033544],[-75.62000236272114,26.93959329315419],[-75.61964928758462,26.939244265607616],[-75.61964340132533,26.93923844677144],[-75.61961332813851,26.939215207747882],[-75.61933562506994,26.93900060921803],[-75.61891574156229,26.93866322862226],[-75.61861954068627,26.938430668267365],[-75.61846324609498,26.938332257064566],[-75.6184626565694,26.938285363303784],[-75.61845305391824,26.937521884034027],[-75.61843160223414,26.937227694681695],[-75.61839630723111,26.9363874441364],[-75.61838290483105,26.935522850164805],[-75.61834250607076,26.93458282831742],[-75.61833413253355,26.93446863994049],[-75.61831904979665,26.934295535528506],[-75.61830797824626,26.934095050395214],[-75.61830505258769,26.9340456653573],[-75.61828501607597,26.93338143508254],[-75.61827227136662,26.932948945528583],[-75.61825734555237,26.932466064366572],[-75.61820799618441,26.93122545226742],[-75.61818598994758,26.93002530177197],[-75.6181780575079,26.929511020572864],[-75.61815648596495,26.929010984269446],[-75.61815649735331,26.928985201883645],[-75.61815659097049,26.928781811323972],[-75.61815435171742,26.92867607400788],[-75.61815188323354,26.928593651541018],[-75.61815030165693,26.928544486483037],[-75.6181490143179,26.928504451813954],[-75.61814833340014,26.92848330030633],[-75.61825840335463,26.92848505417784],[-75.61825854750884,26.92851231036514],[-75.61825891804243,26.92858280064788],[-75.61826277235109,26.928582633713443],[-75.61828683518716,26.928582390375983],[-75.6183099200199,26.928580591682277],[-75.6183271184849,26.92857984678698],[-75.6183444273701,26.928575633363618],[-75.61835471849908,26.92857358992456],[-75.61836529098014,26.928571266848135],[-75.61839501177309,26.928549200612206],[-75.61844632543358,26.928514211056527],[-75.61847656274638,26.92848519494339],[-75.61850768826538,26.92845614122564],[-75.61854748280449,26.92842244854001],[-75.61858692241587,26.928387707532504],[-75.61864031067559,26.928336110804],[-75.61870235955759,26.928268687996496],[-75.61873999179562,26.928216974862057],[-75.61875508397266,26.92819367616106],[-75.6187674609003,26.928169697095658],[-75.61876797840995,26.928162747204098],[-75.61876948446792,26.928157620522725],[-75.61876911088038,26.928150709230838],[-75.61877110266998,26.92813250891073],[-75.61877350990116,26.928122014300953],[-75.61877435608332,26.92812117879388],[-75.61877518802093,26.92812007907616],[-75.61877514486414,26.928119278596217],[-75.61877632975009,26.928119227270845],[-75.61877717593221,26.92811839176376],[-75.61877802503274,26.92811755613023],[-75.61877885692323,26.9281164555405],[-75.61878004180913,26.928116404215075],[-75.61878093095996,26.928116365699932],[-75.61878182011078,26.928116327184778],[-75.61878271120725,26.928116288585322],[-75.61878389706594,26.92811623721771],[-75.6187856743948,26.92811616022947],[-75.61878770838108,26.928115273270375],[-75.6187894876555,26.928115196197787],[-75.6187903327236,26.928114358116808],[-75.6187924097257,26.92811426902156],[-75.6187932568804,26.928113433472184],[-75.61879503513495,26.92811335556965],[-75.61879616470584,26.928112242085152],[-75.61879790003842,26.928111368062606],[-75.61879974776284,26.92810702630895],[-75.61880218593724,26.928102658104795],[-75.61880397625947,26.928097251660713],[-75.6188052959579,26.928088668442154],[-75.61880685714272,26.928079011956548],[-75.61880811953277,26.928069365792187],[-75.61881062615494,26.9280607329084],[-75.61881919275271,26.928037718627134],[-75.61884465816715,26.927975343341092],[-75.61885755253138,26.927944414399803],[-75.61887135338493,26.927913714516695],[-75.6188754814895,26.92790207819226],[-75.61888051229512,26.927890672836657],[-75.6189080975277,26.927829004593303],[-75.61893568271572,26.92776733635758],[-75.61896428494387,26.927708020626493],[-75.61899318402168,26.92764869553613],[-75.61900095145168,26.92763290643211],[-75.61901479516236,26.927603003557735],[-75.61902946860954,26.927571996691967],[-75.61906006173454,26.927510997899827],[-75.61908817921086,26.927464758371677],[-75.61911659535086,26.927418506778295],[-75.61913669736951,26.927377940740318],[-75.61914959554714,26.927347014282915],[-75.61916333580403,26.92731524900065],[-75.61919092060087,26.927253580821503],[-75.61919255557737,26.927250845991384],[-75.61922409494346,26.927190872522623],[-75.61925744107742,26.92713135131044],[-75.6192882635536,26.927091123193648],[-75.6193186858523,26.927049043764345],[-75.61931957499046,26.927049005244342],[-75.61933854444058,26.92702047714861],[-75.61935810441197,26.926991924342587],[-75.61939758324026,26.926935869476527],[-75.61943695808064,26.9268944693449],[-75.6194660323513,26.92686346874863],[-75.61947602290162,26.926852817807273],[-75.61949788891656,26.926828425900627],[-75.6195197723179,26.926804302434046],[-75.61966025839126,26.926653826853585],[-75.61978390428469,26.926510741644663],[-75.61980093076299,26.926490289671122],[-75.6198092659915,26.926479538248373],[-75.61981819568712,26.926468762816036],[-75.61984128024422,26.926450444895835],[-75.61986648481864,26.92643283658325],[-75.61986694792873,26.926432546447124],[-75.6198843116432,26.926421675643184],[-75.61988807784098,26.92641991301298],[-75.6198918317831,26.926417886961637],[-75.61989435871848,26.92641511260515],[-75.61989812792812,26.926413351592096],[-75.61990094767305,26.926410564548274],[-75.61990288125276,26.926407816775292],[-75.61990447315915,26.92640428408466],[-75.61990636273921,26.92640073849605],[-75.61990712390362,26.926398308971052],[-75.61991298617066,26.92638580042377],[-75.61992179583191,26.926367303035722],[-75.61994502723942,26.9263351291221],[-75.61997037452683,26.92630366062489],[-75.61999884642492,26.92627498642475],[-75.62001996640488,26.926253292506694],[-75.62005654659191,26.92621521131141],[-75.62009200208308,26.92617824338829],[-75.62009284822933,26.926177407876178],[-75.6201384271599,26.92612428391244],[-75.620158933102,26.926096756328587],[-75.62017785902044,26.926067431192926],[-75.62019545673436,26.926035499622014],[-75.62022264123665,26.925971983617323],[-75.62023557778237,26.92594185347274],[-75.62024937864693,26.925911152728943],[-75.6202520139842,26.925904910836056],[-75.62025464737553,26.925898669027546],[-75.62026844725182,26.925867968328635],[-75.62028227385824,26.92583779961972],[-75.62030951753755,26.925775347365096],[-75.62033832873264,26.92571442575596],[-75.62035296028938,26.92568262273177],[-75.62036767483644,26.92565241293027],[-75.62038236471672,26.925621673674247],[-75.62041206394335,26.925560713593807],[-75.62043007754484,26.92551997321848],[-75.62045770268425,26.925459102152914],[-75.62048528576739,26.925397434070177],[-75.62050664977319,26.925347224575876],[-75.6205330450173,26.925285607980534],[-75.62055879153584,26.92522295583592],[-75.62056896640263,26.925196674806877],[-75.62059140505886,26.92513336368557],[-75.62059551825227,26.925122470955817],[-75.62060336905458,26.925101676293767],[-75.62061503245351,26.925070001931157],[-75.62061656086023,26.925065871553336],[-75.62062515004396,26.92504265972464],[-75.62063712534358,26.925011236673914],[-75.62064879061327,26.924979561362733],[-75.62067152894126,26.92491624078247],[-75.62068504203192,26.924863706728228],[-75.6206976631213,26.92481121221443],[-75.62074349977567,26.92471332172751],[-75.6207852833197,26.92462839713394],[-75.6208470397955,26.9245391397386],[-75.62090015265989,26.92446597508574],[-75.62093560512756,26.924429009814975],[-75.62097321825779,26.924393545077173],[-75.62100563029911,26.924366301162948],[-75.62103893040336,26.92433901787539],[-75.62107413863909,26.924314048400387],[-75.62108744700963,26.924307343924482],[-75.62110045961083,26.92430065139225],[-75.62111471446589,26.92429497217711],[-75.62112410251322,26.924292701890625],[-75.6211299914295,26.92429164780576],[-75.62113469250825,26.924290643456995],[-75.62114889006851,26.924283902180562],[-75.62116482270368,26.92427628423437],[-75.62118081568586,26.924269730831533],[-75.62121772670545,26.924254277097692],[-75.62125571137338,26.924242242247516],[-75.62129382704737,26.924232599976637],[-75.62142783558419,26.92421560141357],[-75.62148250027234,26.924209768206275],[-75.62153716495217,26.924203934967682],[-75.62162752252462,26.924193090792084],[-75.62165516372878,26.92418763093519],[-75.621681814511,26.924180349748926],[-75.62170842312268,26.9241722689196],[-75.62173376095846,26.92416264636119],[-75.62180973102198,26.92412205836106],[-75.62182384235376,26.92411372041778],[-75.62182751193912,26.92411009765422],[-75.62183118059843,26.924106475804727],[-75.62183480523923,26.924102056147937],[-75.6218375847482,26.92409847196939],[-75.62184006561965,26.92409490073691],[-75.62184195616676,26.9240913577173],[-75.62184481875371,26.924089367619914],[-75.6218484444127,26.92408494879274],[-75.6218509702272,26.92408217445311],[-75.62188901201048,26.924071201413774],[-75.62190043278301,26.92406804234038],[-75.62191269956348,26.924064046000737],[-75.62193259658864,26.92405279587699],[-75.62195121126351,26.92403973533925],[-75.6219686505497,26.92402699145143],[-75.62200769560067,26.923995995102498],[-75.62204422169997,26.923962443100905],[-75.62205071283628,26.92395603403944],[-75.62209820970922,26.923905490326792],[-75.62214255515481,26.923851620416315],[-75.62214980632133,26.92384278100391],[-75.62219019830214,26.923787219101648],[-75.62222962831044,26.923730364293313],[-75.62225649145103,26.923688442182016],[-75.622283114111,26.923647593284663],[-75.62235699344744,26.92355168454576],[-75.62235981207151,26.923548898376094],[-75.62238061807638,26.923521357531413],[-75.62240239625108,26.923495372213846],[-75.62244549898459,26.92344048895496],[-75.62248723408337,26.923387799300567],[-75.62252857290649,26.92333325994717],[-75.62257105240656,26.923277870540357],[-75.6225709951442,26.923276809361152],[-75.62261139883138,26.923221511698863],[-75.62265269534828,26.923166173568802],[-75.62270686868864,26.923096159325404],[-75.62276115674167,26.92302827265914],[-75.62278043053614,26.922994404883898],[-75.62283640508129,26.922919252031587],[-75.62287384552582,26.92288059882918],[-75.62291122857164,26.92284088269719],[-75.62295520013423,26.922796620100296],[-75.62299907409825,26.922750495727705],[-75.62309293678472,26.922667038180997],[-75.6231473302936,26.922623122413896],[-75.62317526922536,26.922601132335995],[-75.62320286543127,26.92257835652865],[-75.62321227542768,26.92257102374824],[-75.6232214345257,26.92256449806241],[-75.6232769265178,26.922518934301205],[-75.62330367673451,26.922496996615948],[-75.62333161552814,26.92247500563161],[-75.62338431375458,26.922432761818303],[-75.62343866377412,26.922388046340142],[-75.62349326656862,26.922342523659555],[-75.62351917152108,26.922321420544538],[-75.62357258738827,26.922275947554596],[-75.62359923788102,26.92225214726158],[-75.6236259458216,26.92222941162524],[-75.62367965917073,26.922183924811055],[-75.6236915957303,26.92217381758663],[-75.62374717324016,26.922129848436676],[-75.62380245312383,26.92208589391608],[-75.62382762566446,26.92206775301871],[-75.62388417920036,26.92202534088765],[-75.62391393790217,26.922004070535063],[-75.62394286581076,26.92198390073989],[-75.6239659911862,26.92196638174295],[-75.62407362068429,26.921884725418163],[-75.62412328435117,26.92184128003851],[-75.62417287326255,26.921796505032766],[-75.62420175702984,26.921775538249634],[-75.62422948295314,26.92175515831744],[-75.62424529728152,26.92173981888278],[-75.62425869711647,26.921723786218944],[-75.62428789611482,26.921692151698746],[-75.62436350606986,26.92162839996759],[-75.6243969329015,26.921603507588813],[-75.62443035771888,26.921578614413253],[-75.62444587630871,26.92156328865587],[-75.6244596569965,26.92154883974157],[-75.62447335533281,26.92153279323397],[-75.62447975611934,26.921524790304264],[-75.62448406966904,26.921516611348046],[-75.624488397575,26.921508698338528],[-75.62448831147881,26.921507103531226],[-75.62448816800084,26.92150444580972],[-75.62448802447578,26.92150178721629],[-75.62448704935565,26.9215002318484],[-75.6244856007774,26.921489906348725],[-75.62448370995395,26.921476933466643],[-75.62448485467385,26.92147608584938],[-75.62448564324421,26.921474185656415],[-75.62448653226784,26.921474146217065],[-75.62448742133856,26.921474107649633],[-75.62448860903586,26.921474056127956],[-75.62448856601131,26.9214732591604],[-75.62448945508201,26.921473220592958],[-75.62449034415272,26.921473182025526],[-75.62449119019884,26.921472346490503],[-75.62449409777709,26.921471156705874],[-75.62449583381945,26.92147028168919],[-75.62449786746855,26.921469392888447],[-75.62449954427764,26.92146745678596],[-75.6245015349961,26.921465772761504],[-75.62450233787612,26.921464137643024],[-75.62450312755988,26.921462240023686],[-75.62450416788761,26.921459530949594],[-75.62450497086164,26.921457897575014],[-75.62450571937184,26.92145520115991],[-75.62451193452361,26.92144374175619],[-75.62451456742136,26.92143869207701],[-75.62451705108589,26.921433930298782],[-75.62452341175285,26.92142513027537],[-75.6245306911287,26.92141682266284],[-75.62453798194214,26.92140878112301],[-75.62454531767756,26.921401535593855],[-75.62455354350111,26.92139425232607],[-75.62456220753877,26.921389613992215],[-75.62457142288432,26.921384152907972],[-75.62457977787403,26.92137926228397],[-75.62458735763363,26.921376536969014],[-75.62459576898479,26.92137270842761],[-75.62459605256483,26.921372651551852],[-75.6246025303477,26.92137134883813],[-75.62460935011352,26.92137105299152],[-75.62461112825243,26.92137097585443],[-75.62461405106114,26.921370050226876],[-75.62461701684855,26.9213699206945],[-75.62461875196155,26.921369046590087],[-75.62462167379739,26.921368121004527],[-75.62462369021357,26.921366967253622],[-75.62462449323115,26.921365334750654],[-75.62462617378442,26.921363395862116],[-75.6246281615792,26.921361711962337],[-75.6246289503331,26.921359815256885],[-75.62462975316221,26.921358179266093],[-75.6246390653329,26.921348985502416],[-75.62465538490544,26.921332027306885],[-75.62465909627666,26.921329201484863],[-75.62466373891134,26.921327136718773],[-75.62466746459275,26.921324575970868],[-75.62467236379922,26.921321701240363],[-75.62467710485122,26.921321495566385],[-75.6246826977819,26.921320454102837],[-75.6246894571461,26.92131909371991],[-75.6247018238923,26.92131695956208],[-75.62471328813672,26.92131459711172],[-75.62472580700927,26.921309790659446],[-75.62473595447624,26.92130508883031],[-75.6247472856984,26.921300334772127],[-75.62475480893744,26.921296544745474],[-75.62476233125008,26.92129275563243],[-75.62476980863622,26.92128817050841],[-75.62477060016279,26.921286271059873],[-75.62477169883695,26.921284624855762],[-75.62477337651362,26.921282686963792],[-75.62477417952712,26.921281054460124],[-75.62477760396334,26.921272914068943],[-75.62478118615063,26.921267695598672],[-75.6247848104863,26.921263275881223],[-75.62478960625879,26.921258539648445],[-75.62479704246356,26.921253155727843],[-75.6248042270074,26.921248582431943],[-75.62481174732034,26.9212447925282],[-75.62482054055027,26.921242547689474],[-75.62483944190555,26.92123480038792],[-75.62485839689411,26.921228118780256],[-75.62489571050234,26.921209181727686],[-75.62493914918511,26.921188116441527],[-75.62498136101308,26.921166305530033],[-75.62504345986372,26.921138571353573],[-75.62510688985927,26.921113443326682],[-75.62522848075717,26.921081261025176],[-75.62530867543362,26.921063927828456],[-75.62532612481333,26.921062371895292],[-75.62533393413473,26.921063899043407],[-75.62533778902167,26.921063731785377],[-75.62534164390856,26.921063564527206],[-75.62534431110507,26.92106344880116],[-75.62534721943888,26.92106225546245],[-75.62535018433454,26.921062127693464],[-75.62535403625607,26.921061959689453],[-75.62535700207735,26.921061831006092],[-75.62535962920563,26.921060919059133],[-75.62536254902818,26.921059992664468],[-75.62536428704381,26.921059118420974],[-75.62536630260917,26.921057967313875],[-75.62536710639202,26.921056331276684],[-75.62536913914145,26.921055444244946],[-75.6253708179119,26.92105350891793],[-75.62537280743935,26.921051821432545],[-75.62537448616254,26.921049885233522],[-75.6253812197353,26.921047993656575],[-75.62538793714327,26.92104583883349],[-75.6253944152185,26.921044758922303],[-75.62540208195625,26.92104362743547],[-75.62540955669249,26.921042551474674],[-75.625412699087,26.921042099615384],[-75.62542332872644,26.921040839568317],[-75.62543493549157,26.921041135662804],[-75.62544442502711,26.921041693177262],[-75.62544536989999,26.92104174919314],[-75.62545608463488,26.92104208311604],[-75.62546779270842,26.92104423729775],[-75.62547859365425,26.921046167765425],[-75.62549030187034,26.921048324560264],[-75.62550116002451,26.92105131444919],[-75.62551176949293,26.92105511570856],[-75.62552183924987,26.921060008409256],[-75.62552859096299,26.921063977930935],[-75.62553564028183,26.92106793366493],[-75.62553874771837,26.921070463647418],[-75.62554185598653,26.921072990971776],[-75.62554691578266,26.92107863419419],[-75.62555091408983,26.921081122898876],[-75.62555402347283,26.92108365279661],[-75.62555802090186,26.921086143287116],[-75.62556077416986,26.921087621486635],[-75.62556467306574,26.921088251143004],[-75.62556862847961,26.921089945497037],[-75.62557252543023,26.92109057523754],[-75.62558639259278,26.921094236008802],[-75.62563244996953,26.921110619417455],[-75.62567971877482,26.921127480755505],[-75.62570833454335,26.92114009277955],[-75.62573521508469,26.92115357630381],[-75.62575823995998,26.92116723062655],[-75.62578013834784,26.92118199748148],[-75.62582067542658,26.921217267088068],[-75.62589349922648,26.921294558456786],[-75.62595635193776,26.92136881884203],[-75.62604686542475,26.921476511042812],[-75.62607960883015,26.921510521137456],[-75.62610625784555,26.921536268969952],[-75.62613261418275,26.921562031247753],[-75.62619288441067,26.921621485357953],[-75.62622755064551,26.921658076805546],[-75.62627377862238,26.92171068245719],[-75.62629547717171,26.921738244524168],[-75.6263174284492,26.921764997660254],[-75.62636166878418,26.921819287230623],[-75.62640898410525,26.921869979679737],[-75.62644642865529,26.921902984231686],[-75.62647550421237,26.92192410112803],[-75.62650449257984,26.92194362150727],[-75.62656732632155,26.921978987781703],[-75.62663274139601,26.922012646936384],[-75.62666534158684,26.92202747969667],[-75.62669918427223,26.92204332917094],[-75.6267160078544,26.92205218764727],[-75.62673372260363,26.922061010063835],[-75.62679599385199,26.922086013123728],[-75.6268590135275,26.92210831883255],[-75.62689622866692,26.922120554703497],[-75.62696996521399,26.922126678015967],[-75.62704323089083,26.922129625487553],[-75.62705691261772,26.922129830452903],[-75.62713221207834,26.922131891613947],[-75.62720633327905,26.92212867420038],[-75.62723623563507,26.922126574739096],[-75.62730899396352,26.92211462569815],[-75.62738132729952,26.922100296789964],[-75.62741776350578,26.92209259009558],[-75.62745385783202,26.922084095895073],[-75.62746829848759,26.922081871343515],[-75.62748357459138,26.92207854336654],[-75.6275587693914,26.92206222673321],[-75.62763125762395,26.922045226079486],[-75.62770295339014,26.92203012489264],[-75.62777522919161,26.922014733647483],[-75.62784781689412,26.921999593628428],[-75.62790981711461,26.921986514383637],[-75.62798342010399,26.921973726693153],[-75.62801995663501,26.921967878781963],[-75.62805619545817,26.921962042908177],[-75.62812890946645,26.92194929632312],[-75.6281795314002,26.921940171964287],[-75.62822248857675,26.92193218095711],[-75.62826527417762,26.92192099678748],[-75.6283070540177,26.921907728075315],[-75.62830900062643,26.921905247043128],[-75.62831059209779,26.92190171514939],[-75.62831133848553,26.92189901791191],[-75.62831204093011,26.921895525493436],[-75.62831304098235,26.921892019278925],[-75.62831374333254,26.92188852511659],[-75.62831281119429,26.92188776675261],[-75.6283115669364,26.921886753622427],[-75.62831059076088,26.92188519833349],[-75.62830965959542,26.92188443992726],[-75.62830871299245,26.92188341387298],[-75.6283078229462,26.921883452518387],[-75.62830655008867,26.921881910111257],[-75.62830566106226,26.921881949586343],[-75.62830383883083,26.921881228995765],[-75.62830265210248,26.921881280522925],[-75.62830171996443,26.921880522158883],[-75.62829994181742,26.921880599365107],[-75.62829875416347,26.921880651806383],[-75.6282969184401,26.921879663483164],[-75.6282960293666,26.92187970208623],[-75.62829484458373,26.921879753528827],[-75.62829306356565,26.921879831733577],[-75.62829217449215,26.921879870336607],[-75.62829010058866,26.92187995951021],[-75.6282871357133,26.9218800882432],[-75.62828323772736,26.921879458654082],[-75.62828048437824,26.921877980528542],[-75.62827657197488,26.921877084120823],[-75.62827351999843,26.92187561896126],[-75.62827045369879,26.921873888727184],[-75.62827039660418,26.921873860616145],[-75.62826740547214,26.921872420782655],[-75.62826459084519,26.921869880784065],[-75.62826237333209,26.92186731223726],[-75.62826046307488,26.921864998667985],[-75.62825909254404,26.92186159450906],[-75.6282572138518,26.921859810961944],[-75.62825609207556,26.921855597165475],[-75.62825476363633,26.921852990015925],[-75.62825368784249,26.921849573059912],[-75.6282535012632,26.921846120117184],[-75.6282524254695,26.92184270316129],[-75.62825228186006,26.921840045441744],[-75.62825209513952,26.921836589883267],[-75.6282549719398,26.921834867301772],[-75.6282567099399,26.92183399300267],[-75.62825872529369,26.921832838342787],[-75.62826046426653,26.921831964001385],[-75.62826338315773,26.921831038428916],[-75.62826512120483,26.92183016500162],[-75.62826808408575,26.921830035481875],[-75.62827010333015,26.921828880652864],[-75.62827277059604,26.921828765716306],[-75.62827573639503,26.921828636069634],[-75.6282778131682,26.92182854589769],[-75.62828048038696,26.921828430088986],[-75.62828261468913,26.92182940457421],[-75.62828557664433,26.9218292759681],[-75.62828740077272,26.92182999560245],[-75.62829040676505,26.921830663921007],[-75.6282922308935,26.92183138355527],[-75.62829525135066,26.921832319563876],[-75.62829737021566,26.921833026400755],[-75.62829929299248,26.92183560774368],[-75.62830141283031,26.921836314538247],[-75.62830323404081,26.921837034299056],[-75.62830541024688,26.921838802305246],[-75.62830638563747,26.921840361123987],[-75.62830826418903,26.92184214205418],[-75.62830924055243,26.92184370083067],[-75.62835866186838,26.921850485507058],[-75.6283667265074,26.92185159229897],[-75.62846012135917,26.92186405302964],[-75.62853461571106,26.921867745701842],[-75.62857122689766,26.921868819921233],[-75.6286090113672,26.921869575735094],[-75.62868261573283,26.921873307811683],[-75.62875526693988,26.921881341104463],[-75.6287621872459,26.921882904839798],[-75.62879818225434,26.921889067071543],[-75.62883432196537,26.921897888710753],[-75.62890496281804,26.921918263566873],[-75.62897380274774,26.921943777925485],[-75.6289838153044,26.921947605620378],[-75.62904993655707,26.921977767069727],[-75.62908183502726,26.92199609578511],[-75.62911374681919,26.92201468873594],[-75.62917732448241,26.92204735970868],[-75.62918433188537,26.92205051643486],[-75.62921759099224,26.92206105984254],[-75.62925195170973,26.922069958595028],[-75.62926548136707,26.92207283380576],[-75.62928019493215,26.922075659345936],[-75.62929293599306,26.92208043217442],[-75.6293065479602,26.92208490235518],[-75.62931962989639,26.922090461836373],[-75.62937924628744,26.922143283553822],[-75.62942480943559,26.92211199939583],[-75.62946986201263,26.92214281167477],[-75.62941236583957,26.9221842010592],[-75.62949378868127,26.92224460067686],[-75.62951879664136,26.922261895688408],[-75.62962285326718,26.922290143480026],[-75.62965109562583,26.922295844168264],[-75.6296929106409,26.922305214353084],[-75.62977971727639,26.922322222512193],[-75.62986859893158,26.922339143086862],[-75.6298713102196,26.922339824159035],[-75.62994539201311,26.922352323531282],[-75.63001833762054,26.922360343987293],[-75.6300299445566,26.922360638650975],[-75.63006651379547,26.9223609135431],[-75.63010410894067,26.922358215945085],[-75.63014137966543,26.92235500015622],[-75.63017796022348,26.922349947460923],[-75.63019115655976,26.922346709385973],[-75.6302627544262,26.922329745370728],[-75.63033293576696,26.92230858294239],[-75.63036424276942,26.92229949674604],[-75.63039555073719,26.92229041049749],[-75.63043095100174,26.922280082799762],[-75.63046695890709,26.922269993514696],[-75.63054389947858,26.92224747013702],[-75.630556166535,26.922243473542782],[-75.63061319158963,26.922226346133307],[-75.63063124277008,26.922219434282823],[-75.63065024345676,26.922213547462825],[-75.63066928431171,26.922208457733095],[-75.63070575296874,26.92220687337061],[-75.63074240743836,26.922208743723296],[-75.63078028983374,26.922211360427397],[-75.63081821824089,26.922214773956767],[-75.6308267740918,26.922213603400728],[-75.63090112514915,26.922214635633846],[-75.63097534873481,26.922213274207326],[-75.630994662599,26.922213233905055],[-75.6309984170601,26.922211208280373],[-75.63100218575958,26.922209445986066],[-75.63100599648476,26.922208478956975],[-75.6310097508982,26.92220645245996],[-75.63102365236904,26.922199720829944],[-75.63103790609526,26.922194040177445],[-75.63105210239296,26.92218729748171],[-75.63106650264655,26.922184272673597],[-75.63108049038992,26.922179136713556],[-75.63109586414717,26.922177670778105],[-75.63111119554685,26.92217540347119],[-75.6311142457856,26.922176871241962],[-75.6311162127801,26.92218025032819],[-75.63111921973648,26.92218091764407],[-75.63112143915869,26.92218348342725],[-75.63112331797282,26.9221852677922],[-75.6311242932367,26.922186823096443],[-75.63112647067925,26.922188594486222],[-75.63112829192474,26.92218931419398],[-75.63112956581703,26.92219085652307],[-75.63113140149021,26.922191843049035],[-75.63117972677746,26.92217322729611],[-75.63118235076769,26.922172311823203],[-75.63120596002418,26.92215823363515],[-75.63121135078384,26.92216998811369],[-75.63125869239653,26.922155143560786],[-75.63126329262099,26.922168794887433],[-75.63128242170241,26.922165301500836],[-75.63130057347517,26.922160251148757],[-75.63131832979359,26.922153351104477],[-75.63133642408367,26.922147237832917],[-75.6313534999121,26.92213877054593],[-75.63136929028326,26.922128493113753],[-75.631384102558,26.922116662248964],[-75.63141559509185,26.92209451265378],[-75.6315153261175,26.92202624572285],[-75.63157379620947,26.921986408649136],[-75.63163440151433,26.921947545042297],[-75.63165771194384,26.92193347886],[-75.63172155413933,26.921899535894465],[-75.63175362984582,26.92188269227424],[-75.63178545478148,26.921866656631867],[-75.63178718987098,26.921865783266906],[-75.63178831707341,26.92186466712555],[-75.63182005379929,26.921847036754418],[-75.63185088617816,26.92182918085066],[-75.63191276428772,26.92179186206674],[-75.63195633572221,26.921762262667354],[-75.63201190817989,26.92171828876493],[-75.63206339674173,26.9216702315573],[-75.63209813917962,26.92163675329473],[-75.63214009664186,26.921588312310508],[-75.6321436198804,26.921582030688665],[-75.63214714413822,26.9215757498965],[-75.6321506828265,26.921569735921782],[-75.63215513934989,26.92156421519888],[-75.63215965234123,26.921559756556086],[-75.63216406663719,26.921553437082473],[-75.63216976440248,26.921548926948688],[-75.63217605650007,26.92154439098466],[-75.6321817438181,26.921539615607752],[-75.63218644370399,26.921538612510602],[-75.63219110136336,26.92153681066274],[-75.6321960835922,26.921535529597765],[-75.63220167351794,26.92153448781815],[-75.63220641748104,26.92153428164201],[-75.6322093833091,26.921534152744854],[-75.63221155959685,26.921535920659483],[-75.63221338097851,26.921536642960422],[-75.63221643301691,26.921538107991555],[-75.63221826859412,26.921539092749985],[-75.63222042869411,26.921540597419426],[-75.63222047189362,26.921541396127633],[-75.63222136290668,26.9215413574034],[-75.63222235349433,26.921543177723468],[-75.63222349516411,26.92154232926776],[-75.6322244695166,26.92154388547086],[-75.63222535950977,26.921543845916887],[-75.63222629362808,26.9215446041569],[-75.63222753598681,26.921545617319055],[-75.63222842505445,26.92154557867931],[-75.63222931412207,26.921545540039542],[-75.6322302472677,26.92154629832179],[-75.6322314339882,26.921546246745727],[-75.63223232305583,26.921546208105916],[-75.63223321212347,26.921546169466136],[-75.6322340590585,26.921545333819754],[-75.63223400054915,26.92154427008038],[-75.63223395841653,26.921543473073847],[-75.63223387215874,26.921541878273285],[-75.6322338137437,26.921540816277833],[-75.6322337704969,26.921540016697694],[-75.6322337273916,26.92153921973341],[-75.63223279619142,26.921538461366662],[-75.6322327377764,26.92153739937121],[-75.6322326946711,26.921536602406952],[-75.6322317624983,26.921535844082477],[-75.63223077278889,26.921534021976363],[-75.63222958509587,26.921534073594703],[-75.63222865292312,26.921533315270203],[-75.63222772172308,26.92153255690344],[-75.63222683265559,26.921532595543184],[-75.63222560477554,26.921531850070377],[-75.63222465423353,26.921530824225645],[-75.63222376613876,26.921530862823072],[-75.63222156298094,26.921528562061457],[-75.6322187059614,26.921525222561062],[-75.63221648837263,26.921522654982024],[-75.6322153692541,26.92151844023933],[-75.63221314874748,26.921515872787083],[-75.63221286130164,26.921510558239184],[-75.63221169912556,26.921505547404415],[-75.63221141158554,26.921500231112827],[-75.6322761284057,26.921394590417442],[-75.63228266060216,26.92138421879464],[-75.63231252836208,26.92133679876984],[-75.63233115278156,26.92130748551649],[-75.63235011303419,26.921278955629138],[-75.63237221844827,26.921242562876365],[-75.63240768317121,26.921184013033447],[-75.63242540411643,26.92115447334843],[-75.63244313646749,26.921125198863546],[-75.63245978454242,26.921097833999568],[-75.63249529612972,26.921040080952313],[-75.63253286617983,26.920981972737373],[-75.63254960054951,26.920956204414114],[-75.63258981114048,26.920913964256094],[-75.6326117144766,26.920890368639277],[-75.63262360640294,26.920879460770564],[-75.63263367728635,26.920867836713644],[-75.6326387936463,26.920858023056642],[-75.63264416074922,26.9208474014134],[-75.63264745485894,26.92083686725237],[-75.63264900295124,26.920832537467902],[-75.6326500037634,26.920829031180926],[-75.63265155185542,26.920824701396572],[-75.6326522540447,26.920821208089514],[-75.63265498981801,26.920816826681758],[-75.63265687584492,26.92081328279238],[-75.63265931693307,26.92080891506733],[-75.63266213795157,26.920806127625227],[-75.63266584608321,26.92080330162392],[-75.63266965783147,26.920802337107393],[-75.63267425793951,26.920799472335176],[-75.63267796806299,26.92079664712084],[-75.63268278057377,26.920792175445115],[-75.63268724843371,26.92078691991441],[-75.63269085892388,26.920782234789733],[-75.63269448277936,26.920777814779893],[-75.6326980079276,26.92077153394587],[-75.63270035885459,26.92076557159467],[-75.63270303620216,26.920760128194782],[-75.63270478221266,26.920753923819426],[-75.6327062441276,26.920748000984506],[-75.63270798916477,26.920741796651694],[-75.63270854865553,26.92073564734637],[-75.63270916457459,26.92073055924543],[-75.63270879073609,26.920723648177606],[-75.63270831624526,26.920714876370894],[-75.6327060349623,26.920705651707696],[-75.63270358452846,26.920698833524572],[-75.63270114500466,26.920686683473434],[-75.6326983782298,26.92067401712992],[-75.63269781858821,26.9206636531042],[-75.63269814693672,26.920653248733284],[-75.63269970519531,26.92064359148605],[-75.63270092260025,26.920633148471982],[-75.63270425999129,26.920623414767142],[-75.63271302273715,26.920604118801354],[-75.63272271871175,26.92058558285465],[-75.6327342377547,26.920567764752118],[-75.63279997385087,26.920480994806738],[-75.6328443557994,26.920427917503197],[-75.63288963816095,26.92037506674375],[-75.63290976212352,26.920351547572544],[-75.63295602273126,26.920300254561006],[-75.63300247827308,26.920247087076593],[-75.63301512975748,26.92023374966214],[-75.63306355025442,26.920183960394226],[-75.63308922178557,26.920158602377306],[-75.63311406184387,26.920134347650745],[-75.63314136961179,26.920106254551552],[-75.63319004151295,26.920055654602304],[-75.63321452820814,26.92003034806812],[-75.6332384215864,26.920005068196332],[-75.63326574161015,26.919977239360623],[-75.6332709503418,26.919972181469916],[-75.63331628073439,26.919928158481326],[-75.63331954670176,26.919925180380744],[-75.63334205266823,26.919904659411216],[-75.63336658242815,26.919880150683905],[-75.63340053515007,26.91984857244664],[-75.63342535760852,26.91982405010947],[-75.63345018301628,26.91979952851333],[-75.63347589740738,26.919774967390186],[-75.63350044054549,26.919750725498957],[-75.63355093712968,26.91970084579698],[-75.63359931363301,26.919650255920565],[-75.63361849797418,26.919631308296516],[-75.63366505239759,26.919580002278877],[-75.633687671539,26.919553179190892],[-75.63371033364253,26.919527150441652],[-75.63375560358976,26.91947403688428],[-75.63378594224446,26.919441549405576],[-75.63383831608574,26.919393450460962],[-75.63386501998303,26.919370712218832],[-75.6338917238645,26.919347973971277],[-75.63392392673639,26.919317003067977],[-75.6339692509103,26.919264950736707],[-75.63399098377708,26.919238167012193],[-75.63401274230166,26.919211911809903],[-75.63404899580605,26.919167979965174],[-75.634097374608,26.91911739069169],[-75.63414580715808,26.919067867958848],[-75.63417147800276,26.91904251063852],[-75.6341963028703,26.919017988054794],[-75.63422362219278,26.918990159057305],[-75.63427284584671,26.918938736776997],[-75.63432249446083,26.91888969161598],[-75.63437181677587,26.91884013098533],[-75.63442117053877,26.918791098608718],[-75.63446235424509,26.918750413284783],[-75.63451294930937,26.918702394914018],[-75.63453872046227,26.918678895638518],[-75.6345653262193,26.918654298162448],[-75.63461685317445,26.918607035432046],[-75.63466736174165,26.918557422228837],[-75.63468644285369,26.918536612967152],[-75.63473265692764,26.918484519948965],[-75.63477422258474,26.918428901496505],[-75.63481249790614,26.918372891248065],[-75.63484804875056,26.918315937582086],[-75.63488163238752,26.918255603218583],[-75.63491191047946,26.918194613788124],[-75.63492767612489,26.918161961032876],[-75.63495133271147,26.918099396235913],[-75.63496893131189,26.918034696686817],[-75.63496963332248,26.91803120253091],[-75.63498271825749,26.917970960877877],[-75.63499095688587,26.917909066663427],[-75.63499271425843,26.91788661171648],[-75.63499352420308,26.917863134330833],[-75.63499221528386,26.917838949399357],[-75.63498972257877,26.917831334362543],[-75.63498744003952,26.917822108162145],[-75.63498493284801,26.91781422544092],[-75.63498070416368,26.91780748298366],[-75.63497634603753,26.917798348802208],[-75.63497206279531,26.91779054419842],[-75.63496708892615,26.917786498070924],[-75.63496211603015,26.91778245190088],[-75.63495900647013,26.917779922345034],[-75.63495496489789,26.917776637118894],[-75.63495181220681,26.91777331061221],[-75.63494458556607,26.917760570124276],[-75.63493720803407,26.917767019395676],[-75.63491173400006,26.91774655022956],[-75.63478729008776,26.91786864254774],[-75.63481638061785,26.917890018997436],[-75.63477218578436,26.9179300356092],[-75.63477152689539,26.917934326713514],[-75.63477086800637,26.917938617817857],[-75.63476991342424,26.9179429217817],[-75.63476953922714,26.917952527475208],[-75.63476817827156,26.917960311861265],[-75.63475222564188,26.917989509943947],[-75.63473529766866,26.91801715191497],[-75.6347156997353,26.918044910872343],[-75.63465075633226,26.918129783634704],[-75.63460642107245,26.918183658187875],[-75.63456204456776,26.918236735695366],[-75.63454667143527,26.91825471886146],[-75.63449922938148,26.91830606369058],[-75.63447563561084,26.918331331588405],[-75.63445174321184,26.91835661246838],[-75.63443423977742,26.91837362373883],[-75.63438709248535,26.918424959208863],[-75.63436413310971,26.918450997456052],[-75.63434059671899,26.91847732735854],[-75.63432596879719,26.918492615918037],[-75.63431223365002,26.918507863032463],[-75.63428863683727,26.918533131031836],[-75.63426504292693,26.918558398901073],[-75.63421853279402,26.918610504565795],[-75.63418279194633,26.918647489456422],[-75.63413352728838,26.918698115461677],[-75.63410870245733,26.918722637124734],[-75.63408421647688,26.91874794375262],[-75.63403459644023,26.91879751802911],[-75.63403287597748,26.918798659981963],[-75.6339845432331,26.918850043368096],[-75.63395976244664,26.918875362792015],[-75.63393615397965,26.918900365545024],[-75.63392154023842,26.918915919139376],[-75.63390691589818,26.918931204877072],[-75.63388302312374,26.91895648567673],[-75.63385853796638,26.918981792228674],[-75.63380986617132,26.91903239146624],[-75.63376054161134,26.919081955417212],[-75.63374786064978,26.919094760152795],[-75.63369424169896,26.919141845982324],[-75.63366755226669,26.919164850969626],[-75.63364084838251,26.919187589137092],[-75.63360600701348,26.919219206026277],[-75.63355452213871,26.919267265284756],[-75.63350491493144,26.91931710712009],[-75.63348038831462,26.919341615699338],[-75.6334546596355,26.919365909965066],[-75.63343632133997,26.919384023671913],[-75.63338578265244,26.919433104504876],[-75.633360010891,26.919456603541143],[-75.63333459513986,26.919481150746883],[-75.6332840419826,26.9195299664744],[-75.63328325073287,26.91953186685189],[-75.6332327406239,26.91958147951969],[-75.63318654115032,26.919633837031604],[-75.63318295951898,26.91963905403924],[-75.63318106974897,26.91964259983492],[-75.63318032448055,26.919645296171293],[-75.63317962237338,26.919648790337227],[-75.63317862164811,26.91965229748466],[-75.63317786194526,26.919654727005934],[-75.63317660136542,26.9196643704105],[-75.63317405357358,26.919672207288077],[-75.6331715221609,26.919680310896485],[-75.63316897325383,26.9196881452009],[-75.63316544921412,26.91969442685399],[-75.63316107919488,26.919701543241136],[-75.6331567090805,26.919708657884435],[-75.63315228262579,26.919714713072096],[-75.63314668464987,26.91972108225998],[-75.6331413219544,26.919726375818936],[-75.6331348350721,26.91973278627029],[-75.63312830308254,26.919738398976055],[-75.6331217586505,26.919743745653598],[-75.63300918832769,26.9196404830641],[-75.63285777647846,26.919478436209197],[-75.63116663405582,26.917720085182566],[-75.63112248719878,26.917674182313203],[-75.63004829028321,26.916559384486312],[-75.6297998557493,26.9136868473703],[-75.6297729732009,26.913376009805937],[-75.62947505759054,26.909931076826386],[-75.62942548119749,26.909357773743253],[-75.63151562961812,26.907916323966614],[-75.63342860338263,26.906596980588347],[-75.63346397971071,26.90657235009593],[-75.63386905628464,26.90629031918055],[-75.6338952644686,26.906272072009155],[-75.63395583407863,26.906229900762124],[-75.63498024359966,26.905516647465184],[-75.63739477594785,26.903835422712234],[-75.63805956105934,26.903372514991833],[-75.63871305093186,26.902917463087235],[-75.63953622279229,26.902342121627875],[-75.63962225393561,26.902281990707763],[-75.64046708417814,26.901691751835774],[-75.64123970286015,26.90115194766715],[-75.6414840640666,26.90098122204656],[-75.64200543751103,26.90061695438038],[-75.64211379470636,26.90054613055523],[-75.6424806457624,26.900306350477923],[-75.64253285219546,26.900272226805672],[-75.64254468167233,26.90026449525953],[-75.64255692813848,26.900256490352806],[-75.64258126166825,26.90029432158853],[-75.64260846627243,26.900335756769305],[-75.6426358915308,26.900375849590414],[-75.64264542339016,26.90039274764448],[-75.64265064137685,26.900401309371958],[-75.64265584504281,26.900409606922548],[-75.64266534221217,26.90042038110732],[-75.64267553256741,26.90043299179969],[-75.64269118174876,26.900453086653886],[-75.64269741816933,26.90046400031753],[-75.64270094512611,26.90047423678124],[-75.64270446911922,26.90048447250053],[-75.6427094466713,26.900505032421],[-75.64273672080893,26.900635433430825],[-75.64274099391886,26.90065948658043],[-75.6427461001763,26.900682438100944],[-75.64275211064609,26.900705616767155],[-75.64275802024889,26.900726934860145],[-75.6427642180978,26.90075356963123],[-75.64276712994051,26.90076889297985],[-75.64276918572561,26.900790379027782],[-75.64277248557114,26.900812877058804],[-75.64278054194111,26.9008737921234],[-75.64278617947137,26.900906578471016],[-75.64278738814825,26.90091238551548],[-75.64279646156723,26.900937294816806],[-75.64280260187294,26.900962867667232],[-75.6428031636649,26.90097322987716],[-75.64281185457914,26.901007480719407],[-75.64282494929229,26.901068176257912],[-75.64282538152287,26.901076148667432],[-75.64282668816078,26.901083816420336],[-75.64282898736637,26.901093305016673],[-75.64283152068788,26.901101718085556],[-75.64283199626537,26.901110490004072],[-75.642832457284,26.901118993385886],[-75.64283297592416,26.901128559581803],[-75.64283136463871,26.90113715327663],[-75.64282803400056,26.901163404572813],[-75.64282412700467,26.901179025115606],[-75.64282346871182,26.901183315979114],[-75.64282168062307,26.901188720531163],[-75.64282106553418,26.901193808287417],[-75.64282162747216,26.90120417312273],[-75.64282293415914,26.901211841751593],[-75.64282538482345,26.901218658254237],[-75.64282759484885,26.901226555813246],[-75.64283359092163,26.901249467732963],[-75.64283740599356,26.901265017424855],[-75.6428403139806,26.9012803409731],[-75.64284377571188,26.901294838992065],[-75.64284758801259,26.90131039142923],[-75.64285060067233,26.90132757364633],[-75.64285331478854,26.901344768875358],[-75.64285847976714,26.90136878409905],[-75.6428657180326,26.901392708969304],[-75.64286814598876,26.901404590042777],[-75.64287167009435,26.901414826667],[-75.64287466087693,26.90143707080023],[-75.64287565501463,26.90145540719551],[-75.64287653395547,26.901471618833423],[-75.64287812871693,26.901484600674745],[-75.6428817421549,26.901496430962034],[-75.64288710437044,26.901507651061934],[-75.64289164688076,26.9015202387627],[-75.64289523144033,26.901531536335604],[-75.64289880070551,26.901542569773188],[-75.64292251466782,26.901607329624266],[-75.64292794801268,26.90161987937909],[-75.64293373854824,26.90163347976866],[-75.64294731336801,26.901670179857156],[-75.64295058799087,26.901681226140706],[-75.6429524783981,26.90169419510806],[-75.64295494763823,26.901706873173055],[-75.64295973804853,26.90172397881298],[-75.64296541734022,26.901741046588914],[-75.64297147121302,26.901765023108855],[-75.6429778658699,26.901789783556367],[-75.64298693940775,26.901814692057826],[-75.64300209334937,26.90184759775712],[-75.64301737074868,26.90187729684965],[-75.64302667247519,26.901889945445788],[-75.64303090089415,26.901896685359063],[-75.64303507187812,26.90190236594276],[-75.64303841146462,26.901909144593635],[-75.6430406069721,26.90191677363232],[-75.64304423380668,26.901928868155412],[-75.64304506958176,26.90194428292854],[-75.64304962943224,26.901957135567706],[-75.64305418650866,26.90196999095012],[-75.64306925487895,26.902001299339563],[-75.64308861584844,26.902035083532777],[-75.64309578755696,26.90204675788724],[-75.6431033085866,26.902059481472627],[-75.64310994486199,26.902072247114372],[-75.64311533598807,26.902083999072907],[-75.64312477883317,26.9020993035343],[-75.64313425440874,26.902115139671068],[-75.64314192347855,26.90213052144024],[-75.64314530532008,26.902138097031724],[-75.64314953390505,26.902144839562276],[-75.64316202935358,26.902161611160363],[-75.64318264938771,26.9021857516429],[-75.64320327230502,26.902209891124375],[-75.6432094225716,26.90221921191386],[-75.64321266042585,26.902224131767554],[-75.64321591080153,26.902229318500442],[-75.64321806609169,26.90223615139399],[-75.64322047069776,26.90224217114654],[-75.64322675073787,26.902253885239556],[-75.64323417393743,26.902264749855664],[-75.64324135719107,26.902276690259967],[-75.6432478925292,26.90228759357326],[-75.64325541458032,26.90230031711684],[-75.64326376988359,26.902311940761013],[-75.64328828710362,26.902336710160338],[-75.64331455619138,26.90236087184655],[-75.64332460359897,26.902370821557184],[-75.64334593270902,26.90238614105269],[-75.6433670844205,26.90240359981254],[-75.64338328874805,26.90241754511053],[-75.64339945264621,26.902430690767403],[-75.64341028811968,26.902438742886982],[-75.64343425786429,26.902453414170633],[-75.64347203467565,26.902470681385356],[-75.64348786727791,26.90247771690868],[-75.64351431620803,26.902488816695946],[-75.64352822698577,26.9024932713411],[-75.6435430380135,26.90249795154809],[-75.64355863810545,26.902500734995712],[-75.64359161986374,26.90250622422808],[-75.64362578410703,26.902511661032694],[-75.64363846429202,26.902515370522064],[-75.64365603124477,26.902521529019765],[-75.6436747828149,26.902527638500054],[-75.64370009798982,26.902534259780925],[-75.64371392333064,26.90253712056413],[-75.6437256253371,26.90253927512025],[-75.64373125693167,26.902539029641606],[-75.64373731574649,26.902541161881203],[-75.64374215944454,26.90254281660597],[-75.64374698862756,26.90254420366392],[-75.64375587342387,26.90254914216247],[-75.64376503855475,26.902553803637037],[-75.64377489881329,26.902560300670316],[-75.64378392777354,26.902567897523273],[-75.64379204967823,26.902575269110788],[-75.64380021864228,26.902583436553154],[-75.64380746899971,26.90259111180853],[-75.64381385741395,26.90259935773915],[-75.64382005109624,26.902609477144694],[-75.64382624478016,26.902619596550323],[-75.6438345568477,26.90263042064712],[-75.64384179381184,26.90263783080792],[-75.6438490421864,26.90264550527473],[-75.64385712380724,26.90265207983501],[-75.64386431751245,26.902658692225916],[-75.64387229624352,26.902663405409402],[-75.6438802912943,26.902668383558566],[-75.64388827294472,26.90267309661369],[-75.6438989202454,26.902677695217086],[-75.64391161581757,26.902681669681293],[-75.6439245916771,26.902685366248097],[-75.64393629463741,26.902687519865346],[-75.64394192526967,26.902687274416458],[-75.64394798512197,26.902689407473407],[-75.64395979083635,26.90269341984812],[-75.64397562158462,26.90270045538151],[-75.64399125663401,26.902709364431114],[-75.64400135483099,26.902714783994018],[-75.64400731993655,26.902720652027117],[-75.64401451060193,26.902727261920116],[-75.64402752336974,26.902737084931918],[-75.64403683266181,26.902744403870248],[-75.64404660639053,26.902749304470515],[-75.6440594740235,26.902756469162895],[-75.64407130669998,26.90276101432763],[-75.64408400141706,26.90276499055636],[-75.64409486061942,26.902767977970978],[-75.6441066068629,26.902770929337116],[-75.64411750942742,26.902774716262094],[-75.64412851095472,26.902780363860018],[-75.64413752467614,26.902787696549385],[-75.64414569369976,26.902795863969235],[-75.64415307182396,26.902805929981675],[-75.64420131667575,26.90287921201204],[-75.64422245615212,26.90291292034336],[-75.64422869313373,26.90292383663309],[-75.64423029742767,26.902931489708546],[-75.6442324931307,26.902939119623777],[-75.64423390562649,26.902965163532468],[-75.64423269012491,26.902975606804976],[-75.64422825790412,26.902986985595927],[-75.64422322876896,26.90299839390516],[-75.64421904812878,26.903008965568812],[-75.64421471686039,26.903022205823703],[-75.64421261139461,26.90303268527399],[-75.64420906996128,26.90306054272099],[-75.64420582615163,26.903088388070216],[-75.64420144850217,26.903111754961067],[-75.6441940992561,26.903140577197604],[-75.64419090831323,26.903152969837915],[-75.64417619765774,26.903199426649753],[-75.6441623289132,26.903245051478308],[-75.64415922532457,26.90325903700614],[-75.6441561209042,26.90327302519274],[-75.6441520699447,26.903285988433975],[-75.64414205314179,26.903314926974335],[-75.64413293765845,26.903344092777463],[-75.64412569563416,26.903369446926895],[-75.64412267866092,26.90338502974665],[-75.64411967795887,26.903400876662563],[-75.64411332477582,26.903426192069006],[-75.6441106912355,26.90343243495813],[-75.6441081017442,26.90343947208878],[-75.64410674102498,26.903447256184823],[-75.64410410845586,26.90345349903194],[-75.64410264780152,26.903459422491366],[-75.64409997099311,26.90346486760971],[-75.64409454813527,26.90347442722853],[-75.64408854643467,26.903484277759357],[-75.6440830351445,26.90349224279199],[-75.64407669458684,26.90350130931082],[-75.64407213911771,26.903504970457593],[-75.64406931915332,26.903507758039044],[-75.64406546519243,26.903507926043755],[-75.64406269768327,26.903506180819257],[-75.64406039086515,26.90350202003495],[-75.64406020361696,26.903498567384474],[-75.64406453103075,26.903468808891507],[-75.64407060943373,26.9034384444622],[-75.64407836550507,26.903406140160723],[-75.64408673624396,26.903379669724355],[-75.64410107690505,26.90334281704408],[-75.64411555124067,26.903308357510166],[-75.64412283546167,26.903283799437304],[-75.64412608114465,26.90327246974221],[-75.64413572132553,26.903220105012835],[-75.64413931756395,26.903193311371314],[-75.64414417176415,26.903140357386974],[-75.6441436096327,26.903129992476682],[-75.64414304745412,26.90311962669499],[-75.64414286010857,26.90311617230636],[-75.64414045535518,26.903110151683503],[-75.64413725965025,26.90310602878408],[-75.6441314838419,26.903103615925342],[-75.64412466578081,26.903103913148737],[-75.64411922153766,26.903107613911608],[-75.64411733268324,26.903111159682705],[-75.64411371875714,26.903148609179258],[-75.64411271296653,26.903168365649428],[-75.64411201329457,26.903188374454682],[-75.64411068934074,26.903202282397146],[-75.64411003110266,26.90320657330541],[-75.64410818546408,26.90321091597647],[-75.64410748400707,26.903214409986173],[-75.64410480720755,26.903219855099135],[-75.64410232805307,26.90322342660456],[-75.64409584140262,26.903229834835923],[-75.64408673054538,26.903237157994862],[-75.6440819227236,26.903241629796362],[-75.6440764207337,26.9032442659928],[-75.64407364399747,26.903247850470166],[-75.64406997743953,26.9032514737374],[-75.64406636842686,26.903256158083153],[-75.6440628316649,26.903262174662352],[-75.64405347409313,26.903286823110626],[-75.64404540083815,26.903313278817883],[-75.64403697541712,26.903338687165338],[-75.64403024748246,26.903357092903338],[-75.64402351954456,26.90337549864223],[-75.64400330139304,26.90344643958518],[-75.64399879483862,26.90346741314456],[-75.6439939887562,26.903488399762473],[-75.64398990886717,26.90350083028869],[-75.64398637208787,26.903506846871156],[-75.64398285338314,26.903513124848505],[-75.64397682707516,26.903528040070103],[-75.6439712432976,26.90354559715735],[-75.64396536096413,26.903563167259975],[-75.64394689707711,26.90361165358341],[-75.64393043389568,26.90364780001517],[-75.64391490568727,26.903684704476508],[-75.64391076823115,26.90369607392879],[-75.6438902336403,26.90376116543979],[-75.64388721563112,26.90377674831967],[-75.6438780057373,26.903820569055615],[-75.64386971149216,26.903864881242473],[-75.64386567492126,26.903878111299285],[-75.64386074939793,26.9038913783585],[-75.64385607396751,26.903914757410764],[-75.64385052604342,26.90393844105013],[-75.64383618687481,26.903991808634107],[-75.64383215019689,26.904005036952693],[-75.64381573301021,26.904041980197597],[-75.64380722724339,26.90406046346369],[-75.64379838373293,26.90407816528877],[-75.64379006533721,26.904100103831176],[-75.64378220856533,26.904119625896072],[-75.64376415777322,26.904159305013515],[-75.64375301833823,26.904184030310645],[-75.643741034271,26.904209592085184],[-75.64373326585113,26.90423070787439],[-75.64372668484383,26.90425177190671],[-75.64372086841911,26.904265076936472],[-75.64371474397241,26.904278130587368],[-75.64370881845032,26.9042949064405],[-75.64370289375627,26.9043116796364],[-75.64369588039386,26.90432477116093],[-75.64368887950481,26.904338128695226],[-75.64368310836873,26.904352233160893],[-75.64368051783443,26.904359270349023],[-75.64367797060915,26.904367106183628],[-75.64364087793517,26.904483001013908],[-75.64363255945018,26.90450493957924],[-75.6436239001614,26.904526094213605],[-75.64361746325673,26.904549816642607],[-75.64361101002984,26.90457327410516],[-75.64360604115602,26.904585743413964],[-75.64360198998642,26.904598705830075],[-75.64359779976131,26.90461460465027],[-75.64359389279363,26.90463022631904],[-75.64358782583604,26.904644341066437],[-75.64358215545951,26.9046603044044],[-75.6435761299082,26.904675218756914],[-75.64356418057191,26.904706906282215],[-75.64355938458449,26.9047225640828],[-75.64353732086217,26.90479784709553],[-75.64353427385225,26.904812897308304],[-75.64353121232628,26.904827679852758],[-75.64351804829082,26.904869810694926],[-75.6435090685247,26.90489604034572],[-75.64350380494459,26.90490852250932],[-75.64349971057445,26.90492068890566],[-75.643490438025,26.904946930446982],[-75.64348236551434,26.90497338886099],[-75.64347934732693,26.904988970934017],[-75.6434751128693,26.905004072911947],[-75.64346884970314,26.905030982955015],[-75.64346166502665,26.90505740180477],[-75.6434491509377,26.90512800467088],[-75.6434405314267,26.90518272071826],[-75.64343375582611,26.905233096783476],[-75.6434320154538,26.905255813152717],[-75.64343083271794,26.905272382334097],[-75.64342617100189,26.905306948310884],[-75.64342122616102,26.905341794060686],[-75.64341812593146,26.905372294545508],[-75.64341384132388,26.905402849277134],[-75.64341101037638,26.905421884926536],[-75.64340819481995,26.905441186461044],[-75.6434079004586,26.905468637806987],[-75.64340802991372,26.90550938792791],[-75.64340942785074,26.90553516794265],[-75.64341351704503,26.90555576699641],[-75.64342234816465,26.90557615850057],[-75.64343084883556,26.905590438019463],[-75.64344019137769,26.90560388380293],[-75.64345297853991,26.905625969640766],[-75.64346241126522,26.90564100645273],[-75.6434809807815,26.9056601755894],[-75.64349225550147,26.905670872482734],[-75.64350249087909,26.905684280224424],[-75.64351263867081,26.905696090706428],[-75.64352489259645,26.905708342499512],[-75.64353119383982,26.905714994783224],[-75.64353626817851,26.905720899130383],[-75.64354265969519,26.905729144186644],[-75.6435782349627,26.905744108627108],[-75.64358800918727,26.905749011950824],[-75.64364326892928,26.905770844107405],[-75.64369845453992,26.905648833327042],[-75.64361749368504,26.905618799032847],[-75.64361453932423,26.90556431903799],[-75.64360548113834,26.9055561893508],[-75.64359636633878,26.90554699765988],[-75.64358795197644,26.90553431022761],[-75.6435820849853,26.90551378866974],[-75.64358068717958,26.905488012147366],[-75.64358152908343,26.905470659014068],[-75.64358314324613,26.905462064153838],[-75.64358163986208,26.905417910460876],[-75.6435828556805,26.90540747057898],[-75.643585302006,26.905397773231314],[-75.64358780601329,26.905389139587896],[-75.64360246732164,26.9053581343051],[-75.64361141294278,26.905342293843848],[-75.64361573693441,26.90533437966283],[-75.64362004757147,26.90532620125738],[-75.6436260280056,26.90531049004102],[-75.64363062509075,26.905291109981608],[-75.64363641731407,26.9052719461327],[-75.64363985339905,26.905264070654273],[-75.64364685525938,26.90525071128635],[-75.64365381015394,26.90523655779835],[-75.6436580918925,26.90522784667101],[-75.64366147043184,26.905218910105752],[-75.64366387347881,26.905208414986323],[-75.64366735282066,26.905201337286247],[-75.64367088887275,26.905195323331615],[-75.64367873647218,26.905181130059542],[-75.64368281635957,26.905168696844783],[-75.6436961246596,26.9051292269284],[-75.64370186301318,26.905108998344193],[-75.64370854490602,26.9050897931029],[-75.6437169921074,26.905070245235233],[-75.64372538228764,26.905060557114776],[-75.64373341724219,26.905049819134884],[-75.6437377825228,26.905042702819376],[-75.6437419200775,26.905031333311484],[-75.64374634089101,26.905019686650718],[-75.64375076214662,26.904997119117187],[-75.64375641390187,26.904975294115822],[-75.6437604074753,26.904961269714832],[-75.64376454404973,26.90494990025213],[-75.64376902064194,26.904939318252733],[-75.64377653655714,26.90491900957434],[-75.64377945290235,26.904901568676518],[-75.64378330230306,26.904884885896745],[-75.64378918186257,26.90486731583674],[-75.6437960107476,26.904850767991032],[-75.64379920090009,26.90483837619148],[-75.64380333848187,26.90482700756235],[-75.64380747601514,26.904815638061685],[-75.64381632072312,26.904797938755145],[-75.64382491203058,26.904781049282306],[-75.64383433133966,26.904757462492228],[-75.64384373242615,26.904733611691636],[-75.64385194992565,26.904709811610765],[-75.64386070241505,26.904674001155993],[-75.64386916324077,26.904638205166908],[-75.64388895421898,26.904575807891362],[-75.64389353056106,26.904567083932495],[-75.64389600976887,26.904563512412736],[-75.6438997198044,26.904560689523336],[-75.64390160870472,26.90455714373533],[-75.6439031558303,26.904552814058494],[-75.64390551560587,26.904541522058647],[-75.64390781783631,26.90452916897498],[-75.64390884606854,26.90451527123068],[-75.64391116179398,26.904503184987522],[-75.64391854802348,26.90448048649759],[-75.64392710335686,26.904457470493192],[-75.64393212985651,26.904446064873753],[-75.64393626739731,26.904434696257255],[-75.64393856961956,26.90442234317831],[-75.64394092646832,26.904411051310824],[-75.64394717786614,26.90438387438165],[-75.64395122891854,26.904370911090467],[-75.64395540981207,26.90436034199481],[-75.64396077793351,26.904349717650792],[-75.64396791993408,26.904339016855044],[-75.64397496501225,26.904326457032006],[-75.64398136518793,26.904318452359522],[-75.64398860906047,26.904309612122503],[-75.643995589101,26.904301317366752],[-75.64400292232425,26.904294070806564],[-75.64400772929162,26.904289599903876],[-75.64401012204846,26.904284434580788],[-75.64401284220486,26.904279788092488],[-75.64401609086386,26.904268458227435],[-75.64402300154225,26.904236992084737],[-75.64403109564638,26.904205472609437],[-75.64403514667512,26.904192509324197],[-75.64404121531746,26.904178391874183],[-75.64404736859167,26.90416587092867],[-75.64405272647625,26.904160576350048],[-75.64405723871936,26.904156117420662],[-75.64406080455628,26.90415063615608],[-75.64406349474648,26.904145455246578],[-75.64406598428403,26.904136556582554],[-75.64406724323477,26.90412691365135],[-75.64406876701487,26.904100207636937],[-75.64406913710596,26.90409060345475],[-75.64406956474325,26.90408206035521],[-75.64407116532495,26.90407319869718],[-75.6440726116187,26.904067010170696],[-75.64407530291948,26.904061831835904],[-75.64407803354882,26.90405745057219],[-75.64408071037954,26.904052005441088],[-75.64408666890672,26.90404135798627],[-75.64412397280705,26.903923856376508],[-75.64412542191661,26.903917665982043],[-75.64412722143446,26.903912526524255],[-75.64414179570754,26.903879925801785],[-75.64415212861844,26.9038568323377],[-75.64416332556603,26.903833170723903],[-75.64417427640156,26.9038049893148],[-75.64418245780968,26.903775063641383],[-75.64418447593516,26.903762991273066],[-75.64418766680996,26.903750596858043],[-75.64419097213766,26.903740330750498],[-75.64419539378063,26.9037286840885],[-75.64420052100745,26.90371913734194],[-75.64420470164173,26.903708564776156],[-75.64421198300205,26.903684007655027],[-75.64421744727301,26.903658730092108],[-75.64422928965935,26.903608669113503],[-75.64423258143071,26.90359813530041],[-75.64424214367399,26.903577206994495],[-75.64425133626568,26.903554962914914],[-75.64426507633867,26.903523464793405],[-75.64429441546697,26.903439873457035],[-75.64429840886156,26.903425849122314],[-75.6443024012822,26.90341182483063],[-75.64431087076923,26.903387212436844],[-75.64431589718858,26.90337580771941],[-75.64431904475761,26.903362615548847],[-75.6443205580227,26.903352162772954],[-75.64432177356554,26.90334172035495],[-75.64432423420133,26.903332289866466],[-75.64432761253173,26.903323352475525],[-75.64433104850531,26.90331547790733],[-75.64433781569515,26.903297869219656],[-75.64434951202996,26.90326699069671],[-75.6443492381849,26.903261941637105],[-75.64434886342723,26.90325503198483],[-75.64434944442695,26.903243817577007],[-75.64435131930328,26.903229086826165],[-75.64435343304716,26.90321327857958],[-75.64435742627721,26.903199251639858],[-75.64436071815517,26.903188720455727],[-75.64436396379882,26.903177390756966],[-75.64436806734308,26.903159898200578],[-75.64436886582122,26.9031417483287],[-75.64437381022988,26.903106905461602],[-75.64437945399052,26.90306856605875],[-75.64438520060372,26.903032087167883],[-75.6443876997291,26.903006939801884],[-75.64438796881429,26.90299547419913],[-75.64438935318145,26.902982627214687],[-75.64439019404362,26.902965276911686],[-75.64439222215968,26.902947872228083],[-75.64439179936852,26.902923650163363],[-75.6443899689332,26.902889901466093],[-75.64438574981229,26.90286690937299],[-75.64437884978608,26.902843768481706],[-75.64436987454589,26.90282071893768],[-75.64435992300551,26.90279611352124],[-75.6443522709169,26.902780996731913],[-75.64434455928996,26.902764818079522],[-75.64433479516559,26.902743667920873],[-75.64433032436392,26.90273240809647],[-75.64432497622612,26.902721453072267],[-75.64431844166981,26.902710549771076],[-75.64431110383616,26.902701280799455],[-75.64430407892947,26.902692263863244],[-75.64427667891304,26.90265270394219],[-75.64426376512561,26.90262822505319],[-75.64425757147767,26.90261810741947],[-75.64425014809841,26.90260724286737],[-75.64424270937374,26.902596113306615],[-75.64423361117035,26.90258718675513],[-75.6442253421761,26.902577157847894],[-75.6442109650135,26.902558605141387],[-75.64419513052559,26.90253505498336],[-75.64418880714216,26.902522544916245],[-75.64418049503621,26.902511720855188],[-75.6441731571438,26.902502450136794],[-75.6441659662967,26.902495836774445],[-75.64415784158884,26.90248846796405],[-75.64414975903425,26.90248189434804],[-75.6441417206249,26.902476116713533],[-75.64413372756941,26.902471139377358],[-75.64412588995503,26.902469082086157],[-75.64411527063567,26.90246501714368],[-75.64410525987259,26.902461191348447],[-75.64408947048236,26.90245495369641],[-75.64407364088873,26.902447920762285],[-75.64405681747496,26.902439062668243],[-75.64404883685832,26.902434350461288],[-75.64404573053926,26.90243182123534],[-75.64404386350769,26.902430305064513],[-75.64404080040654,26.902428572734568],[-75.6440350823861,26.902427224439208],[-75.64402989789518,26.90242478580622],[-75.64397083361284,26.90242043634646],[-75.6439565054462,26.902419195955606],[-75.6439381286439,26.902419997035338],[-75.64391881978545,26.902420039961324],[-75.64387912293259,26.90241670942325],[-75.6438605577792,26.902414055279372],[-75.64384114505837,26.90241223685806],[-75.64382770582927,26.90241095944636],[-75.64381402841606,26.902410754250877],[-75.64380054504741,26.90240868085354],[-75.64377888601808,26.902403762595657],[-75.64375746809431,26.90239777198789],[-75.64372635344245,26.9023937998642],[-75.643695295503,26.90239089146353],[-75.6436681790129,26.902389411430587],[-75.64365667488319,26.902390977340158],[-75.64364412727564,26.90238965841642],[-75.64363260891426,26.90239096188788],[-75.64362096451917,26.902389869268635],[-75.64359369998769,26.902385731029117],[-75.6435819115829,26.902381982665833],[-75.64354841313289,26.902366927978772],[-75.64352557718006,26.902356735184497],[-75.64351457376598,26.902351086739632],[-75.64350388244404,26.902345692989485],[-75.64349455887907,26.902338108960283],[-75.64348558751155,26.90233157316202],[-75.64347475209262,26.90232352192646],[-75.64346366226407,26.90231627968447],[-75.64344252798622,26.902299088491592],[-75.6434232144631,26.90228261409292],[-75.64338144264748,26.90224101491132],[-75.6433722841343,26.902231027343152],[-75.64332751686223,26.902172510808526],[-75.64330464060451,26.90213967688434],[-75.64328444825824,26.90210699340637],[-75.64327161857096,26.902084111843152],[-75.64325968156953,26.902061190499236],[-75.64324376105945,26.90203604644081],[-75.64323534728375,26.902023361776813],[-75.64322817847355,26.902011687306857],[-75.64322158650677,26.901999721144833],[-75.64322038069714,26.90199391395269],[-75.64321827061458,26.901987878748187],[-75.64321666629984,26.901980223069803],[-75.6432153020274,26.90197149334851],[-75.64321353417466,26.90195532041955],[-75.64320563301038,26.901919172687936],[-75.6432004678856,26.901895157428545],[-75.64319320798334,26.901865371105238],[-75.64318301303975,26.901836249303326],[-75.64316290279216,26.901788645926537],[-75.64314125686425,26.90174563647461],[-75.64312088669847,26.901704168978824],[-75.64310500211401,26.901663307389278],[-75.64307738725816,26.901581401419648],[-75.64305968029926,26.901523305741655],[-75.64305461603135,26.9015011493505],[-75.64304968152835,26.901481386257014],[-75.64303921279672,26.901447212844644],[-75.64302865678357,26.901411447435624],[-75.64302631716005,26.901401160067532],[-75.64302218508583,26.90137976445717],[-75.64301776771583,26.9013530529041],[-75.64301340607537,26.901327405125034],[-75.64300782321783,26.901295683419256],[-75.64300232672984,26.90126555463096],[-75.64299923795706,26.90124144981163],[-75.64299580738859,26.901216560241355],[-75.64298834597135,26.901183054573004],[-75.64298110865981,26.901159129690356],[-75.64297641925116,26.901143886413116],[-75.64297333490006,26.901136295262322],[-75.64297171519033,26.901128372855855],[-75.64296971700983,26.901107950467768],[-75.64296891014163,26.901093068461822],[-75.64296896326272,26.901077615877217],[-75.6429607306839,26.900958637343237],[-75.64296110089894,26.90094903328989],[-75.64295997708363,26.90092830538691],[-75.64295782031823,26.900904957882787],[-75.64295582205274,26.90088453376953],[-75.64295322711749,26.90087505632465],[-75.64294936980858,26.900858709728553],[-75.64294462270733,26.90084240191241],[-75.64294411842538,26.900833100777636],[-75.64294098198705,26.900791683729466],[-75.64294097739636,26.90077516660821],[-75.6429417460583,26.900767410168655],[-75.64294122731243,26.900757842243877],[-75.64293981038391,26.900753641828793],[-75.64293864782047,26.900748631554002],[-75.64293747093426,26.900743357102037],[-75.64293423204619,26.900738434695832],[-75.64292971841017,26.900726378879646],[-75.64292380875949,26.900705060797367],[-75.64291826914216,26.90067413518679],[-75.64291184075736,26.90064324918795],[-75.64290039253376,26.90059100634036],[-75.64289315141599,26.90056708167907],[-75.64287692029912,26.900514248518583],[-75.6428592141392,26.900472665096963],[-75.64284267458231,26.900436094394703],[-75.64281769268094,26.90038630723856],[-75.64278468011172,26.900325412837443],[-75.6427772015364,26.900313486250067],[-75.64276973436829,26.900301823966544],[-75.64276339800564,26.900289048828988],[-75.64275671878708,26.9002754872393],[-75.64275048232615,26.900264572716154],[-75.642743993352,26.90025446622216],[-75.64273427416599,26.90023411296543],[-75.64272990165134,26.900224713008914],[-75.6427246547873,26.900215618579303],[-75.64271816688769,26.900205513786947],[-75.64270295929425,26.900188061706384],[-75.64268848197983,26.900170505263596],[-75.64268642135023,26.9001680056102],[-75.64267349685146,26.90015341665465],[-75.64266869897833,26.90014800112978],[-75.64264498091491,26.900116002817125],[-75.64263337195156,26.900099195301937],[-75.64262295039343,26.90008233691487],[-75.64261463863255,26.900071510210417],[-75.64260632881887,26.900060683420925],[-75.64257683510944,26.900015355063083],[-75.6425463958374,26.89996899997037],[-75.64253901518647,26.89995893233456],[-75.64253074684042,26.8999489060044],[-75.64250110891913,26.899900915827164],[-75.64249030534803,26.899882475673145],[-75.6424798260936,26.899864551861352],[-75.64245339632603,26.899820953205488],[-75.64242581288626,26.89977793704731],[-75.64241854067897,26.899764403055475],[-75.64241177910627,26.899749248397242],[-75.64240411037488,26.899733865848475],[-75.64239768660825,26.899719494367343],[-75.64239007855596,26.89970517711566],[-75.64238232431379,26.89968819900613],[-75.64237486778275,26.89967121054589],[-75.642367300946,26.899657689395873],[-75.64236096358971,26.89964491169223],[-75.64233353150269,26.89958830461511],[-75.64230577852541,26.89952025696048],[-75.64229924957982,26.899487509629438],[-75.64228977464454,26.899471676196818],[-75.64228113455984,26.89945473669852],[-75.64227337953656,26.899437761255616],[-75.64226892068199,26.89942676666285],[-75.64226440431096,26.89941471100747],[-75.64225901447624,26.899402959087798],[-75.64225371015976,26.899392802728332],[-75.64224473499263,26.89936975335447],[-75.6422357627009,26.899346702982992],[-75.64221730679098,26.899313142651184],[-75.64219907268794,26.89927824341374],[-75.64218710780582,26.89925479384918],[-75.64218284373914,26.899241925814923],[-75.64217461632794,26.899216181013887],[-75.6421598868541,26.899158219098574],[-75.64214514317723,26.899099994763024],[-75.64214190305083,26.89907855784606],[-75.6421358972633,26.899071895429113],[-75.64213059289158,26.89906173733296],[-75.64212405896087,26.89905083404575],[-75.64211780725607,26.89903965278755],[-75.6420955400984,26.899007059940924],[-75.64208845910794,26.898996979259422],[-75.64206272316461,26.89896613509512],[-75.64205128746109,26.898953867085616],[-75.64204411243443,26.89894616932558],[-75.64202677154884,26.89892774575874],[-75.64201344397794,26.898912080211634],[-75.64200014787396,26.898896941143526],[-75.64197448803338,26.89887302038432],[-75.64194828118634,26.898849923096837],[-75.64193908002551,26.89883913777337],[-75.64192869241134,26.89882840239793],[-75.64189937652816,26.898802775099156],[-75.64187818587199,26.898784519260214],[-75.64186709675509,26.898777277809753],[-75.64183139738337,26.89875992154793],[-75.64178304539186,26.89873938664751],[-75.64171214589955,26.898713973581724],[-75.64168767776769,26.898706516266888],[-75.64165756376786,26.898699035763826],[-75.64168529948536,26.898805176712663],[-75.6414110218622,26.898682605036303],[-75.64138387534236,26.898670473483147],[-75.64137901211367,26.898650233788832],[-75.64137006710988,26.898613004565156],[-75.64134126715739,26.89859694596382],[-75.64132525029369,26.898586455781654],[-75.64132437262916,26.89858578264396],[-75.64130913172394,26.898574106823272],[-75.6412951477615,26.89856272843284],[-75.64128795558885,26.89855611504524],[-75.64128155249551,26.898547604949897],[-75.64127461280313,26.898540182670295],[-75.64125496952222,26.898517597186018],[-75.64123445182172,26.89849531546694],[-75.64118972878238,26.89843759845553],[-75.64118141934796,26.89842677161459],[-75.64117601441322,26.898414754677034],[-75.64117062384382,26.898403002786576],[-75.64116048763358,26.89837494224308],[-75.6411453590079,26.898326055134728],[-75.6411380783859,26.898301333552535],[-75.64111795013041,26.89824787166944],[-75.64111990439346,26.898232906260038],[-75.64112067944146,26.898226973520973],[-75.64111686584255,26.89821142391287],[-75.64111128814724,26.898196218576352],[-75.64110376384471,26.898183493462103],[-75.64109176737377,26.89816914628747],[-75.6410891513118,26.898166018001614],[-75.64107661373922,26.89814844865259],[-75.64107135289824,26.898139090035027],[-75.64105562871367,26.89811207258276],[-75.6410305046315,26.898059626251715],[-75.64102509974643,26.89804760932374],[-75.64101931074696,26.898034008105128],[-75.64100876022832,26.898014758164177],[-75.64099603648056,26.89799373445138],[-75.64096147075635,26.897942499070606],[-75.64094901688706,26.897926527100882],[-75.64093652373,26.897909758078537],[-75.64091975623052,26.897885448045336],[-75.64090614091802,26.897864464919724],[-75.64089132582876,26.897843267512602],[-75.64087263696945,26.897816380961963],[-75.64085489723003,26.89779051487988],[-75.6408475171538,26.89778044981896],[-75.64084092777459,26.897768481872568],[-75.64082652458482,26.89774939888821],[-75.64080265355248,26.897720071745297],[-75.64078936948209,26.89770520037126],[-75.64077700496647,26.897690822031617],[-75.64076141453786,26.897671791635297],[-75.64074380358056,26.89764831885154],[-75.6407353915329,26.897635631538208],[-75.64072614741437,26.897624047525948],[-75.64070974314264,26.897606384432123],[-75.64069167342782,26.897590921877494],[-75.64067832321828,26.897580315484948],[-75.64066432327208,26.897568672959043],[-75.64064712799816,26.897552906637614],[-75.64062861874882,26.897534800388545],[-75.64056497386167,26.897478703709307],[-75.64054881344222,26.897465557754874],[-75.6405336405373,26.89745423110632],[-75.64052048619413,26.897441752098604],[-75.64050733370561,26.89742927126132],[-75.64048300617296,26.897407956833245],[-75.64047084139207,26.897397298788107],[-75.6404586757839,26.897386643399777],[-75.64044297305401,26.897365483763174],[-75.64042639605317,26.897344630499738],[-75.64041911679112,26.897336424231867],[-75.64039050355849,26.897307302728585],[-75.64037548520604,26.89729330475537],[-75.64036114656996,26.897280878193566],[-75.64034395147048,26.897265112707935],[-75.6403276614645,26.89724957346965],[-75.64031050955477,26.897234604860724],[-75.64029656624423,26.897224023394173],[-75.64028237166237,26.89721425512725],[-75.64026714413393,26.897201864650885],[-75.64025715533865,26.89719297675587],[-75.64024681150096,26.897183040765896],[-75.64022572235069,26.897166642615726],[-75.64020369760134,26.897149490820595],[-75.64018640458332,26.89713186289409],[-75.64017823658754,26.897123695325224],[-75.64016888512747,26.897115578426867],[-75.64016207820715,26.89711054836778],[-75.64015192047664,26.897104064980187],[-75.64014305187786,26.89709939125923],[-75.64013275299735,26.897090248568862],[-75.64011477001014,26.897076382313685],[-75.64009757681056,26.89706061409657],[-75.6400873770329,26.897053336396425],[-75.6400774746244,26.89704604224842],[-75.64006933935265,26.89703840633839],[-75.64006210328388,26.897030996061872],[-75.64005487110616,26.897023585615614],[-75.64001865931303,26.89699133252906],[-75.63999851676324,26.896975961045733],[-75.6399843212931,26.896966192786707],[-75.63997036468982,26.896955346196254],[-75.63995918865525,26.89694650998874],[-75.63994711328165,26.89693744552965],[-75.63987580543193,26.89688248368912],[-75.63985574636398,26.896868706068954],[-75.63983981747418,26.896859811172256],[-75.63982479177076,26.896851143483698],[-75.63981582136053,26.896844607487388],[-75.63980566466708,26.89683812402757],[-75.63979584865369,26.896832423615976],[-75.63978573819254,26.8968267395225],[-75.63976578286531,26.896814822307647],[-75.63973487523486,26.89679272814515],[-75.63970354338234,26.8967682544238],[-75.63967224225813,26.896744311572256],[-75.63966145115376,26.89673705609559],[-75.63964420541113,26.896725820495092],[-75.63962728409409,26.896715103852635],[-75.63960324485274,26.89669910237206],[-75.63959328505767,26.896690747131757],[-75.6395780578868,26.896678359187433],[-75.63956189567237,26.896665209706004],[-75.63955199341149,26.896657916386854],[-75.63954090686245,26.896650676387868],[-75.63951183536177,26.896629565769647],[-75.6394925242589,26.896613093574192],[-75.63947434187418,26.896595506046964],[-75.63945672181353,26.896577359194286],[-75.63944048402838,26.896557289832884],[-75.63942558132146,26.896534498638882],[-75.63940116421725,26.896495073425804],[-75.63939059981938,26.896475555767108],[-75.63938295041228,26.89646044067387],[-75.63937523940707,26.896444260339408],[-75.63936890291141,26.896431484349666],[-75.6393613944963,26.896419025936602],[-75.63935477006288,26.896400934227618],[-75.63935130432299,26.896391762223807],[-75.63934900573746,26.896382274599397],[-75.63934730304331,26.896372757531143],[-75.6393468424408,26.89636425429903],[-75.63934755181424,26.896355433575742],[-75.63934713437705,26.89634772722247],[-75.63934661620533,26.896338161196343],[-75.63934615555588,26.896329657093624],[-75.6393444960757,26.896320937777386],[-75.63933863092998,26.89630041673811],[-75.63933027223872,26.896272278881185],[-75.63932216896146,26.896243332021243],[-75.63931549093033,26.89621325605219],[-75.63931072018393,26.896174575498335],[-75.63930851373745,26.8961557583349],[-75.63930917994865,26.896146140741894],[-75.63930866168859,26.89613657297982],[-75.63930772609115,26.896119300615677],[-75.63930684801554,26.896103090174773],[-75.63930628654417,26.896092724665046],[-75.63930943120211,26.89606302235964],[-75.63931305081101,26.896042088322876],[-75.63931704459107,26.896028062009886],[-75.63932010653211,26.896013279266075],[-75.63932947834465,26.895972382762334],[-75.63933103322381,26.895962724730712],[-75.63933450515911,26.895922618236142],[-75.63923933290275,26.89590971512332],[-75.63930458596131,26.89577608826082],[-75.63936179809829,26.895784782114493],[-75.63937257693719,26.895753415560964],[-75.63938935426482,26.895723116143643],[-75.63941304026747,26.895699710796006],[-75.63944736466074,26.89566971517523],[-75.63946473879514,26.895655904080506],[-75.6394864494569,26.89564537094743],[-75.63950826172825,26.89563669569129],[-75.63955859041438,26.895622517397836],[-75.63956127349253,26.895621595681284],[-75.63961633836416,26.89560268948336],[-75.63966665653956,26.895588245921317],[-75.6397354907977,26.895575657017464],[-75.63977882067103,26.895574837029795],[-75.63981757991756,26.895577411100394],[-75.63987363259731,26.895581094306042],[-75.639942557147,26.895586616642046],[-75.63999893826677,26.895596415964008],[-75.64003890494352,26.895604796939644],[-75.64006635109114,26.895612390498716],[-75.64012574110649,26.895622855707636],[-75.64019597393784,26.895636045393847],[-75.64023506634881,26.895644731786163],[-75.64032409285193,26.89565390604029],[-75.64034858489083,26.895656302568447],[-75.64041122288093,26.89565543917809],[-75.64047535042454,26.895649183493262],[-75.64051452530336,26.89564294936625],[-75.64054882627022,26.895634529508392],[-75.64058868431773,26.89561894007172],[-75.64063923918754,26.895592498218797],[-75.64067016075586,26.895576502758658],[-75.64071344430371,26.89555836866215],[-75.64074341842662,26.895541347403395],[-75.6407776750315,26.895515615445454],[-75.64078801181181,26.895509037289646],[-75.6408139605869,26.895488996336937],[-75.6408317338671,26.89547703427929],[-75.64087317519665,26.895441399000514],[-75.64089800475871,26.89541714471523],[-75.64090767145491,26.895403669112497],[-75.64091943741103,26.895385045605835],[-75.64093342896619,26.89536365971441],[-75.64094180388294,26.895353703696657],[-75.64095405919304,26.895333193069632],[-75.64096281899927,26.895313900016237],[-75.64097173791075,26.89528660723718],[-75.64098801054243,26.895247007537446],[-75.64100366146337,26.89521782485594],[-75.64102892040829,26.895163185182863],[-75.64104090089852,26.89512111054168],[-75.6410507369462,26.89506687447556],[-75.64105540456326,26.8950104673164],[-75.64105640684271,26.89495768315488],[-75.64105528363166,26.894936955742033],[-75.64105040756634,26.89491825412432],[-75.64104354499408,26.89490124092592],[-75.64103270276473,26.894860160581118],[-75.6410082425991,26.894781581513502],[-75.64096635172157,26.89468831196732],[-75.64096559244808,26.894686765015763],[-75.64093062115788,26.894615553016155],[-75.64088963087481,26.894533432055358],[-75.64085225886599,26.89443037806301],[-75.64084061707985,26.894380007139592],[-75.64083075115916,26.89434048271578],[-75.64082071243648,26.89429776907027],[-75.64081738611075,26.894236382125097],[-75.64084510552814,26.89415579845698],[-75.6408894163731,26.89408540975716],[-75.64093829082805,26.894034794516813],[-75.64096620869928,26.89400588332791],[-75.64103876945666,26.893941457915695],[-75.64110823287591,26.893869177269334],[-75.64114452377665,26.89380979519454],[-75.64114571987473,26.893807766309624],[-75.64119322694182,26.89372723033073],[-75.64123025094767,26.893664886107345],[-75.64124788486117,26.893617501974752],[-75.64126795910329,26.893543909721355],[-75.64128974304509,26.893496345671387],[-75.64129932664035,26.893459436480452],[-75.641316919366,26.893411258038384],[-75.64135085280847,26.89336316379678],[-75.64137734382383,26.893336706592464],[-75.64141213452794,26.89329896484258],[-75.64144653382313,26.893275888524798],[-75.6414856744509,26.893252608240058],[-75.64150520724597,26.893240302937674],[-75.64154186119883,26.893238705927086],[-75.64157752431892,26.893237152073407],[-75.6416340004888,26.893232295114927],[-75.64169794998794,26.893217253980602],[-75.641745960073,26.893215162083187],[-75.64178600406672,26.893203030911735],[-75.6418414431788,26.893179040310585],[-75.6418918344802,26.893144079286312],[-75.64194135327904,26.893098505987364],[-75.64198355293415,26.893060441207812],[-75.64200552254505,26.893016331379982],[-75.64203192239007,26.8929717628382],[-75.64204951347519,26.892923582656373],[-75.64205163858611,26.892891527907093],[-75.64206577652718,26.892850955226525],[-75.6420874064135,26.89280606409129],[-75.64212092087149,26.892761186405004],[-75.64216213969688,26.89270504919615],[-75.64220836730205,26.892670006448835],[-75.64224724113721,26.89263634768311],[-75.64229864293097,26.89260907038298],[-75.64233864021925,26.892596138784462],[-75.64238609113998,26.892583684587976],[-75.64242579377894,26.89257076579349],[-75.64247758082585,26.892561583237807],[-75.64252515929918,26.89255151877968],[-75.6426258485731,26.892540204933645],[-75.64270169950836,26.89253103966474],[-75.64275420931705,26.892524223445836],[-75.64283033281319,26.89252010434205],[-75.64289445859688,26.89251384880882],[-75.64294624554904,26.89250466600017],[-75.64298980053543,26.892491579937033],[-75.64303795070069,26.89247563078703],[-75.64308527904423,26.892455453663654],[-75.6431160115124,26.892436002505445],[-75.64314359376584,26.892413222751376],[-75.64315782314847,26.89239076196525],[-75.64316958697901,26.892372135838816],[-75.64318434673699,26.892342991052804],[-75.64319680303981,26.892287844969353],[-75.64321016611582,26.892232921541968],[-75.64322717721717,26.89217411454521],[-75.64329322579519,26.89205536501065],[-75.64333015785971,26.891991425059636],[-75.6433670074371,26.891925892961577],[-75.64338587270257,26.891895768739424],[-75.6434050466381,26.891876820482622],[-75.64341622923212,26.891869407368386],[-75.64341908841708,26.891850902862245],[-75.64343286834512,26.891803690094807],[-75.64348395554869,26.891699444942763],[-75.64352832958058,26.89162479167094],[-75.64355459692618,26.891581058009525],[-75.64356184407085,26.891568992513903],[-75.64358759774079,26.891528979585722],[-75.6436083571736,26.89150028725678],[-75.64361744668808,26.891487724596647],[-75.64367721893922,26.891401213278517],[-75.64373103823151,26.891341865304206],[-75.6437966232465,26.89129132626383],[-75.64385968796489,26.89126007650668],[-75.64392283462074,26.891235748781924],[-75.64396974423043,26.891207867767715],[-75.6440042658903,26.891170669237038],[-75.64405281563897,26.89110728972807],[-75.64410499158004,26.891017646165594],[-75.6441329986482,26.890947970090004],[-75.6441324468199,26.890937794017905],[-75.64413043353672,26.89090066774886],[-75.64413213968807,26.890860904447756],[-75.64412477031358,26.890796234018623],[-75.64413211779215,26.890701621970702],[-75.64415895737729,26.890610419499453],[-75.64420155769514,26.89050308203977],[-75.64426387145534,26.890392221467245],[-75.64429095280038,26.890354815130284],[-75.64430138867,26.890333584135114],[-75.64430896068964,26.890314340276415],[-75.64429955741447,26.89029983374519],[-75.64432634521135,26.890262442830714],[-75.64438301652024,26.890206430983653],[-75.6444088981705,26.890176252494722],[-75.64441766321704,26.890166032891173],[-75.64444429603479,26.890142229914076],[-75.64449961165322,26.89011051809004],[-75.64453856337252,26.890083782609008],[-75.6445650087441,26.890056524532827],[-75.64460470877809,26.89004360587806],[-75.64466569443155,26.89004520864433],[-75.6447341521553,26.890042223568752],[-75.64479790097225,26.890029057542947],[-75.64487768785521,26.89002131548945],[-75.64491395250272,26.890016270862887],[-75.64494961275356,26.89000006498159],[-75.64500756111063,26.889962111187213],[-75.6450451001395,26.889909334762567],[-75.64507884232845,26.88985778568895],[-75.64510502094262,26.88982015200645],[-75.64513675971443,26.889731668665046],[-75.64517140512282,26.889658789537588],[-75.64525274790144,26.889487681909817],[-75.64533394898758,26.889369793544596],[-75.64536813039186,26.889320168845714],[-75.64544550437384,26.88921616046963],[-75.64546254161415,26.88919325640297],[-75.64546822671667,26.889186972487767],[-75.64552599349288,26.889123103265497],[-75.64553176589335,26.889116722034114],[-75.65260445422102,26.894390595164104],[-75.65528048049448,26.896385721365373],[-75.65554156256934,26.89658037047822],[-75.65574215549975,26.89735713551485],[-75.65698615169998,26.90303987469181],[-75.65714362851405,26.90375922576723],[-75.65733842227527,26.904641753491163],[-75.65744418456369,26.90510622582964],[-75.65746495269704,26.905197432466874],[-75.65812551409795,26.908098283621463],[-75.6597775685777,26.91535139009869],[-75.65980293844676,26.91546276827661],[-75.6605514772489,26.915832505017733],[-75.66172866801719,26.916413964635158],[-75.6635300977009,26.917290505712774],[-75.6643545944484,26.91769167322625],[-75.66447051154769,26.91774807333075],[-75.66448825979006,26.917756708070463],[-75.66444035606231,26.91776833212493],[-75.66416100931374,26.917836111451187],[-75.66416079784798,26.917836167035375],[-75.66269785253863,26.91892763092615],[-75.65624718636091,26.92373971591406],[-75.65624418690618,26.923741952547985],[-75.64882944504599,26.929272049641817],[-75.64824596613106,26.929707169401688],[-75.64369983125495,26.93309711668834],[-75.64248194953866,26.934005179490814],[-75.64094413465543,26.935151736961203],[-75.64042678913539,26.935537445263193],[-75.64009631990581,26.935783824301325],[-75.64009613729246,26.935785367096152],[-75.64006535115378,26.93604537167238],[-75.63990911215335,26.937627736523666],[-75.63976023802093,26.93884598659388],[-75.63973106205553,26.939084750696598],[-75.6397241681331,26.939263571547663],[-75.63968371418423,26.94031280561397],[-75.63964420859037,26.94133754357117],[-75.63963748530506,26.94151192793001],[-75.63973045526413,26.94448174822022],[-75.63975742756179,26.945343314612046],[-75.63976584639131,26.945612222583595],[-75.63990024461475,26.948531089250178],[-75.63992092997967,26.94992478972283],[-75.63991833585474,26.949922907059335],[-75.63894289636946,26.949329966308866],[-75.63875865779984,26.949217974120085],[-75.63746442010525,26.948244622781516],[-75.63740665497029,26.948356136239596],[-75.63735978051086,26.948556475866976],[-75.63734712176826,26.94885909967816],[-75.63735279774643,26.94896856752321],[-75.63740042415074,26.949107116939068],[-75.63744793601474,26.94923013419998],[-75.63754232854343,26.94946551650343],[-75.637600155217,26.94957250595133],[-75.63738679801664,26.949705983705545],[-75.63701074359177,26.94993168785628],[-75.63627766263288,26.950405499129026],[-75.63619726008483,26.95046079212586],[-75.63615364915742,26.950485202345018],[-75.63609657059814,26.950499569980515],[-75.63594137890375,26.9505147185129],[-75.63598396413975,26.95067681601759],[-75.63603807429,26.951033565223003],[-75.63604071435228,26.95118688034022],[-75.63601837093013,26.95140742081342],[-75.63595075489746,26.95166507574595],[-75.63587408217519,26.951851297135313],[-75.63564371768733,26.9523089789454],[-75.63544830774913,26.95265040373864],[-75.63535329659183,26.95282584335535],[-75.63527902982301,26.9529439707711],[-75.63488753710432,26.952419715768297],[-75.63460648405318,26.952075698449224],[-75.63446011341073,26.95194087238352],[-75.63406415747497,26.95162659895709],[-75.63345397738544,26.95112106048678],[-75.633345829298,26.951031459329126],[-75.63266457819915,26.950464665057144],[-75.63188182719183,26.94981432609037],[-75.63064579936018,26.9487922408638]]]}}]}