{"type":"FeatureCollection", "features": [
{"type":"Feature","geometry":{"type":"Polygon","coordinates":[[[-71.0252416904295,42.373813302716925],[-71.02487820241325,42.373544772074844],[-71.02401354153224,42.3731838939996],[-71.02311559826434,42.37297770135771],[-71.02210049298972,42.372866296099026],[-71.02178778077423,42.37279949102849],[-71.02105723682581,42.3727607200411],[-71.02044652536524,42.37280581553726],[-71.01981757938563,42.37313667458797],[-71.0198241749821,42.37332577469357],[-71.01938669895978,42.37382417157223],[-71.01859057195202,42.37395899912918],[-71.01711126138885,42.37416122390417],[-71.01565946790946,42.37441372593782],[-71.01495593331528,42.374708711659665],[-71.01468973146308,42.37493346138545],[-71.01461367204477,42.37535486671022],[-71.01474677235173,42.375607708478036],[-71.01558340698571,42.375916736282896],[-71.01594468024481,42.376239809365636],[-71.01674328533676,42.376464555423624],[-71.01721864492261,42.37675953218958],[-71.01782710565023,42.376998322549376],[-71.0188919132721,42.37704046267645],[-71.0194433318059,42.37712474216757],[-71.01963347565453,42.377307345406194],[-71.01969051743262,42.37767254908728],[-71.02005179147038,42.37754613349262],[-71.02004457872665,42.37735932584791],[-71.02030230991883,42.377265120878604],[-71.02073864566813,42.37734316481598],[-71.021174260894,42.377516484363916],[-71.02159608997026,42.37781361022969],[-71.02186191621111,42.378348288013555],[-71.02210528611428,42.37845410846009],[-71.02216716199547,42.378768792242475],[-71.02208890552399,42.37892091563328],[-71.0214706998998,42.379099378660335],[-71.02105940338427,42.37910719434606],[-71.02077502497477,42.37932515526209],[-71.02040474662577,42.379854801775274],[-71.02014398649361,42.38047483565074],[-71.01953647472767,42.380934411028015],[-71.01917519326844,42.381123462516136],[-71.01885990442894,42.38117931227857],[-71.01824468078132,42.38096235487003],[-71.01738183905405,42.38076948959289],[-71.01725162692091,42.380577068241976],[-71.01650447907164,42.38080736734069],[-71.0160600140827,42.38065619956301],[-71.01591157360386,42.38042838074927],[-71.01534141010451,42.380262339424675],[-71.01498818929728,42.380237030564174],[-71.01464966199588,42.38039043411041],[-71.01420024251009,42.38034089609338],[-71.0140854164806,42.38065007340923],[-71.01349966802897,42.37952804845624],[-71.0133013418233,42.379818708486695],[-71.01365806810878,42.38050203951692],[-71.01336781041853,42.38074529775329],[-71.01340745111389,42.38095709812303],[-71.0127185975334,42.3811880343427],[-71.01251526750391,42.3811001805132],[-71.01218210845055,42.38118094807481],[-71.01228790741786,42.381418645321475],[-71.01287244543035,42.38224983719607],[-71.01259394392335,42.38253354636098],[-71.01236211182182,42.38314320762295],[-71.01148796507799,42.383457840989436],[-71.01133029873164,42.3839030848618],[-71.01107341139638,42.38388293675481],[-71.01043577477562,42.38407078577407],[-71.01031748900036,42.38440852859361],[-71.0099114367575,42.38456401285839],[-71.0060699425619,42.384273288659585],[-71.00593790752453,42.3841945171293],[-71.00361339457967,42.38400490926539],[-71.00163114271359,42.38325701391562],[-71.00084679944845,42.382898863732244],[-70.99979150090965,42.38228789827188],[-70.9991212456131,42.38198241282072],[-70.99846525089704,42.38175066348999],[-70.99792334239332,42.38164532208548],[-70.99711047806842,42.38157158306811],[-70.99676821945617,42.38164532045242],[-70.9958840531666,42.38152944499742],[-70.99522805682817,42.38157158032642],[-70.99488579839077,42.38195080378051],[-70.99470040833245,42.38191920129054],[-70.99451501706037,42.38244589863629],[-70.99481449337581,42.38242483061381],[-70.99484301403045,42.382709245681596],[-70.99508544586902,42.3831095309719],[-70.99508069186307,42.38362568463282],[-70.99473843327162,42.38353439208743],[-70.99462434603144,42.383780178438265],[-70.99484301124582,42.38412427708431],[-70.99503315264025,42.38473522444111],[-70.9952137900531,42.38446837499213],[-70.99540393317966,42.384517532386646],[-70.99535639606773,42.384952916913036],[-70.9963071130976,42.38526892201856],[-70.9969060661043,42.38504420983282],[-70.99731487484735,42.385037188018806],[-70.9967254289377,42.38538127900107],[-70.99665887788422,42.38564110277914],[-70.99597436165546,42.385346166612],[-70.9956130898428,42.38539532220356],[-70.99533738191982,42.385311053916524],[-70.9949761100341,42.38495993907732],[-70.99490005120268,42.38531105354546],[-70.99475744319594,42.385437454321945],[-70.99447222812091,42.38539531982667],[-70.99408292815426,42.385961999081744],[-70.99354101829007,42.38618319809732],[-70.99299910831441,42.38623586321209],[-70.99211494089973,42.38620426219031],[-70.99155877184312,42.386109461368065],[-70.99143042502827,42.386151594618696],[-70.99111668650802,42.386615056645596],[-70.99087425387573,42.386867852583904],[-70.99023251770002,42.38724704403457],[-70.98973339112388,42.38743663817392],[-70.98903461287337,42.3874366374523],[-70.98852122556805,42.38735237167427],[-70.98752297296357,42.38706797609379],[-70.98729480060776,42.387120641630865],[-70.98699532440439,42.3869626442958],[-70.98668158827692,42.386909978461304],[-70.98648193701763,42.38702584212104],[-70.9864534145415,42.38737343427231],[-70.9865247172589,42.38768942630343],[-70.98698106192629,42.38799488339398],[-70.98729479737257,42.38851099717381],[-70.9877368793382,42.38911136891899],[-70.98785096342753,42.38993292105275],[-70.98777965961618,42.39031209484688],[-70.9873946175988,42.390743927703696],[-70.98756574566286,42.39110203257161],[-70.98726627024979,42.39110203223246],[-70.9871093996741,42.3915759899155],[-70.98715218095158,42.3920183480887],[-70.98739461403927,42.39225005818144],[-70.98807912989216,42.392566025978184],[-70.98934833778284,42.39278720362949],[-70.99001859357281,42.39285039747259],[-70.99061754658955,42.39269241673491],[-70.99130206307015,42.39257656305529],[-70.99153023540313,42.39241858023604],[-70.99202936240884,42.39228166231156],[-70.99237162217588,42.392028888860196],[-70.99257127270957,42.39228166304173],[-70.99285648739587,42.39245017901294],[-70.99345543974297,42.392302729498006],[-70.993897523359,42.392460713303336],[-70.99416847752947,42.39241858513372],[-70.99508116443431,42.39332435074203],[-70.99586550541402,42.393998401309844],[-70.99625054523773,42.39444074261417],[-70.99682097457323,42.394925208730264],[-70.99763383849013,42.39505159132661],[-70.9987033952534,42.39530435478335],[-70.99903139248832,42.3952832918614],[-70.99920252107326,42.395462331556814],[-70.99975869045821,42.395788815057955],[-70.99998686195163,42.39636805378049],[-71.00034338115248,42.396631342990716],[-71.00128459600394,42.39636805557965],[-71.00249676648039,42.395736160733094],[-71.00323832996101,42.39512532147354],[-71.00363763474412,42.39452500827838],[-71.00457884919432,42.39390362577145],[-71.00526336973044,42.39372458329956],[-71.00514928288965,42.39350341076722],[-71.00474998114595,42.39322957628822],[-71.00422233101513,42.393282236240985],[-71.0037232020928,42.39351394068654],[-71.00342372502863,42.3935455366996],[-71.00151277553687,42.393524469799154],[-71.00142721144131,42.39330329646262],[-71.00241120742284,42.39334542660015],[-71.00296737917921,42.393324362299296],[-71.00397989803014,42.392924143767786],[-71.00432215676716,42.39287148390151],[-71.00477850304136,42.39294520940435],[-71.0058623234379,42.393513943710346],[-71.0064327562385,42.39366139271331],[-71.0082438799542,42.39386150248525],[-71.00894265892066,42.39389309947615],[-71.00969848211697,42.39399842031919],[-71.00992665484465,42.394219590864566],[-71.0104115222857,42.39421959197977],[-71.01225116724063,42.39470406027798],[-71.0132494245527,42.394577679484115],[-71.01387690043425,42.39446182994606],[-71.01430472546417,42.39428278853817],[-71.0150605477742,42.39428278927567],[-71.01553115556104,42.39436704476762],[-71.01563098103742,42.39416693909336],[-71.01605880711024,42.393703532326036],[-71.01611585063785,42.39317693041035],[-71.01601602580462,42.39306107670315],[-71.0153315071416,42.39263978948012],[-71.01510333463355,42.3924396774175],[-71.01501777071657,42.39208158080342],[-71.01480385926092,42.391870934563805],[-71.01476107807669,42.39109153827525],[-71.01457568848664,42.39074396664493],[-71.01440455845857,42.39065970586948],[-71.01406229962998,42.390775563367654],[-71.01294995576453,42.39048065159271],[-71.01255065417651,42.39029106497841],[-71.01155239828361,42.38927992798297],[-71.01123866215768,42.38891128000841],[-71.01072432236236,42.38847873000819],[-71.01006832580411,42.38823296196645],[-71.00989719705171,42.38788186271724],[-71.01052467214824,42.38817678673323],[-71.0106862943804,42.38808550102761],[-71.01022044284385,42.387425432596494],[-71.00960247597992,42.38683557714032],[-71.0096119830588,42.38670917947568],[-71.0091271153967,42.38659682423716],[-71.00875633492494,42.38631944894521],[-71.00968328918627,42.38599291834841],[-71.01027932583796,42.386016704384396],[-71.01057755306013,42.38650866834027],[-71.01103673442722,42.38696320480026],[-71.01112813049615,42.38719417221633],[-71.01142134241539,42.38750507999928],[-71.0114494979357,42.38801971469451],[-71.01178714670628,42.38840227048467],[-71.01186128386702,42.38878847159375],[-71.01236790054651,42.38892877754689],[-71.01282450401786,42.38888783613754],[-71.01308247644253,42.38876982767214],[-71.01305352413868,42.3885794609568],[-71.01514165298731,42.387806981182514],[-71.01546428120241,42.38763683599565],[-71.01914507984213,42.38629599539424],[-71.01960031743567,42.38644573918485],[-71.02060170955845,42.38659283778674],[-71.0210263771561,42.386523146681284],[-71.02303129455129,42.38560260246693],[-71.025313026928,42.384391256122065],[-71.02507059472028,42.38401204646505],[-71.02489946509186,42.38355909837311],[-71.0250487135688,42.3830657603816],[-71.02542184867582,42.38395342375897],[-71.02551856771687,42.38393107793826],[-71.02508926681985,42.38290980358234],[-71.02535721859125,42.38316816771544],[-71.02558883301708,42.383131010532985],[-71.02595459865928,42.38405674099339],[-71.02608333134928,42.38402868737605],[-71.02569207490728,42.383074268082545],[-71.0260245013995,42.383304312380346],[-71.02650514987425,42.38262027130252],[-71.02632929455935,42.382076924092296],[-71.02668279768447,42.38206646950854],[-71.026922512253,42.382234197117654],[-71.02696714092208,42.38271078310262],[-71.02858832531477,42.38270341731714],[-71.02879084711806,42.38374253586142],[-71.03007051101281,42.38383792071783],[-71.03004261199847,42.38218826183007],[-71.03022686515317,42.382191365210744],[-71.03021143934156,42.38269466633385],[-71.0331540790075,42.382732450447534],[-71.03355479775648,42.38276060413472],[-71.03358164269396,42.383598785615966],[-71.03391695004113,42.383592882268886],[-71.03390295730502,42.38315603697859],[-71.0342878371955,42.38305173401806],[-71.03458018334851,42.38324660962278],[-71.03458018210883,42.38363109061294],[-71.0348653978176,42.38372589403432],[-71.0354442164689,42.38329127198607],[-71.035821312379,42.383284627087654],[-71.0358120606852,42.38299613515128],[-71.03609135994883,42.38298490379994],[-71.03612480975394,42.384027770605954],[-71.03732123351313,42.38401296795742],[-71.03733158842662,42.384472745415515],[-71.03753346285124,42.3844702460448],[-71.03751471561621,42.38363792778904],[-71.03795263450806,42.3836325053684],[-71.03801786765048,42.383426826846126],[-71.03831173023342,42.38342318759536],[-71.03832585909873,42.384050094027664],[-71.03917894888191,42.384046368680714],[-71.03916956069087,42.383258576762024],[-71.0393140648191,42.38325040216998],[-71.03926227273817,42.382747165845444],[-71.03948765204763,42.38268256361891],[-71.04050685433874,42.382686079087875],[-71.04046358948816,42.38221816678253],[-71.04218754657467,42.38211851285919],[-71.04216507793113,42.38184802051166],[-71.04237993801955,42.38169475193228],[-71.04237025518773,42.38134446133685],[-71.04325663266543,42.38133099191283],[-71.04325382615679,42.38122950494376],[-71.04236468235698,42.38124301645025],[-71.04235991122012,42.381070416977835],[-71.04325818770089,42.381056766230664],[-71.04325456292554,42.38092567457416],[-71.04234853646935,42.38093944389489],[-71.04234500601716,42.38081168723663],[-71.0430915823152,42.380800341976006],[-71.043088532655,42.38069003031139],[-71.04233690557186,42.380701451779245],[-71.04233146761702,42.38050473724391],[-71.04325506443872,42.38049070205422],[-71.04325227537785,42.38038983093093],[-71.04232044491258,42.38040399177754],[-71.04228282910776,42.38005249515625],[-71.04189004471525,42.37994374037684],[-71.04321751291442,42.379876150252244],[-71.04321320983428,42.37980467287508],[-71.04185897202368,42.37987169626336],[-71.04184001443184,42.37974754046628],[-71.04128319431383,42.37977364303759],[-71.04101142827356,42.379543651728405],[-71.04206203436858,42.37948588747006],[-71.04210115623411,42.37940743646131],[-71.04329664710231,42.37936216830948],[-71.04331674925645,42.3792479107633],[-71.04221753810404,42.37930785535535],[-71.04219059078929,42.379036198041184],[-71.04331891727706,42.37894778612037],[-71.04331124140514,42.378676205588924],[-71.04289461625179,42.37870321736408],[-71.04287579845801,42.37843085786069],[-71.04036279201941,42.3785262761772],[-71.04034999887898,42.3783410052924],[-71.0407683596219,42.37829604892965],[-71.04282156652873,42.37818725768757],[-71.04279377900659,42.37789901291749],[-71.04181459970461,42.37795090049016],[-71.04180269419719,42.377827382220026],[-71.04114940628216,42.37786199634411],[-71.04112998489893,42.37766048309976],[-71.04043540874703,42.37769727996787],[-71.04040823521473,42.37741529489776],[-71.0402442402532,42.37733879286228],[-71.04223263097445,42.3771884199852],[-71.04221355192259,42.37699049501485],[-71.04094465198703,42.37701853334446],[-71.03917136136602,42.377112494076435],[-71.03915036282415,42.376351494659325],[-71.03666235494421,42.37724549116781],[-71.034511347787,42.37806848826235],[-71.03235934121828,42.37885548545263],[-71.03023533531743,42.37966248291446],[-71.02919133664216,42.37812748192994],[-71.02858333626267,42.37775548056693],[-71.02407221381273,42.37486383917582],[-71.0252416904295,42.373813302716925]]]},"properties":{"Ward_Num":1,"Shape_Leng":79585.5185254,"Shape_Area":45996339.4071}},
{"type":"Feature","geometry":{"type":"Polygon","coordinates":[[[-71.0252416904295,42.373813302716925],[-71.02407221381273,42.37486383917582],[-71.02858333626267,42.37775548056693],[-71.02919133664216,42.37812748192994],[-71.03023533531743,42.37966248291446],[-71.03235934121828,42.37885548545263],[-71.034511347787,42.37806848826235],[-71.03666235494421,42.37724549116781],[-71.03915036282415,42.376351494659325],[-71.03917136136602,42.377112494076435],[-71.04094465198703,42.37701853334446],[-71.04118416951997,42.376935537337545],[-71.04145651531645,42.37659361301224],[-71.04270129096385,42.37659137622318],[-71.04270120351418,42.37651281676374],[-71.04145981450874,42.37651357167088],[-71.04145867577977,42.37640639596199],[-71.04260007730383,42.376399726472],[-71.04263720264906,42.37619004494001],[-71.04357821268377,42.376281637194246],[-71.0435900483153,42.37621478468183],[-71.04213574574973,42.37607322862301],[-71.04130815413318,42.375898425821035],[-71.04065430273954,42.375688580507045],[-71.0406937354815,42.37556725493243],[-71.04242282789174,42.37595765252485],[-71.04252101359498,42.37570793146124],[-71.04194414075945,42.37551507391329],[-71.04202514265202,42.37542011543815],[-71.042827323494,42.37555431895061],[-71.04292455985671,42.375435604566064],[-71.04212367530921,42.37512275641645],[-71.04209310225328,42.374908252672505],[-71.04356637473485,42.37553343389126],[-71.04368216480886,42.37506940062233],[-71.04268930699456,42.374648603455086],[-71.04288343386816,42.374458813971735],[-71.04157038298858,42.37389381302781],[-71.04194222825699,42.373561811738284],[-71.04363982384162,42.37425934692202],[-71.0437374864234,42.374081083056254],[-71.04260042911056,42.373612072185594],[-71.04276183796705,42.37344652354055],[-71.04210891364744,42.37306775264093],[-71.04245494108496,42.372613714471704],[-71.04420128053316,42.37338279508788],[-71.0443025991817,42.37324991524226],[-71.04270531104906,42.37258029865065],[-71.04278454305492,42.37247638639098],[-71.04381760467601,42.37290947216114],[-71.04389766999589,42.37280446590265],[-71.04445385630422,42.373037626943244],[-71.0446323035539,42.37280358710937],[-71.04390199992348,42.372497433377454],[-71.0442323624618,42.37230881203653],[-71.04485742075948,42.37257084447528],[-71.04500385676677,42.37237878474127],[-71.04389418656426,42.371862275782796],[-71.04400732194999,42.37171389414171],[-71.04512304170773,42.37215987035073],[-71.04535258599776,42.371858804236126],[-71.04439176257361,42.371456013276664],[-71.0444670469795,42.37107706399349],[-71.04558807406549,42.37131374690053],[-71.04562857301144,42.37104235644918],[-71.04523410408831,42.37095147133509],[-71.0451177154236,42.371054628820374],[-71.04451149415907,42.370927173618625],[-71.04492444469203,42.37048649669214],[-71.04511532847943,42.37018652215013],[-71.04484776034394,42.36998299198336],[-71.0442860715586,42.37047503588563],[-71.04392907860529,42.3704081407301],[-71.04401751749549,42.37012692967864],[-71.04469042767069,42.36930206117487],[-71.04435229015553,42.36908717678621],[-71.04392293769632,42.36960356406108],[-71.04363094023066,42.36944757381766],[-71.04404818465115,42.36893995343052],[-71.04389455004628,42.36886311933934],[-71.04414097584788,42.368544906170186],[-71.04401422838637,42.36830334303591],[-71.04291293726222,42.36956620517542],[-71.04271661738017,42.369478450384506],[-71.04361960455451,42.36836763632357],[-71.04340946126038,42.368273702245],[-71.04268148525267,42.36916922515812],[-71.04249824527409,42.36908731626169],[-71.04361908318744,42.36770850532533],[-71.0435252621617,42.36766656743971],[-71.04235672779436,42.36910404947842],[-71.04218985598162,42.36902945616045],[-71.04340341260111,42.36748150448036],[-71.04333972064975,42.36740502672644],[-71.04249712849241,42.368430710061716],[-71.0422921708366,42.36834414183209],[-71.0434111064908,42.36700614248808],[-71.04308042363574,42.36653795304287],[-71.04261499215418,42.366936282282886],[-71.04235533650005,42.36730684461225],[-71.04220108708587,42.367315758353925],[-71.04166932981325,42.36799966251093],[-71.04125787183857,42.36826969220042],[-71.04105107873207,42.36820681364762],[-71.0427758544718,42.36601269711073],[-71.04266104843715,42.36589790370614],[-71.04210882901177,42.365882783172744],[-71.04189154276816,42.36570427874535],[-71.04132687092732,42.366165596838805],[-71.04048227461071,42.36708827631925],[-71.0401352949469,42.36692257993795],[-71.04194924276581,42.364833640872604],[-71.0414907253306,42.3642791845472],[-71.04035021727174,42.36563714813306],[-71.03987374977395,42.36548785141401],[-71.03994559186968,42.365244720215266],[-71.04103872026296,42.36391810947346],[-71.04039139241674,42.363624762271826],[-71.0392396554977,42.36502248104683],[-71.0386458516466,42.364753381737025],[-71.03978326667537,42.363373059097576],[-71.03900399753108,42.36301990516773],[-71.03752404443233,42.364815876465585],[-71.03674751679002,42.36446395180819],[-71.03815516535772,42.362755752836094],[-71.03738655077512,42.362407409372295],[-71.03597674684687,42.364118199468656],[-71.03503676957655,42.36369062535667],[-71.03549250104045,42.36313762352845],[-71.03536394970354,42.36307978528608],[-71.03568934704829,42.36268493215233],[-71.03547130012191,42.36258682717413],[-71.03456806823355,42.36368284831067],[-71.0339360606029,42.36340080909093],[-71.0344420974067,42.36272636433144],[-71.03417173983179,42.36280149423959],[-71.03361973451688,42.36276486354378],[-71.03322994873389,42.363354659599864],[-71.03267882797918,42.36314797562031],[-71.03244403975398,42.3631285165102],[-71.03251230065273,42.36243599029841],[-71.0323530721111,42.36242735808917],[-71.03228709076022,42.36303335570329],[-71.03209443123163,42.3630254262168],[-71.0318596765336,42.36324503836238],[-71.0314423992649,42.36323594273833],[-71.03153062143298,42.36234105171912],[-71.03133370403872,42.362330374816125],[-71.03123321078375,42.36334970883046],[-71.03108302304935,42.363341565479416],[-71.03113394398194,42.36282508251415],[-71.03078373099856,42.36280609276155],[-71.0307233235609,42.3634187725918],[-71.03054644740718,42.36340918087728],[-71.03048755356805,42.363052416077004],[-71.03055808996164,42.36233701931105],[-71.03045860111185,42.362331623644984],[-71.03038843254744,42.36304327394531],[-71.0301596781498,42.363353627697606],[-71.03025863430923,42.36235005507355],[-71.03018192958854,42.36234589562179],[-71.03008762649708,42.363302271430015],[-71.0297519079828,42.36315879059218],[-71.02969010819682,42.36369449378731],[-71.02944969317961,42.36362919513882],[-71.02945134155753,42.363407673527554],[-71.02905917463272,42.363356364634484],[-71.0291321729695,42.362859853148066],[-71.02849052458015,42.362987954919205],[-71.02866057585476,42.363490187342244],[-71.0283425233172,42.36386130746796],[-71.027977582992,42.36394514846767],[-71.02850496019185,42.364174693426875],[-71.0277998841574,42.36506557205749],[-71.02715570497101,42.364785186776665],[-71.0270212565932,42.364955059799506],[-71.02589110772392,42.364463149752055],[-71.02614594575276,42.36300057498002],[-71.02228602150042,42.36146915095678],[-71.02175361577736,42.36241048503773],[-71.02084092199262,42.363337756106375],[-71.02093599246913,42.36381543651156],[-71.02124022276794,42.36406832439357],[-71.02124022204713,42.36437740888943],[-71.02074584670096,42.364925325710445],[-71.02044161458939,42.365164159567996],[-71.02019442713343,42.365487287275904],[-71.01979512256904,42.365866608343524],[-71.01931976015692,42.3667235845992],[-71.01935778848024,42.3669483644064],[-71.01956694747737,42.366976461507875],[-71.01990920713001,42.36685002448398],[-71.0204416121245,42.36640046477517],[-71.02070781444985,42.36606329388667],[-71.0214683936246,42.36544514193332],[-71.02190572586,42.36485508174587],[-71.02228601506008,42.3646302957962],[-71.02266630341587,42.36489722973818],[-71.02298954717845,42.36502367207595],[-71.02363603838312,42.36505177110055],[-71.0244156287804,42.36536085148508],[-71.0251571905493,42.36571207686843],[-71.02544240541029,42.36592281149421],[-71.02597480728156,42.366948372674834],[-71.02641213788328,42.36732768551602],[-71.02713468536929,42.36780533645939],[-71.02850372029859,42.36901349489353],[-71.02913482168019,42.36843713400545],[-71.02856797591157,42.367940875239896],[-71.02785493603557,42.367449176557656],[-71.02721320139769,42.366922352730576],[-71.02702305707268,42.36648332993875],[-71.02705633366156,42.366138109864536],[-71.0283662841095,42.36663497801646],[-71.0288688821843,42.36599994503281],[-71.0295462167528,42.36629474293047],[-71.02915897702393,42.366784030550576],[-71.02951500104284,42.366938981087316],[-71.02926594437207,42.3672536666193],[-71.0296310170863,42.36741255387009],[-71.02996497216319,42.36699059301903],[-71.0301721413575,42.36708075661434],[-71.03019808065964,42.36753960827448],[-71.03038974656181,42.367683313200764],[-71.03075550277151,42.36774197482203],[-71.03077169983332,42.36815651293777],[-71.03055201143003,42.368303327756735],[-71.03110818257451,42.36854741856735],[-71.03120800711241,42.368842432001955],[-71.03096557153809,42.36960103241948],[-71.03064470288975,42.369838092926166],[-71.03036661752529,42.36988023626443],[-71.03010992264484,42.37005934821355],[-71.03025252997618,42.37033855075612],[-71.03068748452377,42.370396498533445],[-71.03097983106316,42.37059668144604],[-71.03066609180588,42.37088114880117],[-71.03061617825969,42.37117615183808],[-71.03080156858715,42.37128151036936],[-71.03136487164868,42.37126043948528],[-71.03165721765207,42.37136579671969],[-71.0316643478838,42.37164499381732],[-71.03130782629401,42.37202427814965],[-71.03127201743894,42.37231957744908],[-71.0300364032593,42.372593230628524],[-71.02974610050452,42.372752115296194],[-71.0296964792582,42.3729448560699],[-71.0301594343591,42.3728967266293],[-71.03058288534565,42.37297706200198],[-71.03086029497962,42.3732568902795],[-71.03091541421206,42.373621564765834],[-71.03118424998618,42.37375843634863],[-71.03119054976436,42.374208663239884],[-71.02926463719028,42.37580991366126],[-71.0284300530898,42.37569606411195],[-71.02790185497996,42.375443784145205],[-71.0272447154059,42.37525052314227],[-71.02719759616306,42.375107408556005],[-71.02666985368907,42.37479557510965],[-71.0252416904295,42.373813302716925]]]},"properties":{"Ward_Num":2,"Shape_Leng":64048.1943604,"Shape_Area":21335719.0964}},
{"type":"Feature","geometry":{"type":"Polygon","coordinates":[[[-71.05979957085975,42.34521237850246],[-71.05876238556756,42.34573898129123],[-71.05859838606317,42.345902351705675],[-71.05763176382621,42.346570785422976],[-71.05656702931748,42.34660830606404],[-71.05589000786293,42.346782609744196],[-71.05547703728506,42.347037322341436],[-71.05503732796423,42.34767410070265],[-71.05212272452441,42.35237412405308],[-71.0527179229123,42.3529188872214],[-71.05260502458485,42.35300451490675],[-71.05324973107378,42.353709295778984],[-71.05301799263181,42.35382126994926],[-71.05237031495625,42.35316040146532],[-71.05217125696389,42.35330750454101],[-71.05197814319382,42.35310111999451],[-71.05131560835001,42.353535843823906],[-71.05097215949455,42.35404187673525],[-71.05089800253513,42.3543664663688],[-71.05069454768785,42.35456318638821],[-71.05022298819472,42.35518285069807],[-71.04990924968882,42.35568869495781],[-71.04911670086446,42.35727549146181],[-71.05045662427166,42.35703618989772],[-71.05056001366523,42.357316767474735],[-71.04886772996875,42.35771018731631],[-71.04840662762874,42.358697242432726],[-71.05055913455324,42.35820208424432],[-71.05042941619034,42.358571375203304],[-71.0493669724545,42.358761286937124],[-71.04816102617276,42.35900938067574],[-71.04777915297592,42.35970404364714],[-71.04837990916894,42.35962272304611],[-71.05004942564875,42.35934261286739],[-71.05060644557621,42.35933410865912],[-71.05063029644828,42.359693857253234],[-71.04861012435835,42.36006162313492],[-71.04853120792401,42.36001858186824],[-71.0476013948131,42.36012175450654],[-71.04758254555365,42.36074306553301],[-71.04843256683841,42.36058616451112],[-71.04964957327024,42.36027223334971],[-71.05055362364385,42.36014579697798],[-71.0505498686231,42.36033629280305],[-71.0491802594658,42.36063895234908],[-71.04867232050053,42.360832810555934],[-71.04766983836527,42.36102472282982],[-71.04773287426848,42.36127423697852],[-71.0504029175675,42.3607452262221],[-71.05042568048079,42.361258090995605],[-71.05011545860074,42.361331657450776],[-71.05055973515783,42.36165031885918],[-71.05059805547303,42.36200122086153],[-71.04945039316036,42.36167624476176],[-71.04938455689161,42.36148191563838],[-71.04788926714414,42.36176341364268],[-71.04795990136778,42.36195776249109],[-71.04867870712332,42.36182170935142],[-71.04875173104664,42.36201784785594],[-71.04796312426159,42.36217855338428],[-71.04800514119843,42.36234608255458],[-71.04897693946059,42.362150486323586],[-71.04917139863811,42.362151248986436],[-71.05076950568683,42.36260475852921],[-71.05079510221877,42.36305709766873],[-71.04897161509336,42.36256032980446],[-71.04810088113354,42.36279015257213],[-71.04815700826184,42.36299904423489],[-71.04910356692389,42.3629101752678],[-71.04913931250668,42.36328421404802],[-71.04820326768994,42.363244930521184],[-71.04828461076015,42.36362092949723],[-71.05056221885275,42.36373312193264],[-71.05052384056488,42.36391543726915],[-71.04937346867072,42.363864507369115],[-71.04899793333685,42.364010268362],[-71.04894074816139,42.36429229754234],[-71.04874408841923,42.364492824402646],[-71.04966749675219,42.36466429121936],[-71.04964967033877,42.36476878195552],[-71.05076858922081,42.36504599008238],[-71.05070679223742,42.365135552515554],[-71.04946491281468,42.36490022879229],[-71.04878489082611,42.364850800233874],[-71.04875305980069,42.36534496861011],[-71.04923079727604,42.365422239085575],[-71.04926644951686,42.365302822180915],[-71.04978221515192,42.36539765373585],[-71.04968001155322,42.36584195155578],[-71.05053566088634,42.36585775769961],[-71.05018389344444,42.36603863670416],[-71.04894795597941,42.36601580630243],[-71.04911195442921,42.36646185605759],[-71.05001751610415,42.366382832583845],[-71.05006980569328,42.36670771037496],[-71.05038778958249,42.366803214506845],[-71.04928783690997,42.36705014561045],[-71.04974180411388,42.36778593989754],[-71.05100151115356,42.36707122141598],[-71.05134852365379,42.36743999746138],[-71.05003581412616,42.36828711767602],[-71.05068111501723,42.36864271639778],[-71.05162233093307,42.367699719452574],[-71.05182316939586,42.36809658819767],[-71.05157122773969,42.3686444733903],[-71.05171858939822,42.368718227064086],[-71.05152250259748,42.36902026379193],[-71.05161971291592,42.36909752935905],[-71.05237173591983,42.368049175826705],[-71.05246870810643,42.368494509383765],[-71.05164062878607,42.36949412599263],[-71.05207736580329,42.369678507456584],[-71.05302511728222,42.36860074969942],[-71.05354254833401,42.36831574512062],[-71.05357819917121,42.3685835421036],[-71.05390203904683,42.368550616758846],[-71.05462102217255,42.36869549013465],[-71.05497222745602,42.36889663568968],[-71.05489185249633,42.369176574534976],[-71.05347361228084,42.369344990030925],[-71.05357937999713,42.369480202721455],[-71.05506583246077,42.36930255453423],[-71.05530161345477,42.368746246501736],[-71.05544041772991,42.36877012861521],[-71.05533583739323,42.36919438407467],[-71.05553548936396,42.36921686192825],[-71.05699936246319,42.36890648631128],[-71.05824718527174,42.368184317459956],[-71.0584062114517,42.368223947709815],[-71.05942229562815,42.367697132517804],[-71.05900041420884,42.36723396873103],[-71.05899744398504,42.36696616733972],[-71.05960946966583,42.36755664737847],[-71.06003432321764,42.36732177426528],[-71.05941041333483,42.36674446176342],[-71.05967780400408,42.366762022547505],[-71.06027794588003,42.36731079897432],[-71.060729538764,42.36711763149261],[-71.06034033744312,42.36677299890715],[-71.06045620711863,42.366702755728625],[-71.06083649456035,42.36704519318858],[-71.06190728433606,42.3669842582229],[-71.06199558263353,42.366800132668374],[-71.06242340605041,42.367042472664906],[-71.06283221578788,42.367379639969464],[-71.06448647110528,42.367189986008526],[-71.06453460119155,42.36697135408248],[-71.06652220227514,42.36733135253905],[-71.06760661769889,42.367781345662685],[-71.06790371813932,42.36760134974797],[-71.06772843000765,42.36717550276379],[-71.06783241552127,42.36698672416797],[-71.06825726942057,42.36685501903785],[-71.06869994817406,42.367081115059406],[-71.07023314380747,42.36582057068909],[-71.07005746150934,42.3656532326898],[-71.07015621794186,42.36542774655487],[-71.07247923322657,42.361333542163756],[-71.07239453877722,42.36128962888883],[-71.07156270468104,42.36123424957878],[-71.07149217261929,42.361329014954165],[-71.06964592359853,42.36115522333758],[-71.06801750356416,42.36109554914431],[-71.06458177229042,42.36115522223865],[-71.06298143128755,42.361313698960814],[-71.06287940601096,42.35936750095881],[-71.06290245150026,42.35884208739592],[-71.06266714388082,42.357921756611184],[-71.0631149177957,42.35774577957236],[-71.06197526804907,42.35650185180375],[-71.06219320013308,42.35631991842397],[-71.06330100163277,42.355191939639695],[-71.06391096710176,42.35409311274869],[-71.06424286026062,42.35342484725025],[-71.06442226194174,42.35289113134869],[-71.06534169849623,42.349549801238],[-71.06588798074692,42.34685268696418],[-71.06327119651775,42.34628137522403],[-71.06321644804898,42.34640662028169],[-71.0613015271157,42.34594126406714],[-71.06039587308304,42.345739015632645],[-71.05979957085975,42.34521237850246]]]},"properties":{"Ward_Num":5,"Shape_Leng":53203.8312096,"Shape_Area":32228295.2867}},
{"type":"Feature","geometry":{"type":"Polygon","coordinates":[[[-71.06588798074692,42.34685268696418],[-71.06534169849623,42.349549801238],[-71.06442226194174,42.35289113134869],[-71.06424286026062,42.35342484725025],[-71.06391096710176,42.35409311274869],[-71.06330100163277,42.355191939639695],[-71.06219320013308,42.35631991842397],[-71.06197526804907,42.35650185180375],[-71.0631149177957,42.35774577957236],[-71.06266714388082,42.357921756611184],[-71.06290245150026,42.35884208739592],[-71.06287940601096,42.35936750095881],[-71.06298143128755,42.361313698960814],[-71.06458177229042,42.36115522223865],[-71.06801750356416,42.36109554914431],[-71.06964592359853,42.36115522333758],[-71.07149217261929,42.361329014954165],[-71.07156270468104,42.36123424957878],[-71.07239453877722,42.36128962888883],[-71.07409546822562,42.3569533291351],[-71.07522445231079,42.35569751960814],[-71.08120805607675,42.35406581332789],[-71.08851791740918,42.352019533805716],[-71.08896356767434,42.3520072385174],[-71.09008066659722,42.351699852275786],[-71.0900450136696,42.35159446139739],[-71.09301601945542,42.350777681720054],[-71.0930345025178,42.35055184632642],[-71.09393154359067,42.3504235673449],[-71.0949125453747,42.350401568460136],[-71.09574654681768,42.35043356950028],[-71.09691354925783,42.35053857134842],[-71.09947255558811,42.350714574293924],[-71.10025555629183,42.35078457589046],[-71.102110560256,42.350887577876755],[-71.1039105648388,42.351027580185594],[-71.10455356611006,42.350963581344786],[-71.10633884606146,42.35115928859844],[-71.10659820094777,42.34991488333555],[-71.10719844317418,42.34703487830034],[-71.10566588907747,42.343964509259756],[-71.10544774371485,42.34402625430607],[-71.10513878768518,42.344276552725624],[-71.10461890912744,42.34424265932996],[-71.10466769527186,42.34410823544826],[-71.10379557122046,42.34364147534435],[-71.10323325843656,42.34320140345038],[-71.10235311705608,42.34227236433984],[-71.10078841978259,42.3408543572543],[-71.10007941586863,42.340536526378365],[-71.09963934520985,42.34029204322937],[-71.09932151638645,42.3402920429728],[-71.09912592949293,42.34016980079892],[-71.09917482656216,42.33997421364339],[-71.09897923904279,42.33980307454053],[-71.09888144615029,42.33950969447998],[-71.09846582293574,42.33933855604732],[-71.09817244153525,42.33938745095376],[-71.09792795800215,42.33909407022539],[-71.09758567972102,42.33904517296248],[-71.09731674632303,42.33928965696397],[-71.09692557157612,42.33994976281118],[-71.09670553421698,42.340047554876286],[-71.09675442999591,42.340316487056626],[-71.09641215243082,42.340389831602224],[-71.09592318444476,42.34038983124717],[-71.09567869963102,42.34058541785265],[-71.09393425768508,42.341126788456315],[-71.09285241267226,42.34189691065083],[-71.09276073005702,42.34264869781249],[-71.09323747308032,42.342868734719566],[-71.09391591736848,42.3427770533071],[-71.0942826415535,42.34378554972303],[-71.09404426914173,42.343932239710405],[-71.09351251598241,42.34395057456647],[-71.09290741715331,42.3438955651337],[-71.0923940010084,42.34373053794447],[-71.09193559216526,42.344042253348725],[-71.09162387220624,42.34490405856569],[-71.09184390744582,42.345839209342735],[-71.09200893250309,42.346224270908095],[-71.09072440580711,42.34653562629224],[-71.0903995437876,42.34657556287706],[-71.08941354073636,42.34685056176361],[-71.08772431856754,42.34726155266573],[-71.07947408954385,42.349495639418144],[-71.0790773746976,42.34869582616618],[-71.07535522970201,42.34968196710235],[-71.07266659666017,42.350431422537575],[-71.07280257779621,42.350709964951285],[-71.07046919660078,42.351363949793715],[-71.06990664273616,42.35014982088369],[-71.06883478394057,42.347070328013096],[-71.06862808157713,42.347450921661554],[-71.06588798074692,42.34685268696418]]]},"properties":{"Ward_Num":8,"Shape_Leng":38877.8311683,"Shape_Area":34403335.3917}},
{"type":"Feature","geometry":{"type":"Polygon","coordinates":[[[-71.06883478394057,42.347070328013096],[-71.06990664273616,42.35014982088369],[-71.07046919660078,42.351363949793715],[-71.07280257779621,42.350709964951285],[-71.07266659666017,42.350431422537575],[-71.07535522970201,42.34968196710235],[-71.0790773746976,42.34869582616618],[-71.07947408954385,42.349495639418144],[-71.08772431856754,42.34726155266573],[-71.08941354073636,42.34685056176361],[-71.0903995437876,42.34657556287706],[-71.09072440580711,42.34653562629224],[-71.09200893250309,42.346224270908095],[-71.09184390744582,42.345839209342735],[-71.09162387220624,42.34490405856569],[-71.09193559216526,42.344042253348725],[-71.0923940010084,42.34373053794447],[-71.09290741715331,42.3438955651337],[-71.09351251598241,42.34395057456647],[-71.09404426914173,42.343932239710405],[-71.0942826415535,42.34378554972303],[-71.09391591736848,42.3427770533071],[-71.09323747308032,42.342868734719566],[-71.09276073005702,42.34264869781249],[-71.09285241267226,42.34189691065083],[-71.09393425768508,42.341126788456315],[-71.09567869963102,42.34058541785265],[-71.09592318444476,42.34038983124717],[-71.09641215243082,42.340389831602224],[-71.09675442999591,42.340316487056626],[-71.09670553421698,42.340047554876286],[-71.09692557157612,42.33994976281118],[-71.09731674632303,42.33928965696397],[-71.09758567972102,42.33904517296248],[-71.09792795800215,42.33909407022539],[-71.09785468187611,42.3388979687558],[-71.09733457809287,42.33843057313675],[-71.09566357592206,42.33768857122116],[-71.09425857414821,42.337196569124906],[-71.09123556987369,42.33601656573186],[-71.09035316903548,42.3355850587635],[-71.08899340846004,42.33684021371911],[-71.0850051362753,42.34045022497533],[-71.08457267528524,42.340227453486584],[-71.08427454471047,42.33992755568669],[-71.08196954300264,42.33841555323506],[-71.08116354027885,42.33888555173201],[-71.07959788368497,42.33970078114265],[-71.07056107520178,42.34452659790788],[-71.06991822193918,42.34514777026176],[-71.06975227649366,42.34538099120232],[-71.06883478394057,42.347070328013096]]]},"properties":{"Ward_Num":7,"Shape_Leng":23265.8937957,"Shape_Area":21343596.1037}},
{"type":"Feature","geometry":{"type":"Polygon","coordinates":[[[-71.06588798074692,42.34685268696418],[-71.06862808157713,42.347450921661554],[-71.06883478394057,42.347070328013096],[-71.06975227649366,42.34538099120232],[-71.06991822193918,42.34514777026176],[-71.07056107520178,42.34452659790788],[-71.07959788368497,42.33970078114265],[-71.07951879869911,42.339619870578616],[-71.07628968779188,42.33695607039359],[-71.07449158011472,42.33545103781448],[-71.07512064211598,42.33494607825289],[-71.07346338356196,42.33356685049486],[-71.07281543880872,42.33309190513092],[-71.07216853773316,42.33314625046207],[-71.07190499929725,42.333295205920535],[-71.07071143596652,42.33413715566644],[-71.06992035045067,42.334500789703505],[-71.07042868301714,42.334328960208765],[-71.07059405030675,42.33438687298405],[-71.06835795535324,42.33593641256846],[-71.06865817690084,42.33618584188527],[-71.06841843211255,42.33635197612584],[-71.0681161453565,42.3361039780011],[-71.06764110245196,42.33643316705226],[-71.06795221619019,42.33667504788273],[-71.06774957037157,42.33681547543918],[-71.06745410077541,42.33656275398491],[-71.06694986080997,42.336912175132454],[-71.06726553062848,42.33715089782622],[-71.0670475044465,42.33730198333232],[-71.06674472958001,42.33705432372304],[-71.06634760316327,42.33732952058013],[-71.06667531431462,42.3375598977656],[-71.06646240625003,42.33770743629187],[-71.06616497701417,42.3374560735248],[-71.06575524177717,42.3377400067055],[-71.06606688028299,42.337981522733706],[-71.0658573041255,42.33812675175875],[-71.06557398127906,42.337865614058906],[-71.06520495070373,42.338121339862056],[-71.06550409359758,42.33837151596718],[-71.06529811423289,42.338514252049876],[-71.06499152395281,42.3382692374236],[-71.06425899701824,42.33877685451976],[-71.06477376250936,42.33908707383965],[-71.06425561920035,42.33930140976731],[-71.06383254860643,42.339174915270604],[-71.06335243333683,42.33946303910686],[-71.06324310070661,42.33963169619548],[-71.06415579195946,42.33993387398771],[-71.06361863341832,42.3402957813267],[-71.06294837565113,42.34008496049542],[-71.06202812057298,42.34201296661422],[-71.06129368547718,42.3436493849454],[-71.06099420650493,42.34415532178706],[-71.06066620727344,42.34457166236028],[-71.06099777089942,42.344764021836234],[-71.06086585795691,42.344898409755956],[-71.0605378595362,42.34470868519142],[-71.05979957085975,42.34521237850246],[-71.06039587308304,42.345739015632645],[-71.0613015271157,42.34594126406714],[-71.06321644804898,42.34640662028169],[-71.06327119651775,42.34628137522403],[-71.06588798074692,42.34685268696418]]]},"properties":{"Ward_Num":6,"Shape_Leng":20217.2688053,"Shape_Area":13455448.7681}},
{"type":"Feature","geometry":{"type":"Polygon","coordinates":[[[-71.02327802263699,42.3358310276347],[-71.02327538675165,42.335914800146696],[-71.02278100935129,42.33668785278741],[-71.0219633876439,42.337362508985635],[-71.02103167986664,42.33793877127672],[-71.02113400196656,42.338014383238125],[-71.02011741589195,42.33835877582506],[-71.01900539440715,42.338508151030084],[-71.01742864783158,42.338616029541534],[-71.01648675042503,42.33864092451992],[-71.01548261229186,42.33862847608576],[-71.01464444857405,42.338396112006045],[-71.01444943012075,42.3382633335344],[-71.0130677022567,42.338250884199],[-71.0127938482962,42.33774051638868],[-71.013063555708,42.33710567041145],[-71.01269841458874,42.337238448979434],[-71.0121175090105,42.33715546187784],[-71.01199717804975,42.336869159656324],[-71.01197643286997,42.33640443427494],[-71.01222539453154,42.33588991859847],[-71.01258638645768,42.335537227098214],[-71.01255734296085,42.335113997251234],[-71.01227965653479,42.33506260863649],[-71.01178556677948,42.335412746019394],[-71.011582248431,42.33581523086778],[-71.01134158540515,42.33608908586782],[-71.01006359117316,42.33664094364278],[-71.00949928279357,42.33666168870359],[-71.00940384610688,42.337246743151965],[-71.0096569534616,42.33836291110144],[-71.00961546006346,42.33846249422354],[-71.01012167636269,42.33916787970671],[-71.01085195824211,42.33924671853265],[-71.01110091775809,42.33955791756395],[-71.01130838452498,42.339375348141786],[-71.01232496988705,42.339147136457996],[-71.01379798433648,42.33893967275364],[-71.01483116641111,42.33889818124881],[-71.01588094769495,42.33896042137635],[-71.01710499963505,42.338952124848596],[-71.01837054523466,42.33889403621138],[-71.01928339873325,42.33882349881518],[-71.02009251857525,42.33870317041548],[-71.02068276468081,42.338561762496866],[-71.02136728415078,42.33832985474125],[-71.02379162087664,42.339204779824904],[-71.02353492614736,42.339320731985424],[-71.02338162200348,42.33952452664591],[-71.02335785283664,42.33994616918069],[-71.02297756376029,42.33990224782913],[-71.02260915852561,42.34056984180149],[-71.02220510157571,42.3409299882572],[-71.02209814383447,42.341254997926995],[-71.02231205563416,42.34152730121122],[-71.02243089552472,42.34188744349313],[-71.02529494193446,42.34184352742031],[-71.02510480570076,42.33844405748809],[-71.02608562681822,42.33842901255166],[-71.02731523121294,42.33890699642277],[-71.02743407123288,42.33917052555894],[-71.02742123187949,42.339487015991686],[-71.02715891567577,42.339902503211306],[-71.02786189304442,42.340066518194945],[-71.0279094255436,42.341647649104445],[-71.02828971337016,42.34189359930449],[-71.02914536257866,42.34191116855992],[-71.02912159500225,42.34163008264282],[-71.02871753917142,42.34161251386037],[-71.02836101858433,42.341296290977425],[-71.02821841167001,42.340997633991336],[-71.02817087722215,42.340435452601646],[-71.02837290521447,42.34050572610652],[-71.02909782942938,42.34048815823723],[-71.02931231673924,42.340404480132364],[-71.02929480187667,42.34000961696371],[-71.02950782895921,42.340005030709925],[-71.02954347964703,42.34082195470937],[-71.02964457996815,42.340819544262374],[-71.02961937971935,42.34024209405233],[-71.03053579559304,42.340224636249104],[-71.03054173657783,42.34092736472978],[-71.03044666753391,42.3409278037505],[-71.03045323872449,42.34170507467317],[-71.03217044891477,42.341697143866405],[-71.0321690267008,42.34152893768547],[-71.03252577074372,42.34143684220136],[-71.03301450108829,42.341529068250495],[-71.03375670219661,42.34152564068685],[-71.03374730345827,42.34041373407882],[-71.03385065569749,42.34027737679532],[-71.03512875911402,42.34025725420054],[-71.03514096149027,42.34170071830503],[-71.03554507724418,42.341698852580855],[-71.03614504601727,42.34220543802551],[-71.0363767832715,42.34220104686899],[-71.03569345497348,42.341542251526484],[-71.03564592159377,42.34025977963176],[-71.03688176101626,42.34024368197491],[-71.03712547998697,42.340488169353044],[-71.03693533497845,42.3409712932498],[-71.03713736383494,42.341010821524534],[-71.03734533482277,42.34051452211578],[-71.03793359366148,42.34037397659577],[-71.03813443418704,42.33992071448945],[-71.0384568812791,42.33997506421316],[-71.03770818496236,42.341573764192354],[-71.03795774888036,42.341573764775795],[-71.03818354586289,42.341380517314576],[-71.03870644188308,42.34149471017327],[-71.03881339847023,42.34144200577711],[-71.03918180527454,42.34039670487295],[-71.0395740044435,42.339922766839],[-71.03969819030435,42.33991851700679],[-71.03965789509319,42.33927514949389],[-71.03985290356583,42.33926847595771],[-71.03979963570787,42.33841797408247],[-71.0399899222577,42.338411462375454],[-71.04004933985247,42.33936017047982],[-71.04061977398207,42.33890338767277],[-71.04050093455956,42.33839389453263],[-71.04072673095938,42.33832361879299],[-71.04083368650362,42.33880676029109],[-71.04201020624188,42.33785804532181],[-71.04259252273833,42.33799859753802],[-71.04105729992224,42.33926000686577],[-71.0412047957456,42.33935167052379],[-71.04154759368521,42.339050296107125],[-71.04186272001697,42.33924613711978],[-71.04284913279982,42.338378917513346],[-71.04299552011996,42.3384698938568],[-71.04307102253843,42.33875841551592],[-71.04322264327817,42.33885264352402],[-71.0436233086304,42.33850039214422],[-71.04394211479828,42.33869852252594],[-71.04376251309527,42.33885642193017],[-71.04394450196065,42.33911527597299],[-71.04455156505303,42.339433910107964],[-71.04429068205056,42.3396632669154],[-71.04442992957908,42.33974980433218],[-71.04473836161802,42.33958977913463],[-71.0450073234209,42.33975692884248],[-71.04476426255376,42.33997061560127],[-71.04497171519668,42.340099540081695],[-71.04519292652962,42.33990506155349],[-71.04545177755217,42.3400659266442],[-71.04549395204377,42.340246056085704],[-71.04523758047226,42.340471443634684],[-71.04558765036656,42.340688995326445],[-71.04376357564954,42.34221969940755],[-71.04378620101367,42.34236548839273],[-71.04270237778708,42.343286027835084],[-71.04167559854207,42.34353197059957],[-71.03748880522629,42.34358353994754],[-71.03728462724058,42.343425708566734],[-71.0222770887788,42.343628791133526],[-71.02229815443992,42.34447923571903],[-71.0258010696295,42.344431834313475],[-71.02581177922266,42.3448641660386],[-71.02444180809272,42.34488270343538],[-71.02444876678807,42.34516362162888],[-71.02663943044298,42.34513397836556],[-71.0266533433462,42.34569563157693],[-71.02341257852746,42.34573948472623],[-71.02341756537027,42.34594083659675],[-71.02698585863348,42.34589255165673],[-71.02699256133369,42.34616313584893],[-71.02503229598476,42.34618966170404],[-71.0245759491883,42.34652693874275],[-71.0252414527973,42.3468080038064],[-71.03335914376905,42.34669816047399],[-71.03421764693655,42.347048972402504],[-71.03357611731394,42.3477218437718],[-71.033691634695,42.34778234225749],[-71.03456681848542,42.346869544665594],[-71.03528252449999,42.34716200473232],[-71.03512184727656,42.34747819553114],[-71.03561493608488,42.34769430017874],[-71.03486851740455,42.348442832376016],[-71.03498461314268,42.348506066075394],[-71.03573960460061,42.34774893844416],[-71.03778745687494,42.348646435683726],[-71.03763885129028,42.34883164335834],[-71.0387362535541,42.34931258745829],[-71.0367520141923,42.35191143735043],[-71.03776300096902,42.35233301514669],[-71.03990694763772,42.34943004539468],[-71.04088599717663,42.34983273130512],[-71.0386903138209,42.35270849173486],[-71.04000397637436,42.35325627668258],[-71.04220401849109,42.3503748326948],[-71.04276450523908,42.350605359761424],[-71.04255351385747,42.35089830664684],[-71.04304194609935,42.351096135911256],[-71.04103591867195,42.35365007040712],[-71.0414141696952,42.35380298930887],[-71.04231107596185,42.352671791762546],[-71.04246319088685,42.352727999363246],[-71.04339488454603,42.351558791682336],[-71.04397484008318,42.351821651147254],[-71.04430759115478,42.35246101616977],[-71.04494457283546,42.35274908069808],[-71.04362663130964,42.35470042455194],[-71.04415428136585,42.35487255438639],[-71.04549599124171,42.353054708413964],[-71.04603790083503,42.35330764049904],[-71.04473897505248,42.35504117148369],[-71.04558511654652,42.35515358326498],[-71.04639612310832,42.355106933353774],[-71.04674499585329,42.3550411737074],[-71.04747229813563,42.35480581449041],[-71.04837940082051,42.35430859692911],[-71.05266442913803,42.34867556219207],[-71.05231813771807,42.34820705025018],[-71.05138111349808,42.347575575877805],[-71.05152370336246,42.347351503753885],[-71.05309220415079,42.34820705088409],[-71.05380601066632,42.34729421695021],[-71.05367997029934,42.34721400847121],[-71.05402371772912,42.34682443182356],[-71.05436824930062,42.346531392908226],[-71.0548773666363,42.34525860885007],[-71.0547430163714,42.345227085085426],[-71.0550143176086,42.34459545179595],[-71.05551448209475,42.34397819577078],[-71.0560206928025,42.34409697342743],[-71.05572627028482,42.34478244012016],[-71.05589129481213,42.34482116117134],[-71.0558551444539,42.34520835380996],[-71.0556174621684,42.345761708815644],[-71.0569841248167,42.34550699229434],[-71.05769716527168,42.345322541249615],[-71.05921832051632,42.34476040050405],[-71.05964614672057,42.344198254204294],[-71.05978875496922,42.34423338794151],[-71.06006208773857,42.343820558809306],[-71.06013101698878,42.34309678232034],[-71.06014528196832,42.34090432096754],[-71.06014039754056,42.33856900039289],[-71.0603290742258,42.33837236430603],[-71.06040928362107,42.337799454527264],[-71.06043165252707,42.337005440617595],[-71.06293325960154,42.334745229455876],[-71.06306012903248,42.33468890957998],[-71.06356589891183,42.3348084855877],[-71.06390734297823,42.33393048883617],[-71.06420672280562,42.33399715069451],[-71.0638685880653,42.334880231327894],[-71.06421034250864,42.334961226392856],[-71.06455858702301,42.33407105005607],[-71.06492936782071,42.334155385949785],[-71.06456726527276,42.3350458151684],[-71.0649285873494,42.335131511543125],[-71.06528113472325,42.33422215238606],[-71.06557024894168,42.33429506580741],[-71.06519882012523,42.335195490984894],[-71.06593163496701,42.33536916415609],[-71.06637232273987,42.3343408986784],[-71.06666918671455,42.33442245168987],[-71.06624977945667,42.33544455594824],[-71.06669765430476,42.33555070666828],[-71.06703689751976,42.33471901998567],[-71.06731189468879,42.334787769571825],[-71.06696417094705,42.33561386936824],[-71.06739210036599,42.33560130139363],[-71.0679535520944,42.33581900704613],[-71.06815979990894,42.33578463203826],[-71.0688456518699,42.335311841772004],[-71.06884565296798,42.33483059829543],[-71.06921085405484,42.334951035419024],[-71.06943002182356,42.33488789084024],[-71.06992035045067,42.334500789703505],[-71.07071143596652,42.33413715566644],[-71.07190499929725,42.333295205920535],[-71.07216853773316,42.33314625046207],[-71.07281543880872,42.33309190513092],[-71.07196662056016,42.3324641256855],[-71.07005053053514,42.33208053780933],[-71.06777452672485,42.3316565351116],[-71.06697652483426,42.331481533924354],[-71.06355351919774,42.33079052940291],[-71.05975021736566,42.33684091153884],[-71.05852933160861,42.33775234379942],[-71.05725804191334,42.33864571335156],[-71.0571065435697,42.33808877187058],[-71.05526720449014,42.335087709839186],[-71.054684186837,42.33557655518631],[-71.05379445056025,42.335008283998896],[-71.05180211909529,42.3334040097864],[-71.04775723200692,42.33682324897853],[-71.04563959983957,42.33545691565805],[-71.02327802263699,42.3358310276347]]]},"properties":{"Ward_Num":9,"Shape_Leng":99119.0698462,"Shape_Area":45807930.6935}},
{"type":"Feature","geometry":{"type":"Polygon","coordinates":[[[-71.02327802263699,42.3358310276347],[-71.04563959983957,42.33545691565805],[-71.04775723200692,42.33682324897853],[-71.05180211909529,42.3334040097864],[-71.05107048463191,42.332814876778734],[-71.04852126876781,42.33122499330666],[-71.04742345175632,42.33124469941443],[-71.04731675729094,42.32711943003461],[-71.04662124987789,42.32809899245071],[-71.04613192450947,42.32859670770878],[-71.04544265171977,42.329088708183214],[-71.04458700111321,42.32944013460294],[-71.04354120767786,42.329686131005154],[-71.04209135829245,42.32980912778952],[-71.04012336565427,42.32972829711061],[-71.03932476077694,42.32955961203434],[-71.03821241774708,42.32916952750566],[-71.0376990289805,42.3289164981264],[-71.03707155273057,42.328811068923024],[-71.03557416773599,42.32871618013587],[-71.03450460589649,42.328905951260126],[-71.03360617401458,42.32912734947007],[-71.0333780003419,42.3293698339678],[-71.032636436933,42.329812628896505],[-71.03096792027678,42.33043464470439],[-71.03041174806626,42.33067712375695],[-71.0297214757612,42.33123438696176],[-71.02962621315264,42.33110760970021],[-71.02614657137104,42.33238674955801],[-71.0258687536369,42.332615177768076],[-71.02556778657049,42.33269288005756],[-71.02540500897327,42.332457030406175],[-71.02492964781683,42.332597593305906],[-71.0249816401957,42.332785729140575],[-71.02437822957806,42.332836549923066],[-71.02325637938159,42.33261164724397],[-71.02264791842612,42.332414857912134],[-71.02224861591947,42.33235863156175],[-71.02131690930288,42.33199316331153],[-71.02067758847521,42.332184586562526],[-71.01955548804291,42.33159782668934],[-71.01850348362942,42.33117702410868],[-71.01776207098357,42.33094658454334],[-71.0163894554074,42.33068608590696],[-71.01572539056191,42.33063599040629],[-71.01552460922603,42.330456848988874],[-71.01517834730214,42.330468871547296],[-71.01490903384341,42.330613146762765],[-71.01521201190928,42.33084398612251],[-71.0155101797426,42.33087885171613],[-71.01569533239216,42.3307610286378],[-71.01649642364428,42.33084801264709],[-71.0176265185147,42.33107020099038],[-71.01881790528327,42.331453285847964],[-71.01988670583063,42.331935970133785],[-71.02056555631522,42.332304916706846],[-71.02036618709934,42.33261164365983],[-71.02087957540671,42.33299116392148],[-71.02152606537705,42.333286346105496],[-71.02260988563003,42.33407348928702],[-71.02280002845899,42.334481112573684],[-71.02314228834418,42.33476223039758],[-71.02329440167021,42.33531040693105],[-71.02327802263699,42.3358310276347]]]},"properties":{"Ward_Num":10,"Shape_Leng":25038.1625016,"Shape_Area":15065286.5771}},
{"type":"Feature","geometry":{"type":"Polygon","coordinates":[[[-71.09792795800215,42.33909407022539],[-71.09817244153525,42.33938745095376],[-71.09846582293574,42.33933855604732],[-71.09888144615029,42.33950969447998],[-71.09897923904279,42.33980307454053],[-71.09917482656216,42.33997421364339],[-71.09912592949293,42.34016980079892],[-71.09932151638645,42.3402920429728],[-71.09963934520985,42.34029204322937],[-71.10007941586863,42.340536526378365],[-71.10078841978259,42.3408543572543],[-71.10235311705608,42.34227236433984],[-71.10323325843656,42.34320140345038],[-71.10379557122046,42.34364147534435],[-71.10466769527186,42.34410823544826],[-71.10513060922924,42.34404656871689],[-71.10532356642905,42.34371217738502],[-71.10599810562265,42.34344172875947],[-71.10661648543322,42.34286292334193],[-71.10714551356396,42.34219654575484],[-71.1074487010093,42.34209769799158],[-71.10782695790662,42.34212148849683],[-71.10795126938041,42.3424158054592],[-71.1088687134947,42.341861059625906],[-71.10848399878732,42.341924783157694],[-71.10862140866253,42.34165715524459],[-71.10951685515423,42.34136795303672],[-71.11000769534284,42.34100877211574],[-71.11048187846019,42.34047034314333],[-71.11082213995377,42.33945398464439],[-71.11084978357202,42.33886876355183],[-71.11098927576042,42.338439783150676],[-71.11128598071117,42.33782693393113],[-71.11151030882819,42.33725472599867],[-71.11131747255949,42.3372167541545],[-71.11110627968414,42.33697538261289],[-71.11107282374097,42.33676232781182],[-71.11064908430257,42.33632156389942],[-71.1106450439493,42.33619669228567],[-71.11099430010313,42.33581836766786],[-71.11065199868423,42.33548764384271],[-71.1103851015811,42.33552488106051],[-71.11067778664128,42.33496278421312],[-71.111063767204,42.33468611420618],[-71.11127940458063,42.33462373062558],[-71.11174807991829,42.33412973010441],[-71.11231691439791,42.33364621909234],[-71.11266324328376,42.33313780781526],[-71.1125758814669,42.333090039978025],[-71.11303155092182,42.33260257862848],[-71.11330511496433,42.33171413711532],[-71.11352797964665,42.33076954497689],[-71.11274049187561,42.32958089417757],[-71.11271189014379,42.32935989638515],[-71.11299871020655,42.32896269355422],[-71.11314400503514,42.32854690418827],[-71.11347337472436,42.328327112987246],[-71.11386861462874,42.32828124216172],[-71.11407283186004,42.328086822016765],[-71.11404629045023,42.32789080466532],[-71.11435765104328,42.32746953312044],[-71.11453338698054,42.327396032227696],[-71.11477133717717,42.32694432818978],[-71.11495714692973,42.32679594607266],[-71.11555320743696,42.32674552866443],[-71.11597724566386,42.325731081159766],[-71.11577854738248,42.325628063363105],[-71.11577018779445,42.32517800181945],[-71.1162569944453,42.324908786037085],[-71.11642081432514,42.324054817919816],[-71.11668922305509,42.32375907751966],[-71.11842641148286,42.32340401029932],[-71.11868424225388,42.32283711186071],[-71.11940045905168,42.32272286342119],[-71.11963027488747,42.32275304070645],[-71.11951566431613,42.32205460531404],[-71.11961866602239,42.32145460565324],[-71.11782466289742,42.32113360291093],[-71.11711766170892,42.32105460234463],[-71.11632166004422,42.321011601027074],[-71.11559965766132,42.321065600097434],[-71.11388165303637,42.321320597890946],[-71.11064464498193,42.321834593317526],[-71.10945364145299,42.32211559160125],[-71.10845263898018,42.32238859049737],[-71.10685263492385,42.32252558848695],[-71.10515663035928,42.32270158625099],[-71.10532162827205,42.32367058607715],[-71.10534462831737,42.32416658619849],[-71.10492062649536,42.324439585705385],[-71.10485362406482,42.325080584805534],[-71.10432462331039,42.32499158428317],[-71.10129709915965,42.32558340591832],[-71.10118661289818,42.326425580344065],[-71.10011361113374,42.326417578263104],[-71.09962661024412,42.32637457773821],[-71.09825546547358,42.32632223198],[-71.09771031501458,42.32764354528896],[-71.09729744540286,42.32851439616639],[-71.09662689079651,42.329608514414154],[-71.09578898941477,42.3307186522647],[-71.0953698899615,42.331226957949156],[-71.09454410736608,42.33208348939524],[-71.09067528876278,42.33528771787436],[-71.09035316903548,42.3355850587635],[-71.09123556987369,42.33601656573186],[-71.09425857414821,42.337196569124906],[-71.09566357592206,42.33768857122116],[-71.09733457809287,42.33843057313675],[-71.09785468187611,42.3388979687558],[-71.09792795800215,42.33909407022539]]]},"properties":{"Ward_Num":14,"Shape_Leng":28410.6851542,"Shape_Area":31507978.8175}},
{"type":"Feature","geometry":{"type":"Polygon","coordinates":[[[-71.07959788368497,42.33970078114265],[-71.08116354027885,42.33888555173201],[-71.08196954300264,42.33841555323506],[-71.08427454471047,42.33992755568669],[-71.08457267528524,42.340227453486584],[-71.0850051362753,42.34045022497533],[-71.08899340846004,42.33684021371911],[-71.09035316903548,42.3355850587635],[-71.09067528876278,42.33528771787436],[-71.09454410736608,42.33208348939524],[-71.0953698899615,42.331226957949156],[-71.09578898941477,42.3307186522647],[-71.09536000952525,42.33049601765492],[-71.09456158949548,42.330303570808425],[-71.09308558624029,42.33017356915671],[-71.09193358412078,42.33018456749985],[-71.09167958322396,42.330148567242865],[-71.09123958353173,42.32993856585412],[-71.09022158180365,42.329604565314824],[-71.08974158105656,42.32908456468111],[-71.08922758087054,42.328748564203714],[-71.0897085833292,42.328238564139305],[-71.08982658451683,42.32773956485023],[-71.08996758596585,42.32745556498799],[-71.09022358633368,42.32721156558218],[-71.09179859315684,42.32598056778211],[-71.09134059410574,42.32531056690614],[-71.09084259284928,42.3249725667231],[-71.0887885898916,42.32421756386928],[-71.08916933852512,42.32380349616527],[-71.08766698551102,42.323244121103016],[-71.08739558838498,42.32353556201875],[-71.0867975867905,42.323812561445614],[-71.08666158713966,42.32365756080588],[-71.08624158598172,42.323485560083675],[-71.08588358513425,42.32349956006036],[-71.08460758252491,42.32377855804413],[-71.08285457739589,42.32404555583944],[-71.08277314700574,42.32402037689509],[-71.0833402161037,42.325525433508666],[-71.08337626577573,42.325920233126084],[-71.08306156920288,42.327992555714275],[-71.08346956868493,42.3287075562085],[-71.08335856657263,42.32941155539133],[-71.08306456352695,42.33065655556723],[-71.08298656195261,42.330830555174764],[-71.0817385566338,42.33194155379962],[-71.08101455343467,42.332811551953874],[-71.0809884925164,42.333046014226575],[-71.08042143096023,42.333733204222334],[-71.07752603371452,42.336079131653],[-71.07628968779188,42.33695607039359],[-71.07951879869911,42.339619870578616],[-71.07959788368497,42.33970078114265]]]},"properties":{"Ward_Num":13,"Shape_Leng":19751.7824781,"Shape_Area":15191911.0197}},
{"type":"Feature","geometry":{"type":"Polygon","coordinates":[[[-71.07281543880872,42.33309190513092],[-71.07346338356196,42.33356685049486],[-71.07512064211598,42.33494607825289],[-71.07449158011472,42.33545103781448],[-71.07628968779188,42.33695607039359],[-71.07752603371452,42.336079131653],[-71.08042143096023,42.333733204222334],[-71.0809884925164,42.333046014226575],[-71.08101455343467,42.332811551953874],[-71.0817385566338,42.33194155379962],[-71.08298656195261,42.330830555174764],[-71.08306456352695,42.33065655556723],[-71.08335856657263,42.32941155539133],[-71.08346956868493,42.3287075562085],[-71.08306156920288,42.327992555714275],[-71.08337626577573,42.325920233126084],[-71.08330857448044,42.3259585563297],[-71.08187357158467,42.32564755436153],[-71.08120557100595,42.32529355338362],[-71.07960056950198,42.324160551366376],[-71.0788085693028,42.3237975503705],[-71.07666456592356,42.322888547204364],[-71.07714656810272,42.32219554793181],[-71.07765457278515,42.320838549024174],[-71.0777465742941,42.320430549416116],[-71.07725357331164,42.32043854882941],[-71.07552256818697,42.32057254633679],[-71.07427556590856,42.32072254411874],[-71.07371256372988,42.32083954341251],[-71.07220455982787,42.3213585415761],[-71.07214756012681,42.32104654204247],[-71.07193455994722,42.32075154145186],[-71.07086855951674,42.319780540196845],[-71.07045956023563,42.31931853936781],[-71.06996655965995,42.31904553902192],[-71.06874755822673,42.31859353722106],[-71.06810955068136,42.321284536534165],[-71.06732641269164,42.32419346679635],[-71.06675727029236,42.32570084065672],[-71.06462947919096,42.329083097188885],[-71.06409838945255,42.329955958974764],[-71.06355351919774,42.33079052940291],[-71.06697652483426,42.331481533924354],[-71.06777452672485,42.3316565351116],[-71.07005053053514,42.33208053780933],[-71.07196662056016,42.3324641256855],[-71.07281543880872,42.33309190513092]]]},"properties":{"Ward_Num":12,"Shape_Leng":20113.1349821,"Shape_Area":19383440.2919}},
{"type":"Feature","geometry":{"type":"Polygon","coordinates":[[[-71.05180211909529,42.3334040097864],[-71.05379445056025,42.335008283998896],[-71.054684186837,42.33557655518631],[-71.05526720449014,42.335087709839186],[-71.0571065435697,42.33808877187058],[-71.05725804191334,42.33864571335156],[-71.05852933160861,42.33775234379942],[-71.05975021736566,42.33684091153884],[-71.06355351919774,42.33079052940291],[-71.06409838945255,42.329955958974764],[-71.06462947919096,42.329083097188885],[-71.06675727029236,42.32570084065672],[-71.06732641269164,42.32419346679635],[-71.06810955068136,42.321284536534165],[-71.06874755822673,42.31859353722106],[-71.06824255663486,42.31840453704853],[-71.06621655442463,42.31754453391728],[-71.0652005529291,42.317070532397295],[-71.06382755168563,42.31649753052209],[-71.06271855025625,42.31600552945958],[-71.06148054855764,42.315405527780854],[-71.06001854701168,42.31473752595529],[-71.06001554723743,42.314417525687],[-71.05698854218292,42.31394852198649],[-71.05666453807838,42.31541952146725],[-71.0552805346639,42.315153519563275],[-71.05387953239511,42.314925517583774],[-71.05359152978279,42.315777517009174],[-71.05253752779707,42.31558451592083],[-71.04898883235164,42.31474557539383],[-71.04898029027605,42.31506400753134],[-71.04912289871109,42.31518000550274],[-71.05000706797733,42.31550690555004],[-71.04986445901459,42.31567562748001],[-71.04943663587179,42.31548581486914],[-71.0488804637221,42.31548581374775],[-71.0484098560056,42.31579162151183],[-71.04832429140104,42.315991977197726],[-71.04850967996592,42.31657195219365],[-71.0477681183486,42.31617124193104],[-71.0467556016512,42.315960339687145],[-71.04645612364183,42.31597088422531],[-71.04595699436919,42.3163083247417],[-71.0440460453807,42.31624505158081],[-71.04416013291528,42.316086876908294],[-71.04408882967711,42.31546471736329],[-71.04398900382931,42.31535926609654],[-71.04320466032752,42.31520108704505],[-71.04257718345157,42.31520108698127],[-71.04252014056722,42.31499018246718],[-71.04227770766339,42.31491636546535],[-71.04196397073889,42.314410192597165],[-71.041753504568,42.31418070227637],[-71.04068316042517,42.313816085492164],[-71.04076962909542,42.313677287961085],[-71.03865427644845,42.312956676826175],[-71.03802442143937,42.31388819308765],[-71.03776297172567,42.31435394538925],[-71.03738268341588,42.314661515696265],[-71.03782239104959,42.31499544852015],[-71.03872557612338,42.31496908669644],[-71.03874934294825,42.31521514141512],[-71.03797688177914,42.3152415034492],[-71.03801253374876,42.315408467933054],[-71.03696674236522,42.31479333118112],[-71.03671717698043,42.3151272619842],[-71.03394820591728,42.31328182452015],[-71.03365110609116,42.313167580717874],[-71.0334015408503,42.31342594493937],[-71.0337818293242,42.31363685467473],[-71.03662210406077,42.31546470721765],[-71.03666963988516,42.31577227311265],[-71.03684789894602,42.316220437408596],[-71.03767027110149,42.316705506495104],[-71.03805055945618,42.31669671965289],[-71.03796737097485,42.317241538290446],[-71.03799113806129,42.31747879622937],[-71.03828823698518,42.31830480006907],[-71.03840707606295,42.31846296954267],[-71.03847837938716,42.318867178948594],[-71.03881113208968,42.31898141175961],[-71.03882301459477,42.319227450954],[-71.0390131589891,42.31942955335888],[-71.03894185405989,42.31964922926452],[-71.03925083885733,42.31969316455159],[-71.03940533040958,42.31957893371092],[-71.04022532799796,42.31968437946507],[-71.0401302572794,42.3190429237985],[-71.0398688091433,42.31865628962853],[-71.03999953383332,42.31840146116524],[-71.04029663484036,42.31819935547919],[-71.04003518701921,42.31809390855788],[-71.03953605815342,42.31834873767717],[-71.03942910221537,42.318181780574776],[-71.03985692699953,42.31791816303437],[-71.04045112771044,42.31794452615517],[-71.04066503908392,42.318181782199055],[-71.04091460436601,42.31779514314218],[-71.04106909598511,42.31813784624225],[-71.04131866020974,42.318252080699786],[-71.04059373416561,42.31848933378084],[-71.04086944265065,42.31879688517791],[-71.04152306367976,42.31865629187506],[-71.04201030822757,42.31864750540615],[-71.04237871311936,42.3187265899581],[-71.04277088536094,42.31851569870248],[-71.04328189825215,42.31848055064274],[-71.04370972137166,42.31897263176443],[-71.04401870651137,42.318955057511324],[-71.04529029335934,42.31993042214281],[-71.04548043703367,42.32023796571922],[-71.04561829028901,42.3208266878231],[-71.04582031855101,42.32099363851605],[-71.04563017404935,42.3211869487968],[-71.04626002463675,42.32183716930213],[-71.04675558816619,42.32177390581754],[-71.0470312968636,42.321949640164675],[-71.04781916945237,42.32199181735905],[-71.04605082826217,42.32337203129166],[-71.04619343617067,42.3234950423598],[-71.04657372444548,42.323354459538145],[-71.04685894148591,42.32333688642032],[-71.04731053326329,42.323512617579745],[-71.0475957490279,42.32391679442205],[-71.04769081903912,42.32454941369156],[-71.04773835324883,42.32572677245733],[-71.04761951151778,42.32648237810805],[-71.04731675729094,42.32711943003461],[-71.04742345175632,42.33124469941443],[-71.04852126876781,42.33122499330666],[-71.05107048463191,42.332814876778734],[-71.05180211909529,42.3334040097864]]]},"properties":{"Ward_Num":11,"Shape_Leng":40709.9636765,"Shape_Area":39647285.3388}},
{"type":"Feature","geometry":{"type":"Polygon","coordinates":[[[-71.06874755822673,42.31859353722106],[-71.06996655965995,42.31904553902192],[-71.07045956023563,42.31931853936781],[-71.07086855951674,42.319780540196845],[-71.07193455994722,42.32075154145186],[-71.07214756012681,42.32104654204247],[-71.07220455982787,42.3213585415761],[-71.07371256372988,42.32083954341251],[-71.07427556590856,42.32072254411874],[-71.07552256818697,42.32057254633679],[-71.07725357331164,42.32043854882941],[-71.0777465742941,42.320430549416116],[-71.07776157758806,42.31860554924668],[-71.07801458160193,42.317197550261305],[-71.07815158431787,42.31622454986551],[-71.07827458562559,42.315678550414454],[-71.07882358940564,42.31460755158619],[-71.07916859149366,42.314047552104725],[-71.07587858723028,42.31242554759638],[-71.07512558623635,42.31204054692957],[-71.07464958429716,42.3128405454944],[-71.07317158186228,42.312221544219696],[-71.07193257917756,42.3119845426114],[-71.07151257863251,42.31184354121371],[-71.06919157658133,42.31091153900478],[-71.06841657533612,42.31065953788355],[-71.06716657317365,42.309897536308625],[-71.0667365738103,42.3095895352755],[-71.06523257323212,42.30815953357671],[-71.06503057296572,42.30807953346593],[-71.06458357167308,42.30811553285],[-71.06403056988158,42.30824653213509],[-71.06381457001534,42.30843353183607],[-71.06324856756824,42.3085265303563],[-71.06080056152686,42.308821527055095],[-71.06030956062118,42.308655526732664],[-71.06006256094022,42.30839852667697],[-71.05942356030852,42.307988525239445],[-71.05923456114137,42.30760452524049],[-71.05841955914792,42.30757852391607],[-71.05828555885236,42.307531524409534],[-71.05773455944559,42.30700352348424],[-71.05756755926397,42.30648352306493],[-71.0576035610258,42.305942523369424],[-71.05753956086824,42.30568752324798],[-71.05723056181508,42.305336522487764],[-71.05655556126358,42.30485752165605],[-71.05586956061734,42.30447152126451],[-71.05543256031025,42.30432252077771],[-71.05537684856063,42.30453898782858],[-71.05558639817853,42.304979190721426],[-71.0563374673386,42.30504950416391],[-71.05648958269924,42.30517606711359],[-71.05608077258613,42.30541512758263],[-71.05653711709866,42.30592840433123],[-71.05626140782779,42.30605496533639],[-71.05621862327516,42.3071131422764],[-71.05638975218248,42.3072713396771],[-71.056931663391,42.307271340668336],[-71.05693166316637,42.307418991758546],[-71.05619010001564,42.30764046597497],[-71.05596192627574,42.30790412579572],[-71.05616157722154,42.30806232211549],[-71.05673201013705,42.307999044965776],[-71.05641827153786,42.308389259297414],[-71.05660366170554,42.308726740479564],[-71.05668922507009,42.3091274972623],[-71.05661792027321,42.30938060436002],[-71.05617583609356,42.30916968092417],[-71.05553600086519,42.30919428812848],[-71.05473739436117,42.30931381003864],[-71.05430957109846,42.30901851620389],[-71.05471297879382,42.30693647094809],[-71.05314428947217,42.30651460505868],[-71.05314428919756,42.30663764828246],[-71.05347704060837,42.307006779056294],[-71.05347703956106,42.30728801951232],[-71.05331066308277,42.3075516811488],[-71.05266482601023,42.308037708905935],[-71.05103624097437,42.30796388229862],[-71.04961015909787,42.30796387985677],[-71.04864042333372,42.30792169381505],[-71.0480985120473,42.30795333173451],[-71.04787033940973,42.30805879544436],[-71.04739973171003,42.30843846273037],[-71.04662964674277,42.30862829478907],[-71.04600692449601,42.30890812116631],[-71.04502768154325,42.30903467444508],[-71.04474246459573,42.309154197390576],[-71.04418153763989,42.30954791996605],[-71.04382977187446,42.309379181119375],[-71.04337342565987,42.309477611172696],[-71.04346849718728,42.30976587195267],[-71.0441340019535,42.30979399512973],[-71.04424808728778,42.31030723570863],[-71.04523683748307,42.30999085684035],[-71.04556959037558,42.30996273469765],[-71.04592135676792,42.31004710279434],[-71.04594036972019,42.310637678816875],[-71.04607346889928,42.31124933959898],[-71.04577874587339,42.311396980826196],[-71.04586431018558,42.3116114123431],[-71.04627787303296,42.31199105916918],[-71.04638482830048,42.31227052060176],[-71.04637056685479,42.31261747149402],[-71.04658447855279,42.312744019468845],[-71.04692673768206,42.31272292800806],[-71.04732604015152,42.31283893023387],[-71.04772534368973,42.312817839680825],[-71.0490088158007,42.31342948135268],[-71.04940811675344,42.31415711473388],[-71.04910863917878,42.314494564968356],[-71.04898883235164,42.31474557539383],[-71.05253752779707,42.31558451592083],[-71.05359152978279,42.315777517009174],[-71.05387953239511,42.314925517583774],[-71.0552805346639,42.315153519563275],[-71.05666453807838,42.31541952146725],[-71.05698854218292,42.31394852198649],[-71.06001554723743,42.314417525687],[-71.06001854701168,42.31473752595529],[-71.06148054855764,42.315405527780854],[-71.06271855025625,42.31600552945958],[-71.06382755168563,42.31649753052209],[-71.0652005529291,42.317070532397295],[-71.06621655442463,42.31754453391728],[-71.06824255663486,42.31840453704853],[-71.06874755822673,42.31859353722106]]]},"properties":{"Ward_Num":17,"Shape_Leng":32387.6921818,"Shape_Area":23626214.3569}},
{"type":"Feature","geometry":{"type":"Polygon","coordinates":[[[-71.05543256031025,42.30432252077771],[-71.05586956061734,42.30447152126451],[-71.05655556126358,42.30485752165605],[-71.05723056181508,42.305336522487764],[-71.05753956086824,42.30568752324798],[-71.0576035610258,42.305942523369424],[-71.05756755926397,42.30648352306493],[-71.05773455944559,42.30700352348424],[-71.05828555885236,42.307531524409534],[-71.05841955914792,42.30757852391607],[-71.05923456114137,42.30760452524049],[-71.05942356030852,42.307988525239445],[-71.06006256094022,42.30839852667697],[-71.06030956062118,42.308655526732664],[-71.06080056152686,42.308821527055095],[-71.06324856756824,42.3085265303563],[-71.06381457001534,42.30843353183607],[-71.06403056988158,42.30824653213509],[-71.06458357167308,42.30811553285],[-71.06503057296572,42.30807953346593],[-71.06523257323212,42.30815953357671],[-71.0667365738103,42.3095895352755],[-71.06716657317365,42.309897536308625],[-71.06841657533612,42.31065953788355],[-71.06919157658133,42.31091153900478],[-71.07151257863251,42.31184354121371],[-71.07193257917756,42.3119845426114],[-71.07317158186228,42.312221544219696],[-71.07464958429716,42.3128405454944],[-71.07512558623635,42.31204054692957],[-71.07587858723028,42.31242554759638],[-71.07916859149366,42.314047552104725],[-71.07968359439563,42.31321855235964],[-71.08074360002605,42.31189055421355],[-71.08201260636088,42.31025555588292],[-71.0825146091828,42.3096605572135],[-71.08294161246054,42.30868755735513],[-71.08172361013031,42.308409555779804],[-71.08141960990048,42.308311555542225],[-71.08105060903313,42.30808255530544],[-71.07825860740944,42.306040551719036],[-71.07746660639523,42.30552055034409],[-71.07697860630032,42.305243549645134],[-71.07618560481814,42.305045548579315],[-71.07429760078037,42.30493054622389],[-71.07311759914221,42.30467154494679],[-71.07269259850678,42.30449954415853],[-71.0720235976913,42.30398154329737],[-71.07168059803269,42.30357354236662],[-71.07142659788786,42.30340654260446],[-71.07159159991846,42.30235354268182],[-71.07199460345505,42.30156454326276],[-71.07201660543167,42.30067854372276],[-71.07206860622377,42.30026854323932],[-71.07218460656783,42.300037543988466],[-71.0724356082158,42.29982354437094],[-71.07292760961346,42.299578544713725],[-71.07208960978792,42.298729544032454],[-71.07136860705631,42.298952543055115],[-71.06915060087155,42.299571539877995],[-71.06748759615617,42.30001553741803],[-71.06622759248515,42.30032553558086],[-71.06440359138848,42.299253533467855],[-71.06297305174138,42.299745627433154],[-71.06095452190361,42.30025559816051],[-71.06028598514065,42.30033294698225],[-71.05815117653319,42.30031412808509],[-71.05693233439938,42.30058061182873],[-71.05612956154346,42.30106906719117],[-71.05569035911266,42.30177110700947],[-71.05568239449443,42.30321674077488],[-71.05543256031025,42.30432252077771]]]},"properties":{"Ward_Num":18,"Shape_Leng":22288.7651101,"Shape_Area":20892977.8509}},
{"type":"Feature","geometry":{"type":"Polygon","coordinates":[[[-71.06440359138848,42.299253533467855],[-71.06622759248515,42.30032553558086],[-71.06748759615617,42.30001553741803],[-71.06915060087155,42.299571539877995],[-71.07136860705631,42.298952543055115],[-71.07208960978792,42.298729544032454],[-71.07292760961346,42.299578544713725],[-71.0724356082158,42.29982354437094],[-71.07218460656783,42.300037543988466],[-71.07206860622377,42.30026854323932],[-71.07201660543167,42.30067854372276],[-71.07199460345505,42.30156454326276],[-71.07159159991846,42.30235354268182],[-71.07142659788786,42.30340654260446],[-71.07168059803269,42.30357354236662],[-71.0720235976913,42.30398154329737],[-71.07269259850678,42.30449954415853],[-71.07311759914221,42.30467154494679],[-71.07429760078037,42.30493054622389],[-71.07618560481814,42.305045548579315],[-71.07697860630032,42.305243549645134],[-71.07746660639523,42.30552055034409],[-71.07825860740944,42.306040551719036],[-71.08105060903313,42.30808255530544],[-71.08141960990048,42.308311555542225],[-71.08172361013031,42.308409555779804],[-71.08294161246054,42.30868755735513],[-71.08316161331977,42.308317557887555],[-71.08405661735392,42.307117558855495],[-71.0842496190196,42.30674355936308],[-71.08441162037977,42.306203560030056],[-71.08459162284426,42.30524056042692],[-71.08482162568379,42.30417156067455],[-71.08572863470118,42.30124756190166],[-71.086049637508,42.30041556256989],[-71.08683264448263,42.29813156393975],[-71.08727164852345,42.29664656488405],[-71.08742065033111,42.29626156529351],[-71.08783965331799,42.29491056549705],[-71.08695465278402,42.29460656468598],[-71.08467264850941,42.29394956116881],[-71.08248564479203,42.29328655896988],[-71.07953464078044,42.29243855487957],[-71.07799663813562,42.29197455254737],[-71.07465263311971,42.29100354830505],[-71.0741456324111,42.29083954731982],[-71.07199662873268,42.29021654409892],[-71.07160262752868,42.290217543592874],[-71.07077962600322,42.29014754283573],[-71.07073062571422,42.290421542437436],[-71.07040362374845,42.29058754188411],[-71.06985762260258,42.29071354093733],[-71.06735961558284,42.2915085382432],[-71.06559461034946,42.29202353516003],[-71.06583090035946,42.29358446791654],[-71.06595629736762,42.29413957959727],[-71.06638245052966,42.2953140177924],[-71.06651654049222,42.29616229442284],[-71.06595774972595,42.29771653330465],[-71.06501838730551,42.2987624522679],[-71.06440359138848,42.299253533467855]]]},"properties":{"Ward_Num":19,"Shape_Leng":22635.0012101,"Shape_Area":24670047.5242}},
{"type":"Feature","geometry":{"type":"Polygon","coordinates":[[[-71.08916933852512,42.32380349616527],[-71.0887885898916,42.32421756386928],[-71.09084259284928,42.3249725667231],[-71.09134059410574,42.32531056690614],[-71.09179859315684,42.32598056778211],[-71.09022358633368,42.32721156558218],[-71.08996758596585,42.32745556498799],[-71.08982658451683,42.32773956485023],[-71.0897085833292,42.328238564139305],[-71.08922758087054,42.328748564203714],[-71.08974158105656,42.32908456468111],[-71.09022158180365,42.329604565314824],[-71.09123958353173,42.32993856585412],[-71.09167958322396,42.330148567242865],[-71.09193358412078,42.33018456749985],[-71.09308558624029,42.33017356915671],[-71.09456158949548,42.330303570808425],[-71.09536000952525,42.33049601765492],[-71.09578898941477,42.3307186522647],[-71.09662689079651,42.329608514414154],[-71.09729744540286,42.32851439616639],[-71.09771031501458,42.32764354528896],[-71.09825546547358,42.32632223198],[-71.09962661024412,42.32637457773821],[-71.10011361113374,42.326417578263104],[-71.10118661289818,42.326425580344065],[-71.10129709915965,42.32558340591832],[-71.10432462331039,42.32499158428317],[-71.10485362406482,42.325080584805534],[-71.10492062649536,42.324439585705385],[-71.10534462831737,42.32416658619849],[-71.10532162827205,42.32367058607715],[-71.10515663035928,42.32270158625099],[-71.10685263492385,42.32252558848695],[-71.10845263898018,42.32238859049737],[-71.10945364145299,42.32211559160125],[-71.11009164447113,42.32152359263695],[-71.11053264635676,42.32099859314059],[-71.11166965228561,42.3195395953271],[-71.1107006508431,42.31895659408109],[-71.10988765103252,42.31857259264528],[-71.10864864852107,42.318072591299156],[-71.10749264680963,42.31766458943292],[-71.10637964635913,42.31711958829289],[-71.10566564510985,42.31692258754005],[-71.1048806428438,42.31703258674623],[-71.10419964133851,42.31700458502806],[-71.10353364024833,42.3168245845031],[-71.10319563958335,42.316669583926945],[-71.10300863991046,42.31645958386699],[-71.1026806411343,42.31575058376094],[-71.10150964124223,42.31433458172375],[-71.10123864145434,42.31403958189116],[-71.10047364053679,42.313593580753405],[-71.1010366427202,42.313037581883904],[-71.09930364011507,42.312343578993826],[-71.09861663968931,42.31209257880352],[-71.09763863821125,42.31168457723241],[-71.0970886364289,42.31215057642499],[-71.09639163380027,42.312391575518305],[-71.0950386280562,42.31338157326011],[-71.09408862442413,42.31414157176557],[-71.09382162274132,42.31454057159511],[-71.09347261925808,42.31578857138461],[-71.09318361700463,42.31654257068032],[-71.09272261542505,42.316842570069085],[-71.09161961235411,42.316996568410644],[-71.09129461081731,42.31760456791464],[-71.09080260743083,42.318748567450214],[-71.09023860423804,42.3192125660736],[-71.09034460430804,42.31927656623387],[-71.09160660453246,42.32065156759562],[-71.09247660552731,42.32130656926938],[-71.08960059395858,42.32339356529659],[-71.08916933852512,42.32380349616527]]]},"properties":{"Ward_Num":15,"Shape_Leng":22731.7601265,"Shape_Area":21568073.4781}},
{"type":"Feature","geometry":{"type":"Polygon","coordinates":[[[-71.0777465742941,42.320430549416116],[-71.07765457278515,42.320838549024174],[-71.07714656810272,42.32219554793181],[-71.07666456592356,42.322888547204364],[-71.0788085693028,42.3237975503705],[-71.07960056950198,42.324160551366376],[-71.08120557100595,42.32529355338362],[-71.08187357158467,42.32564755436153],[-71.08330857448044,42.3259585563297],[-71.08337626577573,42.325920233126084],[-71.0833402161037,42.325525433508666],[-71.08277314700574,42.32402037689509],[-71.08285457739589,42.32404555583944],[-71.08460758252491,42.32377855804413],[-71.08588358513425,42.32349956006036],[-71.08624158598172,42.323485560083675],[-71.08666158713966,42.32365756080588],[-71.0867975867905,42.323812561445614],[-71.08739558838498,42.32353556201875],[-71.08766698551102,42.323244121103016],[-71.08916933852512,42.32380349616527],[-71.08960059395858,42.32339356529659],[-71.09247660552731,42.32130656926938],[-71.09160660453246,42.32065156759562],[-71.09034460430804,42.31927656623387],[-71.09023860423804,42.3192125660736],[-71.09080260743083,42.318748567450214],[-71.09129461081731,42.31760456791464],[-71.09161961235411,42.316996568410644],[-71.09272261542505,42.316842570069085],[-71.09318361700463,42.31654257068032],[-71.09347261925808,42.31578857138461],[-71.09382162274132,42.31454057159511],[-71.09408862442413,42.31414157176557],[-71.0950386280562,42.31338157326011],[-71.09463362820846,42.31311557266492],[-71.09384462748848,42.31273757153455],[-71.09356062737207,42.31238657188909],[-71.09319362952385,42.31109257127833],[-71.09287163020876,42.31062157042098],[-71.09246462963627,42.31024057056983],[-71.08960362845481,42.30805356682345],[-71.0886316273518,42.307363565380015],[-71.08741462579613,42.30674556399894],[-71.08576662531581,42.305763561715416],[-71.08510362349112,42.30542856045138],[-71.08459162284426,42.30524056042692],[-71.08441162037977,42.306203560030056],[-71.0842496190196,42.30674355936308],[-71.08405661735392,42.307117558855495],[-71.08316161331977,42.308317557887555],[-71.08294161246054,42.30868755735513],[-71.0825146091828,42.3096605572135],[-71.08201260636088,42.31025555588292],[-71.08074360002605,42.31189055421355],[-71.07968359439563,42.31321855235964],[-71.07916859149366,42.314047552104725],[-71.07882358940564,42.31460755158619],[-71.07827458562559,42.315678550414454],[-71.07815158431787,42.31622454986551],[-71.07801458160193,42.317197550261305],[-71.07776157758806,42.31860554924668],[-71.0777465742941,42.320430549416116]]]},"properties":{"Ward_Num":16,"Shape_Leng":20864.8972408,"Shape_Area":21369407.9951}},
{"type":"Feature","geometry":{"type":"Polygon","coordinates":[[[-71.11963027488747,42.32275304070645],[-71.12010360065845,42.322815194750206],[-71.12152614641018,42.323867588947934],[-71.12160508068989,42.323901051781796],[-71.12346848892327,42.32252689041638],[-71.12377014202791,42.32266590632017],[-71.12467989859954,42.321528433182685],[-71.12705492848097,42.31864827276743],[-71.12867373808253,42.31675679225044],[-71.1306693636064,42.31445900078659],[-71.13182443399585,42.31318395406822],[-71.1331414356661,42.31126454891132],[-71.13430870457564,42.30933120563418],[-71.13528086460259,42.30794797436509],[-71.13649895831013,42.306283690622784],[-71.14007566905836,42.30218839132469],[-71.14013195699128,42.30214560371997],[-71.13955675503244,42.301890636373685],[-71.13779675240785,42.301348633729084],[-71.13710375041568,42.30118463293816],[-71.13691775010595,42.30118863209288],[-71.13486674493964,42.301722629841215],[-71.13405274269036,42.301699628456035],[-71.13257873996783,42.301424626056196],[-71.13191273900217,42.30134562519428],[-71.13090473706748,42.30127462390443],[-71.12876073364758,42.30048662147807],[-71.1279257320855,42.300156620495656],[-71.12938873907986,42.29873362270507],[-71.13006874119884,42.298183623322636],[-71.12980074213225,42.2978816234015],[-71.12981974242481,42.297563623562944],[-71.12935074377138,42.296643622521934],[-71.12932674316745,42.296496622594056],[-71.12853774213463,42.29645162146092],[-71.12653473838168,42.296241618929976],[-71.1257077361922,42.29611161796945],[-71.12458773468822,42.29589361629628],[-71.12371173254655,42.29582061514415],[-71.12253873076271,42.295661613550486],[-71.1220107292209,42.29555161320893],[-71.12238973086428,42.29528061310326],[-71.12278873338903,42.29477761445827],[-71.12338273560249,42.294157614629775],[-71.12332673622988,42.293926614863246],[-71.12281073604196,42.29352761447418],[-71.12285573714094,42.293184614838516],[-71.12392174120214,42.291935616437904],[-71.12427874382662,42.291233616564405],[-71.12560474960306,42.290033618736935],[-71.12577875117745,42.28973361889655],[-71.12591475385972,42.28870361970278],[-71.1258147529376,42.288614619688],[-71.12359574350394,42.290711615873704],[-71.12246373902727,42.291748614273516],[-71.1222527391685,42.29160761402404],[-71.12085373632516,42.291178611889165],[-71.12035473507555,42.29110261105677],[-71.1201349048193,42.29073324532007],[-71.11939227492762,42.290235981211055],[-71.11799970352047,42.28945125657243],[-71.1164627329653,42.28838560597467],[-71.1163097321472,42.28870160642528],[-71.1162707313073,42.289125606026836],[-71.11653372966641,42.289759606673755],[-71.11466872360586,42.29062860348019],[-71.11440272319976,42.29064860296531],[-71.11448472275825,42.291187602832615],[-71.11443272113232,42.29157160266473],[-71.11422071971923,42.29202160265406],[-71.1134007159522,42.29311760122598],[-71.1126287151558,42.29219060013745],[-71.10794771276878,42.2886155943646],[-71.10708971000889,42.289233593275895],[-71.10687170919594,42.289329592623226],[-71.10588470639564,42.28960659108398],[-71.10566670518068,42.289744590799856],[-71.10403469859521,42.291097588815916],[-71.10291069409487,42.29205858723416],[-71.10174068860277,42.29316758567329],[-71.10121768737007,42.293190584825446],[-71.09983768498923,42.29299858309506],[-71.09908368388767,42.293008581798155],[-71.09788468076147,42.293092579588176],[-71.09640267712423,42.29323457817058],[-71.09518767472244,42.29313657586647],[-71.09435167165452,42.29321757539268],[-71.09322666681004,42.29454057324077],[-71.09257666296674,42.29543157197498],[-71.09220866103026,42.29587857155462],[-71.09156865777676,42.29674857073129],[-71.09135065721313,42.29692157038015],[-71.09092165545422,42.29710756943252],[-71.09005965364359,42.297390568157134],[-71.08699264433223,42.2981415646648],[-71.08683264448263,42.29813156393975],[-71.086049637508,42.30041556256989],[-71.08572863470118,42.30124756190166],[-71.08482162568379,42.30417156067455],[-71.08459162284426,42.30524056042692],[-71.08510362349112,42.30542856045138],[-71.08576662531581,42.305763561715416],[-71.08741462579613,42.30674556399894],[-71.0886316273518,42.307363565380015],[-71.08960362845481,42.30805356682345],[-71.09246462963627,42.31024057056983],[-71.09287163020876,42.31062157042098],[-71.09319362952385,42.31109257127833],[-71.09356062737207,42.31238657188909],[-71.09384462748848,42.31273757153455],[-71.09463362820846,42.31311557266492],[-71.0950386280562,42.31338157326011],[-71.09639163380027,42.312391575518305],[-71.0970886364289,42.31215057642499],[-71.09763863821125,42.31168457723241],[-71.09861663968931,42.31209257880352],[-71.09930364011507,42.312343578993826],[-71.1010366427202,42.313037581883904],[-71.10047364053679,42.313593580753405],[-71.10123864145434,42.31403958189116],[-71.10150964124223,42.31433458172375],[-71.1026806411343,42.31575058376094],[-71.10300863991046,42.31645958386699],[-71.10319563958335,42.316669583926945],[-71.10353364024833,42.3168245845031],[-71.10419964133851,42.31700458502806],[-71.1048806428438,42.31703258674623],[-71.10566564510985,42.31692258754005],[-71.10637964635913,42.31711958829289],[-71.10749264680963,42.31766458943292],[-71.10864864852107,42.318072591299156],[-71.10988765103252,42.31857259264528],[-71.1107006508431,42.31895659408109],[-71.11166965228561,42.3195395953271],[-71.11053264635676,42.32099859314059],[-71.11009164447113,42.32152359263695],[-71.10945364145299,42.32211559160125],[-71.11064464498193,42.321834593317526],[-71.11388165303637,42.321320597890946],[-71.11559965766132,42.321065600097434],[-71.11632166004422,42.321011601027074],[-71.11711766170892,42.32105460234463],[-71.11782466289742,42.32113360291093],[-71.11961866602239,42.32145460565324],[-71.11951566431613,42.32205460531404],[-71.11963027488747,42.32275304070645]]]},"properties":{"Ward_Num":22,"Shape_Leng":53013.3402778,"Shape_Area":108845122.806}},
{"type":"Feature","geometry":{"type":"Polygon","coordinates":[[[-71.07054342900281,42.372285360377234],[-71.06733642827922,42.37184260329641],[-71.06685993232432,42.37176616932657],[-71.06656450023713,42.371567209866896],[-71.0656043254445,42.370736794043026],[-71.06538664537122,42.370210204361086],[-71.06471708786556,42.369574069810184],[-71.06306245058263,42.369672336635176],[-71.06300632371787,42.36952622896608],[-71.06138613681715,42.36941384244354],[-71.061445557412,42.36966846440999],[-71.06131483193612,42.3697650438263],[-71.0613523846812,42.3702761419745],[-71.06106122607137,42.370381500783374],[-71.06052050513125,42.36973178170162],[-71.05975992712743,42.37004347078202],[-71.05993866272806,42.370485877694044],[-71.05981982233098,42.3705473374422],[-71.05917808700023,42.369880059502236],[-71.0582749008336,42.370380516295135],[-71.05921373502177,42.371372642382724],[-71.05879779478181,42.37144288030992],[-71.0579064957541,42.37056489476323],[-71.05746678687399,42.37079317120195],[-71.05848880922007,42.37177651053549],[-71.05832243369376,42.37190820672849],[-71.05804910091155,42.371881867462086],[-71.0570033103492,42.37098632778996],[-71.05571983517375,42.371662370213414],[-71.0562308469317,42.37197844128728],[-71.05617751552909,42.37212842779796],[-71.05557080879667,42.371896014174006],[-71.05534501186838,42.37204526880313],[-71.05480366114222,42.37177924578206],[-71.0541025043542,42.37186704225253],[-71.05506510761195,42.37270111182351],[-71.05480058563471,42.37285539668782],[-71.05360337605612,42.37184948213406],[-71.0531636674031,42.37187582103373],[-71.05404339127722,42.37265219097079],[-71.05373731243449,42.37284087608589],[-71.0534726502164,42.372797685510406],[-71.05273584166916,42.372279686279775],[-71.05252193004299,42.372051414287185],[-71.05218917789735,42.37197239706978],[-71.05154744192347,42.371989955515815],[-71.05189207681605,42.37226212640481],[-71.0517494685247,42.37234114256399],[-71.0519514967508,42.37267476910842],[-71.0520602633719,42.37324252912053],[-71.05142907640463,42.373269173236686],[-71.05094554787877,42.37350706607431],[-71.05083687542536,42.37387525643892],[-71.04975295295176,42.37322787981449],[-71.04969947339939,42.37352813883982],[-71.05075844169406,42.374140995918964],[-71.05064119357512,42.37453823904917],[-71.04949744479806,42.37389687615878],[-71.04941425659693,42.37414270065574],[-71.05055393957288,42.374830269202576],[-71.0502825933486,42.37547239367436],[-71.04954323082022,42.375069795630914],[-71.04938873720785,42.37526293947748],[-71.05058902148352,42.37604867903075],[-71.05045829643161,42.3761584181937],[-71.05000316855416,42.37593842290442],[-71.0492486871829,42.37546183314475],[-71.0490975781585,42.37565361421715],[-71.04987597998421,42.37613646914218],[-71.0500839507098,42.37634277897816],[-71.04967173126164,42.37640163152557],[-71.04886584012137,42.375925768888365],[-71.04877076793089,42.37603550736014],[-71.0495907620738,42.37679051046633],[-71.04957293628367,42.37692219589878],[-71.04912134341033,42.37721190238331],[-71.049638296547,42.37768596656738],[-71.04948404309192,42.377777757966726],[-71.04902047030328,42.37735264759256],[-71.04834888063715,42.37814685532921],[-71.048642810345,42.37839559003704],[-71.04933683811662,42.37798825262764],[-71.05042065808455,42.37892934135057],[-71.05020199132274,42.37920323766947],[-71.05109566847665,42.37954033967868],[-71.05116221811232,42.3797489203523],[-71.05164708566157,42.37994556161249],[-71.05180870915694,42.37975243280464],[-71.05260256110127,42.3798893801647],[-71.0532918332182,42.37989289224349],[-71.05414748213994,42.379966633850515],[-71.05467037817604,42.380075488669064],[-71.05482249519486,42.379500313815726],[-71.05503640761,42.37951084853649],[-71.05492944978172,42.38003756586627],[-71.05563536066991,42.38013764258092],[-71.055706664685,42.37989535301724],[-71.05597049022538,42.3798900861204],[-71.05592057676593,42.38016924503917],[-71.05647674793748,42.38031672534591],[-71.05671918249902,42.37983214825519],[-71.05689031285995,42.37985848479474],[-71.05688318083949,42.38041153465927],[-71.05758909048477,42.380659089615],[-71.057838656691,42.38015871333538],[-71.05802469045038,42.380209342080946],[-71.05777220298118,42.38071557648545],[-71.05818804499604,42.380859239852526],[-71.05853030570591,42.38041680406645],[-71.05870077627705,42.38048876096504],[-71.0583800169005,42.3809034024566],[-71.05893777203156,42.38113191341187],[-71.06014640358208,42.37930552063892],[-71.06075105508182,42.3783390083297],[-71.061227407014,42.378510522608345],[-71.06169440998627,42.377936522562756],[-71.06216541143799,42.37742652366545],[-71.06290641596563,42.376317524518996],[-71.06238841497499,42.37611652363558],[-71.06262241636864,42.3757765238634],[-71.06309242002897,42.37468852489046],[-71.06396742037525,42.37527552625886],[-71.06446042072152,42.37554552690518],[-71.06496442275287,42.37516752712381],[-71.06546342403985,42.37496752804852],[-71.06868331152916,42.373941908255375],[-71.06913783190166,42.37375971145299],[-71.06956746829626,42.37346327324208],[-71.07054342900281,42.372285360377234]]]},"properties":{"Ward_Num":4,"Shape_Leng":28605.7895338,"Shape_Area":12995801.5724}},
{"type":"Feature","geometry":{"type":"Polygon","coordinates":[[[-71.05893777203156,42.38113191341187],[-71.05910786616663,42.381201600422266],[-71.05951430091706,42.38064329067483],[-71.05966661284914,42.38070379156599],[-71.0592394990546,42.38129050763664],[-71.05987081986326,42.38140701588689],[-71.06021308084328,42.38094878237101],[-71.06039818489464,42.38102422187794],[-71.06007308407592,42.38145947965965],[-71.06041986141238,42.3815123568663],[-71.06054107783616,42.381338545487466],[-71.06124698944079,42.38115946665847],[-71.06089840974612,42.38156869993519],[-71.05954363283963,42.38173724313965],[-71.05901598220755,42.38173724232261],[-71.05503975570478,42.381210153665194],[-71.05461522850152,42.381106519715324],[-71.05110361327762,42.380574138254545],[-71.05094080275347,42.38040383467315],[-71.04754673002546,42.3798700935326],[-71.04719317669411,42.38118929752347],[-71.04978220826857,42.38157122141226],[-71.04946133929751,42.38199258090362],[-71.04925931011556,42.38212425563209],[-71.04755989731797,42.381790677260156],[-71.04748859129587,42.38246660541064],[-71.04767873572227,42.38284406913798],[-71.04820163111866,42.38337075890458],[-71.0486651068999,42.38361654619577],[-71.04940191539559,42.38380088690664],[-71.05092306792879,42.383958893685524],[-71.05089723524083,42.3842083592321],[-71.05814533229565,42.38486354250381],[-71.05823225861725,42.38473665081053],[-71.05901651534035,42.38477367587833],[-71.06002903647587,42.383088293358426],[-71.06174033438272,42.38317256577816],[-71.06228224646513,42.38247733323996],[-71.06251905376669,42.38255920232157],[-71.06180411084041,42.383472886476596],[-71.06209558083425,42.38357844858823],[-71.06320784923655,42.38218126964997],[-71.0634075793552,42.38227225642517],[-71.06289418822283,42.382904288273764],[-71.06263876541954,42.383320039510274],[-71.06283841724401,42.38339377657594],[-71.06323772031257,42.38297242603837],[-71.06376537067038,42.38307776423436],[-71.0641633225061,42.382855439531085],[-71.06481409720317,42.38312897966563],[-71.06319551557286,42.385241423446466],[-71.06370119125258,42.38526875420286],[-71.06452795666198,42.3841606532383],[-71.06466394352758,42.38421781216529],[-71.06503445003011,42.383736884472725],[-71.06651057629365,42.38350965191119],[-71.0670952695706,42.383815129544836],[-71.06686709562817,42.38413113835466],[-71.06735272852474,42.38435266717897],[-71.067140145377,42.38462860404752],[-71.06818344066743,42.38495690821999],[-71.0685224872762,42.38451682150033],[-71.06980482190342,42.38458408586904],[-71.069819083105,42.384742088737944],[-71.07023264565542,42.384952759195514],[-71.07038951496124,42.38480529075908],[-71.07127368552057,42.38512129565503],[-71.06996168852771,42.38601663071707],[-71.07005247125187,42.386089207118005],[-71.06963568291778,42.38637362996578],[-71.07109414772859,42.387254615819565],[-71.07230631511331,42.38794979672112],[-71.07237373741431,42.38771179540382],[-71.07301935757357,42.387180886462154],[-71.07316196609916,42.38725461785286],[-71.0726270300072,42.38822016104584],[-71.07270060788701,42.38825462178014],[-71.07309352040745,42.3889564149585],[-71.07403942510253,42.390531723686486],[-71.0742915393958,42.39058342399833],[-71.07754717242068,42.386001305066465],[-71.07767377878754,42.3857773058333],[-71.0787821069354,42.38426389910521],[-71.0797119598404,42.38291913678852],[-71.08098962078171,42.382311871781404],[-71.08070130552167,42.38102604554083],[-71.07568077427861,42.38022419930401],[-71.07407752387543,42.3765277634181],[-71.07233178546352,42.37253221837085],[-71.07054342900281,42.372285360377234],[-71.06956746829626,42.37346327324208],[-71.06913783190166,42.37375971145299],[-71.06868331152916,42.373941908255375],[-71.06546342403985,42.37496752804852],[-71.06496442275287,42.37516752712381],[-71.06446042072152,42.37554552690518],[-71.06396742037525,42.37527552625886],[-71.06309242002897,42.37468852489046],[-71.06262241636864,42.3757765238634],[-71.06238841497499,42.37611652363558],[-71.06290641596563,42.376317524518996],[-71.06216541143799,42.37742652366545],[-71.06169440998627,42.377936522562756],[-71.061227407014,42.378510522608345],[-71.06075105508182,42.3783390083297],[-71.06014640358208,42.37930552063892],[-71.05893777203156,42.38113191341187]]]},"properties":{"Ward_Num":3,"Shape_Leng":36828.6205747,"Shape_Area":22031853.8161}},
{"type":"Feature","geometry":{"type":"Polygon","coordinates":[[[-71.11803192061923,42.355587058403394],[-71.1181511543045,42.35608524265299],[-71.11802241651259,42.35706308031834],[-71.11766510047943,42.35814992251847],[-71.11738410606533,42.358729086087706],[-71.1172065136145,42.35927813383857],[-71.11721853416032,42.359920562137674],[-71.117356628238,42.36088529235221],[-71.11713622053304,42.360988559704886],[-71.11735484560324,42.361424224293145],[-71.1175441931648,42.3626643547493],[-71.11762847628891,42.36341129855096],[-71.11742765778686,42.36406729039941],[-71.11757523901872,42.364505185487694],[-71.117545729375,42.36559119343946],[-71.11766967032615,42.3665734367872],[-71.1180602905447,42.36751567857706],[-71.11853690882386,42.368190107244104],[-71.11916416933673,42.368185053617566],[-71.11948930313785,42.3682698242056],[-71.12111584774172,42.368115763142285],[-71.1216073955314,42.36809488193667],[-71.12265659108827,42.368262424132205],[-71.12321027999668,42.36849501813314],[-71.12354997383444,42.368745566517674],[-71.12409060476487,42.36874733440487],[-71.12496959899181,42.3690388829841],[-71.12525566834653,42.36928568441977],[-71.12546032056201,42.36959560809873],[-71.12526038626116,42.36967590576977],[-71.12555900999264,42.36998970419666],[-71.12570330945867,42.36993145204753],[-71.12632276529152,42.370686440660066],[-71.12644105279063,42.37095930963878],[-71.12654573863033,42.371593256387676],[-71.12671758330183,42.37194670154165],[-71.12697775842837,42.372257626273864],[-71.12767016232773,42.37282295491338],[-71.12837788294352,42.37324042112383],[-71.12901922098678,42.37349357402211],[-71.12958592573725,42.373600773784595],[-71.13070481038815,42.37357748025929],[-71.13135579470483,42.373447854903525],[-71.13218678213684,42.373102019756644],[-71.13261601165449,42.37266680920746],[-71.13265354518215,42.37219385152498],[-71.13239018108459,42.37179018045707],[-71.13170284391299,42.371175777819985],[-71.13141823614282,42.370735814313015],[-71.13107958151025,42.369919465770515],[-71.13116708271005,42.36931989137957],[-71.13138981243463,42.369009702235985],[-71.13179393579493,42.3687516817981],[-71.13238922497816,42.36826349589933],[-71.13315629334916,42.3677599389661],[-71.13398258405093,42.367380323111],[-71.13475063104731,42.367151987445155],[-71.13568623069104,42.36680755568541],[-71.13609821116609,42.36659235354613],[-71.13704346962784,42.3658522471504],[-71.13750142300486,42.365361678946066],[-71.13830944041966,42.36467299018541],[-71.13906610440326,42.36429119750485],[-71.13961228923496,42.36415680576986],[-71.1402603628871,42.36406334217148],[-71.14107708784728,42.36411391513717],[-71.14118204577407,42.36426681319391],[-71.1416241523609,42.36427971850955],[-71.1424716910929,42.36457459974398],[-71.14331329146164,42.36467710047251],[-71.14386283695671,42.36460196927284],[-71.1442180607657,42.364470529133655],[-71.14477457205096,42.364010697231365],[-71.14508959728387,42.36352514437555],[-71.1453659076141,42.36288251366797],[-71.14584707378847,42.36239417868099],[-71.14653570540422,42.36192404337389],[-71.14660852938067,42.36180380185976],[-71.14749102045714,42.36120336225127],[-71.14807413148263,42.36094144523208],[-71.14885740234658,42.360746813757636],[-71.15020336217701,42.360633472093305],[-71.15075074476742,42.36053964305284],[-71.15241083891335,42.36035752578115],[-71.15357168510829,42.35985694467223],[-71.15428669759848,42.35962200964596],[-71.15545503141583,42.359507794998464],[-71.15818164380195,42.35962459915593],[-71.1591406039197,42.35956954650195],[-71.15980561761816,42.359407696883665],[-71.160179276454,42.359208211271856],[-71.16054496069506,42.35911489495927],[-71.1613194743553,42.35874837480635],[-71.16155173427634,42.35842031962442],[-71.16233541306273,42.358135592532115],[-71.16324732962276,42.358085856542495],[-71.1639021211535,42.358102041482404],[-71.16453567409496,42.358216124370436],[-71.16521494548898,42.358641240540386],[-71.16552459368616,42.35892725234524],[-71.1658993374529,42.3591484168003],[-71.16637162792516,42.359535604737886],[-71.1670227953492,42.359541060552154],[-71.16758934786455,42.35945351887472],[-71.16853419991536,42.35912311469916],[-71.17014934587961,42.35739734856729],[-71.17263997001278,42.354774270867665],[-71.17390794497639,42.353464559657404],[-71.17439057502033,42.35191634735965],[-71.17486004488498,42.350333519844405],[-71.17481904974552,42.35026871287957],[-71.17192171989262,42.34995266944211],[-71.17055771729397,42.34950266770899],[-71.1701087167559,42.34938966686623],[-71.16970271601197,42.34941066680998],[-71.16898271315867,42.34964266556134],[-71.16884671262198,42.34973766550113],[-71.16811170935324,42.35066266447096],[-71.16615766868416,42.35042408334773],[-71.16539270392461,42.35027166048618],[-71.16502876780127,42.35014448553127],[-71.16376146989076,42.34932137178858],[-71.16309370143502,42.34904065771602],[-71.16043769580922,42.348915654882674],[-71.15955062419054,42.34888974212397],[-71.15780868981221,42.34906465105382],[-71.15647568699167,42.3491046492772],[-71.15402068166955,42.34913664618635],[-71.15263967867752,42.349087644774336],[-71.15061367432229,42.3489756419201],[-71.15015467232966,42.348985641591156],[-71.14934167079986,42.34923963994857],[-71.14862066750318,42.349578639031364],[-71.14707966364361,42.35016463710679],[-71.1456126581945,42.350785635236946],[-71.14603365856917,42.351181635684924],[-71.14602565777115,42.35158863555376],[-71.14527365277984,42.35289863384056],[-71.14417664590636,42.35488863202872],[-71.14237064334571,42.35444462998334],[-71.14068164027856,42.35400362828638],[-71.13906663700966,42.3537906256665],[-71.13882363526578,42.35455362566054],[-71.13832563110633,42.35586762425126],[-71.1381126290559,42.35656262362947],[-71.13787895634766,42.35713003178731],[-71.11940985394733,42.35471991486999],[-71.11803192061923,42.355587058403394]]]},"properties":{"Ward_Num":26,"Shape_Leng":45898.140912,"Shape_Area":61165120.2179}},
{"type":"Feature","geometry":{"type":"Polygon","coordinates":[[[-71.11803192061923,42.355587058403394],[-71.11940985394733,42.35471991486999],[-71.13787895634766,42.35713003178731],[-71.1381126290559,42.35656262362947],[-71.13832563110633,42.35586762425126],[-71.13882363526578,42.35455362566054],[-71.13906663700966,42.3537906256665],[-71.14068164027856,42.35400362828638],[-71.14237064334571,42.35444462998334],[-71.14417664590636,42.35488863202872],[-71.14527365277984,42.35289863384056],[-71.14602565777115,42.35158863555376],[-71.14603365856917,42.351181635684924],[-71.1456126581945,42.350785635236946],[-71.14707966364361,42.35016463710679],[-71.14862066750318,42.349578639031364],[-71.14934167079986,42.34923963994857],[-71.15015467232966,42.348985641591156],[-71.15061367432229,42.3489756419201],[-71.15263967867752,42.349087644774336],[-71.15402068166955,42.34913664618635],[-71.15647568699167,42.3491046492772],[-71.15780868981221,42.34906465105382],[-71.15955062419054,42.34888974212397],[-71.16043769580922,42.348915654882674],[-71.16309370143502,42.34904065771602],[-71.16376146989076,42.34932137178858],[-71.16502876780127,42.35014448553127],[-71.16539270392461,42.35027166048618],[-71.16615766868416,42.35042408334773],[-71.16811170935324,42.35066266447096],[-71.16884671262198,42.34973766550113],[-71.16898271315867,42.34964266556134],[-71.16970271601197,42.34941066680998],[-71.1701087167559,42.34938966686623],[-71.17055771729397,42.34950266770899],[-71.17192171989262,42.34995266944211],[-71.17481904974552,42.35026871287957],[-71.17476353289054,42.35018094981432],[-71.16668464230514,42.34009305839135],[-71.16656503625236,42.33976753786604],[-71.16666301832869,42.339353465910285],[-71.16882925906646,42.338531837624075],[-71.16926962171179,42.337713445673685],[-71.16904103490653,42.3372904726587],[-71.16882763203583,42.336299791546764],[-71.16885612796766,42.33573157306713],[-71.1685679439193,42.33503758576799],[-71.1682294262,42.33477537178865],[-71.16759080000222,42.33334714895083],[-71.16301867337462,42.33385603138124],[-71.16246711325617,42.33387828734511],[-71.16172568257122,42.33378801996504],[-71.16098575929286,42.333555885383255],[-71.15974751239158,42.33293754945353],[-71.15928593970214,42.33259673798141],[-71.1569646212193,42.330384404004036],[-71.15227290925849,42.333227725511534],[-71.1501364586773,42.33454087238345],[-71.1505607440058,42.33493072792964],[-71.1501493607912,42.33521733151806],[-71.15007298162988,42.3353853110426],[-71.14834721378762,42.33578836426035],[-71.14875429340945,42.336878189092886],[-71.14616687294884,42.337446784761376],[-71.14636584056592,42.33811201756619],[-71.14650309549334,42.33810640070601],[-71.1466386741837,42.33853270080959],[-71.1461790909357,42.33870059798894],[-71.14513093307264,42.339479706420455],[-71.14425611108473,42.340015941371476],[-71.14256956998005,42.3400598272216],[-71.14193899734582,42.34004606510148],[-71.1416012168472,42.34077740795444],[-71.1413026461724,42.34111619632406],[-71.1377772061041,42.343898344368746],[-71.13521038697004,42.34595817077235],[-71.13338398579755,42.3471276527055],[-71.13131973015307,42.34809218164848],[-71.12927306151006,42.34907566423572],[-71.12873632208125,42.349447127619285],[-71.12856458185192,42.34984035005018],[-71.12758179194769,42.34987915316002],[-71.12693732891681,42.350009053715944],[-71.12640060131642,42.35018704769664],[-71.1257970224766,42.35047129510192],[-71.12524127448319,42.35079904779249],[-71.12424480537176,42.35151858778276],[-71.12405370930759,42.35155253762298],[-71.12293615370174,42.351417160384464],[-71.12286685367474,42.35174732184603],[-71.12242360398089,42.351810604678214],[-71.11972359867832,42.35148860077641],[-71.11723759362954,42.351205597571195],[-71.11580859072511,42.351016596010425],[-71.11093658188854,42.35044558925772],[-71.10659820094777,42.34991488333555],[-71.10633884606146,42.35115928859844],[-71.11060963014619,42.35135489342875],[-71.11095599342987,42.35136242226463],[-71.11176905301599,42.35148843159395],[-71.1127673101257,42.351751910333626],[-71.11344469823605,42.352103211617454],[-71.11447071707961,42.35277988165438],[-71.11515827227154,42.35318930872138],[-71.11677329349308,42.3540813182633],[-71.11718231405041,42.35435269920155],[-71.11771465088688,42.35491124501835],[-71.11803192061923,42.355587058403394]]]},"properties":{"Ward_Num":25,"Shape_Leng":51200.5958315,"Shape_Area":62639533.3595}},
{"type":"Feature","geometry":{"type":"Polygon","coordinates":[[[-71.14013195699128,42.30214560371997],[-71.14605690216771,42.29787293000122],[-71.14687743502239,42.29728739400143],[-71.14914003663813,42.29613960505566],[-71.14987925650021,42.295744512845765],[-71.15214176486204,42.294593922175814],[-71.15233329401978,42.29471661412757],[-71.1538115805741,42.29583134916325],[-71.15706207475962,42.29821640460886],[-71.15944552732562,42.299997564914655],[-71.16462393241797,42.30376592205974],[-71.17871151809211,42.29448171467166],[-71.19082626918143,42.28331487791373],[-71.19080656695476,42.28265706037567],[-71.19054507940326,42.28217256951725],[-71.19000681171156,42.28183880357088],[-71.18844839802341,42.282224797073816],[-71.18839261634092,42.282146164831936],[-71.18988454202292,42.28175285853552],[-71.18901862182416,42.2812436776122],[-71.18863859517872,42.281122179455885],[-71.18808859698558,42.28077245709449],[-71.18708447738513,42.280491745520045],[-71.18662630929724,42.28040570470941],[-71.18630020134289,42.280143847928045],[-71.18609236890006,42.280175386310304],[-71.18553307010067,42.279991095778456],[-71.18518034892168,42.27973190788807],[-71.1850071209011,42.27934451281236],[-71.18448628616791,42.279377932257766],[-71.18416192390495,42.27921321733459],[-71.18392384057765,42.27879106430745],[-71.18362168175122,42.27854682876498],[-71.18316038418605,42.27842536383165],[-71.18285268059977,42.27825602757904],[-71.18283134259907,42.27794231407365],[-71.18309909042999,42.27767769731577],[-71.18322872077333,42.277248599420034],[-71.18344017791478,42.27693443244242],[-71.18316625340822,42.27651410091644],[-71.18252426903382,42.27632161129209],[-71.18175899268104,42.2764728881705],[-71.18120351905425,42.27671283174598],[-71.1804542870338,42.27756334454547],[-71.18027269744651,42.27759412346838],[-71.17921063108744,42.27746273638963],[-71.1784409816864,42.27774295235649],[-71.17805241863671,42.27800035836993],[-71.17774469616315,42.278055750224304],[-71.17677205980377,42.277995114827206],[-71.17582928797259,42.277731216429714],[-71.17551511325821,42.27745865964859],[-71.17521989097813,42.27695071266774],[-71.17523893704804,42.27676718270336],[-71.17435059273389,42.276414517722074],[-71.17385644479525,42.27593481493641],[-71.17376879396143,42.27544720884738],[-71.17403493831696,42.274997107791854],[-71.17460446451629,42.27418234522159],[-71.17465082781615,42.27400438271709],[-71.17458151894716,42.2734704563536],[-71.17441479026161,42.27305644380963],[-71.17419244487094,42.272895554857136],[-71.17344712633042,42.27176011532908],[-71.17327092104777,42.27103681054173],[-71.17292289507732,42.27060279777851],[-71.1727591791187,42.270253005142486],[-71.17277311755835,42.27005793510657],[-71.17314434816979,42.26950303308684],[-71.17344494538688,42.26917431969275],[-71.17395242884291,42.268919187125476],[-71.17426201419615,42.26863742173953],[-71.17432607778896,42.26832230340238],[-71.17417994664258,42.26756972239979],[-71.17396490133005,42.26721457190606],[-71.17317141158674,42.266836368867246],[-71.1728947358197,42.266756275795075],[-71.17231678669917,42.26670825180382],[-71.17189130693048,42.26661181494794],[-71.17138661389767,42.2663304698267],[-71.17111913523102,42.265617878689966],[-71.17110102598159,42.265192760652894],[-71.17081201824459,42.26514116586247],[-71.16919498938543,42.265418064789735],[-71.16910650645482,42.265311610937026],[-71.17018217205154,42.26520082676111],[-71.17084440447807,42.2649521879897],[-71.15856427373903,42.255117019316515],[-71.15228969299785,42.258311284969125],[-71.15187689206728,42.25837710895992],[-71.13198296370413,42.269404443811666],[-71.12065044518926,42.27568286646815],[-71.12028216467245,42.27757252714706],[-71.11995371306745,42.2790642050367],[-71.11965888191199,42.28155904474826],[-71.11951679613331,42.28578760585012],[-71.1194691025715,42.28879984137258],[-71.11939227492762,42.290235981211055],[-71.1201349048193,42.29073324532007],[-71.12035473507555,42.29110261105677],[-71.12085373632516,42.291178611889165],[-71.1222527391685,42.29160761402404],[-71.12246373902727,42.291748614273516],[-71.12359574350394,42.290711615873704],[-71.1258147529376,42.288614619688],[-71.12591475385972,42.28870361970278],[-71.12577875117745,42.28973361889655],[-71.12560474960306,42.290033618736935],[-71.12427874382662,42.291233616564405],[-71.12392174120214,42.291935616437904],[-71.12285573714094,42.293184614838516],[-71.12281073604196,42.29352761447418],[-71.12332673622988,42.293926614863246],[-71.12338273560249,42.294157614629775],[-71.12278873338903,42.29477761445827],[-71.12238973086428,42.29528061310326],[-71.1220107292209,42.29555161320893],[-71.12253873076271,42.295661613550486],[-71.12371173254655,42.29582061514415],[-71.12458773468822,42.29589361629628],[-71.1257077361922,42.29611161796945],[-71.12653473838168,42.296241618929976],[-71.12853774213463,42.29645162146092],[-71.12932674316745,42.296496622594056],[-71.12935074377138,42.296643622521934],[-71.12981974242481,42.297563623562944],[-71.12980074213225,42.2978816234015],[-71.13006874119884,42.298183623322636],[-71.12938873907986,42.29873362270507],[-71.1279257320855,42.300156620495656],[-71.12876073364758,42.30048662147807],[-71.13090473706748,42.30127462390443],[-71.13191273900217,42.30134562519428],[-71.13257873996783,42.301424626056196],[-71.13405274269036,42.301699628456035],[-71.13486674493964,42.301722629841215],[-71.13691775010595,42.30118863209288],[-71.13710375041568,42.30118463293816],[-71.13779675240785,42.301348633729084],[-71.13955675503244,42.301890636373685],[-71.14013195699128,42.30214560371997]]]},"properties":{"Ward_Num":23,"Shape_Leng":69337.6267912,"Shape_Area":204404146.021}},
{"type":"Feature","geometry":{"type":"Polygon","coordinates":[[[-71.08683264448263,42.29813156393975],[-71.08699264433223,42.2981415646648],[-71.09005965364359,42.297390568157134],[-71.09092165545422,42.29710756943252],[-71.09135065721313,42.29692157038015],[-71.09156865777676,42.29674857073129],[-71.09220866103026,42.29587857155462],[-71.09257666296674,42.29543157197498],[-71.09322666681004,42.29454057324077],[-71.09435167165452,42.29321757539268],[-71.09518767472244,42.29313657586647],[-71.09640267712423,42.29323457817058],[-71.09788468076147,42.293092579588176],[-71.09908368388767,42.293008581798155],[-71.09983768498923,42.29299858309506],[-71.10121768737007,42.293190584825446],[-71.10174068860277,42.29316758567329],[-71.10291069409487,42.29205858723416],[-71.10403469859521,42.291097588815916],[-71.10566670518068,42.289744590799856],[-71.10588470639564,42.28960659108398],[-71.10687170919594,42.289329592623226],[-71.10708971000889,42.289233593275895],[-71.10794771276878,42.2886155943646],[-71.10567871150533,42.28694059179412],[-71.10419871075095,42.28576158993499],[-71.10269471078826,42.284537587420125],[-71.10176271027224,42.28382658693634],[-71.09990470915956,42.28248458457252],[-71.09930170764932,42.2821385832058],[-71.09832070709436,42.281629582244456],[-71.09806570720637,42.28142258168681],[-71.09680770758055,42.27996258045241],[-71.09497670690838,42.27823857806932],[-71.0937637059525,42.277356576316116],[-71.09357670592337,42.27724757550901],[-71.09362370810258,42.276412576540324],[-71.09363671110226,42.275241576018026],[-71.09368371270773,42.27435057685421],[-71.09369571608234,42.27282557695936],[-71.09378272284872,42.2699165767991],[-71.09391044093013,42.26708976204494],[-71.09360621242425,42.26717470781964],[-71.0932360835268,42.26710671481015],[-71.09266374958207,42.266768801875365],[-71.09192731246671,42.26672859308609],[-71.09108886116134,42.26652418841958],[-71.09083590381924,42.26650545108376],[-71.09027093397798,42.266688116593016],[-71.09013442621553,42.267401102917184],[-71.08993696662823,42.26788336685625],[-71.09000066517622,42.26820273841614],[-71.09018927654972,42.26834500840944],[-71.09029111184746,42.268766049695515],[-71.09017148867403,42.26926725052863],[-71.08992950670884,42.26954875734969],[-71.08953840410673,42.26975124912249],[-71.08892216149833,42.269858810229934],[-71.0884105425184,42.269786451587414],[-71.08678016890471,42.26942879734423],[-71.08566179267179,42.26925709864433],[-71.08467855563492,42.26904334666963],[-71.08331343393039,42.268808438992544],[-71.08263541001644,42.268872109683876],[-71.08249603500654,42.26905326484213],[-71.08199225804726,42.26941777330253],[-71.08156393872363,42.269600619868896],[-71.08129530824245,42.26960403119121],[-71.08042429521463,42.26979678193126],[-71.0800291197131,42.26982826741891],[-71.07921721354536,42.26963128283964],[-71.07872923721392,42.269950007563786],[-71.07832364470441,42.269936172564016],[-71.07775828986458,42.270166520263395],[-71.07781062903435,42.27040737629558],[-71.07830947275478,42.27028901620765],[-71.07835424073716,42.270390712665495],[-71.07765397562056,42.27051738647702],[-71.07655547730016,42.2706335334376],[-71.0759146128947,42.2706616287528],[-71.07494093555655,42.27040117757113],[-71.07348127437128,42.2703798463136],[-71.07315886365572,42.27030373350566],[-71.07277129847174,42.27068455021346],[-71.07191898403315,42.27094700696195],[-71.07116447576139,42.270951326828445],[-71.07098642543887,42.27083650453832],[-71.07044739368555,42.270721430215325],[-71.06991360593939,42.27070516363089],[-71.06887576813244,42.27086344933192],[-71.06869509893787,42.2708084363048],[-71.06804807100343,42.27103486514089],[-71.06807410441569,42.27128083770038],[-71.06794644458297,42.27152540814655],[-71.06765790453653,42.27162942185324],[-71.06747021339316,42.271520046971254],[-71.06691445824382,42.27152783172753],[-71.06626885339934,42.271382698519744],[-71.06589946477334,42.2713689537449],[-71.06539872076796,42.27111322584101],[-71.06532694790603,42.27091071371747],[-71.06447609515658,42.27058038501989],[-71.06432048499369,42.27015911898946],[-71.06450686227014,42.27013595092205],[-71.06448761718768,42.269602967331366],[-71.06473687337105,42.26930096025673],[-71.06470137459021,42.26903628933615],[-71.06424968421412,42.268796657839715],[-71.0634407180756,42.26882569016248],[-71.06326260650698,42.268775892831975],[-71.06288911401198,42.268449291132754],[-71.06307330530703,42.268045504962835],[-71.06251977321863,42.267574697692474],[-71.06231324467424,42.267574733317716],[-71.06151039096329,42.26800387373626],[-71.06130231063962,42.26822754878915],[-71.06150222631268,42.26848928199139],[-71.06153531921868,42.268725677845005],[-71.0612184316611,42.26876261129156],[-71.06024707113568,42.26903248433832],[-71.05976652243639,42.26911982606372],[-71.05976519218997,42.26931136404465],[-71.06031130480639,42.26962546477056],[-71.06015726803327,42.26972723242568],[-71.0598231594737,42.26963594272435],[-71.05958482336165,42.269374061055984],[-71.05884707362706,42.26936135111472],[-71.05865018884792,42.269567225689784],[-71.05857118672385,42.26987618739551],[-71.05807831233861,42.2701931610687],[-71.05782043924088,42.27056015787835],[-71.05745441714402,42.27075303108396],[-71.05724755305667,42.270958044584084],[-71.05655319809965,42.27128877895324],[-71.05634663058561,42.271503393748226],[-71.05571496106339,42.27158739213881],[-71.05459700172726,42.272045722686705],[-71.05430320194363,42.27236894240621],[-71.054444416195,42.27256898867717],[-71.05485168699299,42.27266139782566],[-71.05533288261331,42.27285480560831],[-71.05603475672804,42.2728254143182],[-71.05624502392399,42.2726105380249],[-71.05759955390113,42.272614118103974],[-71.05758712042814,42.2727013333308],[-71.05683727631671,42.27266907958951],[-71.0563727394333,42.27273424400945],[-71.05603297352371,42.272921725853315],[-71.05572289394577,42.27298474071414],[-71.05439085172354,42.27288243423604],[-71.05464777499134,42.27318007420052],[-71.05554280977054,42.27384734968297],[-71.05603703650101,42.27439726598081],[-71.05627089979643,42.274401738900785],[-71.05665912418746,42.27463045357226],[-71.05690010124664,42.27467419163615],[-71.0568192594968,42.274926889135706],[-71.05646928768599,42.27467060867575],[-71.05625822776406,42.274839103862824],[-71.05637990566517,42.27545618317196],[-71.05614576120718,42.27633477397066],[-71.056197090281,42.27655066415853],[-71.05582365988866,42.27658214697765],[-71.05537795707212,42.27701262552912],[-71.05496092347883,42.277306827892055],[-71.05422898006498,42.27761133134847],[-71.05380842639246,42.277721932639814],[-71.05347347954422,42.277687742308444],[-71.05369691009449,42.277934641288525],[-71.05473929016385,42.27760462444561],[-71.05626136488226,42.27660807843308],[-71.0586246662423,42.27488490068997],[-71.0613008582096,42.27645551887911],[-71.0673272326591,42.274990789927735],[-71.0669776479775,42.27625353907035],[-71.06623064128652,42.27883153762353],[-71.06532263226885,42.28205353546156],[-71.06471462596637,42.284275534492025],[-71.06430362066617,42.28569853433204],[-71.06580462530182,42.28526853652576],[-71.06669662799196,42.28512953726493],[-71.06835762407056,42.28870753988412],[-71.07116863111001,42.287964543825225],[-71.07111962925876,42.28873454325873],[-71.07119162920799,42.289029543486826],[-71.07151262787158,42.28986854389596],[-71.07160262752868,42.290217543592874],[-71.07199662873268,42.29021654409892],[-71.0741456324111,42.29083954731982],[-71.07465263311971,42.29100354830505],[-71.07799663813562,42.29197455254737],[-71.07953464078044,42.29243855487957],[-71.08248564479203,42.29328655896988],[-71.08467264850941,42.29394956116881],[-71.08695465278402,42.29460656468598],[-71.08783965331799,42.29491056549705],[-71.08742065033111,42.29626156529351],[-71.08727164852345,42.29664656488405],[-71.08683264448263,42.29813156393975]]]},"properties":{"Ward_Num":21,"Shape_Leng":56885.8812745,"Shape_Area":81262612.6012}},
{"type":"Feature","geometry":{"type":"Polygon","coordinates":[[[-71.05347347954422,42.277687742308444],[-71.05315988150306,42.27783164622388],[-71.05232148106606,42.27808687888434],[-71.0515138635213,42.278273345960585],[-71.05138730207827,42.278351333917996],[-71.05053046502294,42.27839079244397],[-71.05006584200201,42.278617011222174],[-71.04891491556094,42.27849230173987],[-71.04810520312053,42.27808984358318],[-71.04785409814937,42.278014216907316],[-71.04727489427562,42.27808849480857],[-71.04726230710737,42.277885104659326],[-71.04660129912591,42.27751450680384],[-71.04597084558603,42.27710944963721],[-71.04518998480518,42.2768621310967],[-71.04466617311351,42.27683947393485],[-71.04435397492244,42.27703883094999],[-71.04410320201796,42.27702082237952],[-71.04337813051954,42.277544541300394],[-71.04286439908712,42.278070196542586],[-71.04266326784071,42.27818766706781],[-71.04211115774594,42.27870410896059],[-71.04184154867465,42.279144018039624],[-71.04241717530572,42.279055482472536],[-71.04279996571155,42.279214795073],[-71.04263256377988,42.2797780488267],[-71.04274297720886,42.28009570973797],[-71.04310873750832,42.28046515603602],[-71.04370424143252,42.28059402971622],[-71.04405455047822,42.28095545192179],[-71.04324573767,42.28078649190886],[-71.04287383890454,42.28060142777419],[-71.04236349575963,42.280500606963635],[-71.04170493199028,42.28066015876264],[-71.04174509367861,42.28139190520259],[-71.04167405846592,42.28176043389402],[-71.0417099613451,42.28210990765802],[-71.04152690704937,42.283199697701946],[-71.04156404127589,42.28353216054785],[-71.04127147441353,42.28382159553611],[-71.04089576163796,42.284364529563064],[-71.04061404793595,42.28448167694074],[-71.03951915164323,42.28538093547428],[-71.0389485294553,42.2857886197707],[-71.03846421367726,42.2860671238925],[-71.03920111819248,42.28671839953915],[-71.0390870314524,42.28682389861745],[-71.0385451207992,42.28678169827304],[-71.03797468822637,42.286517948691305],[-71.03773225448984,42.28666564766054],[-71.03841677280674,42.286929397013296],[-71.03808877331006,42.28741469046383],[-71.03763242684238,42.28743578922992],[-71.03704773386426,42.28727754117801],[-71.03683382032912,42.2877733815571],[-71.03774651155747,42.28800547732542],[-71.03752071418948,42.28841902458598],[-71.03811491559985,42.28849814816464],[-71.03809114680018,42.288717932271],[-71.03820998651153,42.28911354148509],[-71.03825752011502,42.28991354279035],[-71.03868534290447,42.2908278191392],[-71.03882795052942,42.291012431271774],[-71.03919635422594,42.29120583341363],[-71.03965982929249,42.291680546488465],[-71.03967171237495,42.29225195428721],[-71.03994504483958,42.29242777071377],[-71.03992127559603,42.29288489229949],[-71.04118929942729,42.29300137144322],[-71.04144064610567,42.29284533526403],[-71.042087137505,42.29271874906839],[-71.04198255853942,42.29223349664715],[-71.04159276614713,42.29115748674181],[-71.0416688268816,42.28966651507335],[-71.04157375557713,42.289434426875125],[-71.0418874929657,42.289293767430735],[-71.04185897007466,42.2898212411943],[-71.0419255205794,42.29020805155327],[-71.04185896742901,42.29100276484119],[-71.04209664697105,42.291635715632864],[-71.04237235614629,42.2917834039593],[-71.0423058050858,42.29191702569123],[-71.0425054550462,42.29246791875347],[-71.04305687332733,42.292678899084805],[-71.04368434773134,42.2932133772797],[-71.04459703888072,42.293565006200524],[-71.04526016569366,42.29399574803639],[-71.04503199257947,42.294280562921294],[-71.04538851256409,42.29437550186543],[-71.04555964132093,42.294850189854444],[-71.0467005049348,42.295525296623865],[-71.04702850268748,42.29583120204156],[-71.04739928376782,42.29602107386793],[-71.04741354311216,42.296443007614336],[-71.04762745558605,42.296358621372846],[-71.04808380307664,42.29581010672659],[-71.04851162842935,42.2956940747166],[-71.04868275953622,42.29496622824619],[-71.0490392806913,42.294850194047235],[-71.05045109970645,42.295160324087604],[-71.05086466287167,42.295571716007416],[-71.05177735395463,42.295888170203796],[-71.05217665671587,42.29608859037616],[-71.05240482996254,42.296299557415864],[-71.05203450065864,42.29676171460995],[-71.05052477844212,42.296181765020364],[-71.0501254768088,42.29575982853165],[-71.0497024065106,42.295791473665474],[-71.04930310289345,42.29593915064496],[-71.04914623292913,42.29625560188129],[-71.04907492833084,42.29661424395123],[-71.04913196972598,42.29721549391872],[-71.04876118721745,42.29775344791038],[-71.04874692677596,42.29790112166555],[-71.04833336186694,42.29820701426459],[-71.04794832015402,42.298323042061455],[-71.04719249768378,42.29802769592716],[-71.04613906888046,42.29849142988841],[-71.04649371568107,42.298934820891354],[-71.04519407907686,42.29949596425891],[-71.04484231200199,42.299531123096685],[-71.0446331536852,42.29934829425404],[-71.04409124271966,42.299425643922575],[-71.04386306941429,42.29958737678487],[-71.0439343724361,42.29987568207149],[-71.0443479346259,42.30029759102084],[-71.0443051517689,42.30067730574897],[-71.04390584757049,42.300993732899904],[-71.04339245889467,42.30104647025567],[-71.04334967494003,42.30167931901552],[-71.04384880174507,42.30243873110376],[-71.04652519569856,42.303036870220645],[-71.0464998868156,42.30268659604496],[-71.0461718885373,42.30259167006606],[-71.04604354192759,42.30232271351767],[-71.04622180210905,42.30200629277573],[-71.04607919524796,42.30174612356099],[-71.04633603473208,42.30156057135432],[-71.0473835247423,42.30145025472365],[-71.04781134976453,42.301283252886456],[-71.04810845143727,42.30098440724512],[-71.04847685520227,42.30094045922592],[-71.04882149226741,42.3007822466463],[-71.04929453540504,42.300808103191635],[-71.05023574811403,42.301321417647635],[-71.05094336823689,42.301898130638214],[-71.05104379977502,42.30244347234454],[-71.05069916133135,42.30308509686027],[-71.05118640548106,42.30328725133381],[-71.05146899747623,42.30300691638117],[-71.05179501033464,42.303216813168895],[-71.05162666384167,42.30337763514171],[-71.05185619120752,42.30350906020038],[-71.05155549821083,42.30400373671435],[-71.05169375066764,42.30408289790933],[-71.05231592132995,42.303488542554554],[-71.05290536789863,42.30382605036759],[-71.0520870723307,42.3049083467167],[-71.05293665751765,42.30531142530756],[-71.05398591519251,42.304101773958344],[-71.05414692876104,42.30417816660988],[-71.05381805836267,42.304557311922004],[-71.05432193946292,42.304796375906584],[-71.05466419995169,42.30436746742556],[-71.0547782867384,42.30440965575392],[-71.05387509873856,42.30567527894577],[-71.05493039802941,42.30610418057978],[-71.05531069021912,42.3044870004176],[-71.05537684856063,42.30453898782858],[-71.05543256031025,42.30432252077771],[-71.05568239449443,42.30321674077488],[-71.05569035911266,42.30177110700947],[-71.05612956154346,42.30106906719117],[-71.05693233439938,42.30058061182873],[-71.05815117653319,42.30031412808509],[-71.06028598514065,42.30033294698225],[-71.06095452190361,42.30025559816051],[-71.06297305174138,42.299745627433154],[-71.06440359138848,42.299253533467855],[-71.06501838730551,42.2987624522679],[-71.06595774972595,42.29771653330465],[-71.06651654049222,42.29616229442284],[-71.06638245052966,42.2953140177924],[-71.06595629736762,42.29413957959727],[-71.06583090035946,42.29358446791654],[-71.06559461034946,42.29202353516003],[-71.06735961558284,42.2915085382432],[-71.06985762260258,42.29071354093733],[-71.07040362374845,42.29058754188411],[-71.07073062571422,42.290421542437436],[-71.07077962600322,42.29014754283573],[-71.07160262752868,42.290217543592874],[-71.07151262787158,42.28986854389596],[-71.07119162920799,42.289029543486826],[-71.07111962925876,42.28873454325873],[-71.07116863111001,42.287964543825225],[-71.06835762407056,42.28870753988412],[-71.06669662799196,42.28512953726493],[-71.06580462530182,42.28526853652576],[-71.06430362066617,42.28569853433204],[-71.06471462596637,42.284275534492025],[-71.06532263226885,42.28205353546156],[-71.06623064128652,42.27883153762353],[-71.0669776479775,42.27625353907035],[-71.0673272326591,42.274990789927735],[-71.0613008582096,42.27645551887911],[-71.0586246662423,42.27488490068997],[-71.05626136488226,42.27660807843308],[-71.05473929016385,42.27760462444561],[-71.05369691009449,42.277934641288525],[-71.05347347954422,42.277687742308444]]]},"properties":{"Ward_Num":20,"Shape_Leng":54699.5555327,"Shape_Area":58621985.3703}},
{"type":"Feature","geometry":{"type":"Polygon","coordinates":[[[-71.10794771276878,42.2886155943646],[-71.1126287151558,42.29219060013745],[-71.1134007159522,42.29311760122598],[-71.11422071971923,42.29202160265406],[-71.11443272113232,42.29157160266473],[-71.11448472275825,42.291187602832615],[-71.11440272319976,42.29064860296531],[-71.11466872360586,42.29062860348019],[-71.11653372966641,42.289759606673755],[-71.1162707313073,42.289125606026836],[-71.1163097321472,42.28870160642528],[-71.1164627329653,42.28838560597467],[-71.11799970352047,42.28945125657243],[-71.11939227492762,42.290235981211055],[-71.1194691025715,42.28879984137258],[-71.11951679613331,42.28578760585012],[-71.11965888191199,42.28155904474826],[-71.11995371306745,42.2790642050367],[-71.12028216467245,42.27757252714706],[-71.12065044518926,42.27568286646815],[-71.13198296370413,42.269404443811666],[-71.15187689206728,42.25837710895992],[-71.15228969299785,42.258311284969125],[-71.14895867733402,42.256793516641025],[-71.14663525203127,42.2557197424814],[-71.14436690124452,42.24445465711736],[-71.14291791713926,42.23687388429959],[-71.14272565441752,42.236064039905465],[-71.13083458734627,42.22788700884824],[-71.13046062504677,42.22825544086778],[-71.13025263843313,42.2285906524626],[-71.13000080428229,42.22878330280147],[-71.12961451124691,42.22879632517197],[-71.12925252987228,42.229008102612646],[-71.12897892089121,42.229450945665555],[-71.12896192559975,42.22970472303023],[-71.12873996967133,42.22996442389307],[-71.12836225981746,42.230149250963606],[-71.12774624751385,42.23092329865734],[-71.12768062124586,42.23109514137375],[-71.12737286647258,42.23125001033796],[-71.12656044193314,42.231325850982905],[-71.12628347649269,42.23151841133175],[-71.12613573803252,42.23177533014951],[-71.12582912435933,42.23192306017118],[-71.12552810096292,42.231937171605914],[-71.12528156447446,42.23210403508965],[-71.12498860136489,42.232565464136826],[-71.12460020173187,42.23292943806341],[-71.12484437253629,42.23366264814028],[-71.12461365372616,42.23414952692614],[-71.12407138501173,42.23436783105464],[-71.12307091376684,42.234265485087434],[-71.12260717711158,42.23444123256467],[-71.12258861335062,42.23489203107132],[-71.12273737055604,42.23527395459892],[-71.12375007722748,42.23599267822896],[-71.124218888792,42.23639513417928],[-71.1245462078724,42.23680809814364],[-71.12474477081008,42.2372631776943],[-71.1249784591778,42.23752408673993],[-71.12534314191076,42.237677576484295],[-71.1255843581618,42.237665740738144],[-71.12589047885831,42.23798149133734],[-71.12618387525524,42.23870141220593],[-71.12652381779338,42.23917039414693],[-71.1267604427685,42.23975017528],[-71.12682107914932,42.240427625716826],[-71.12702493322486,42.24105559728364],[-71.12743731920268,42.24145428727628],[-71.12799089232128,42.24152029490671],[-71.12833579744628,42.2418402814858],[-71.12840273289405,42.242076767805166],[-71.12832621494925,42.24240334657207],[-71.12783343068376,42.243429975704],[-71.12721395717892,42.24458104788679],[-71.12709134655414,42.244203882239766],[-71.12741086515953,42.24350351864127],[-71.12762906501486,42.2431381606642],[-71.12797030690274,42.24238435722802],[-71.12813749153972,42.24227815191565],[-71.12810753483133,42.2419081459562],[-71.12766404756061,42.24164738675629],[-71.12724858112603,42.24152063081543],[-71.12704710656358,42.241366579565124],[-71.12682820064941,42.241037120778294],[-71.12662864326879,42.24049560197108],[-71.1264790455215,42.23943560420851],[-71.12631970165121,42.23921500587137],[-71.12560788408116,42.23955927117228],[-71.12134740367819,42.2417674895332],[-71.11450994526516,42.24529837617008],[-71.10933222596772,42.24794569032497],[-71.10957663933141,42.25539302067034],[-71.11285348237033,42.25853683285663],[-71.11316204014463,42.25882299037265],[-71.11331189718153,42.25866131417463],[-71.11398786079404,42.25818528654269],[-71.11504236183069,42.25735927514246],[-71.11536978044357,42.25697345085534],[-71.11562663659379,42.25695290478518],[-71.11552268008803,42.25728240277798],[-71.11525660075421,42.25760504524683],[-71.1129767879797,42.25933551792524],[-71.11257363350752,42.259718337350236],[-71.11257442558815,42.259830574895645],[-71.11190151672406,42.26058733073276],[-71.11150891827445,42.260873040847265],[-71.11078836561829,42.261202914387795],[-71.11033693555228,42.261262026425086],[-71.10993291557276,42.26124117237994],[-71.10911276526689,42.26136571071987],[-71.10849919114386,42.261239858030926],[-71.10826428251993,42.26105355295162],[-71.10757829163312,42.260810548772646],[-71.10701932555783,42.26081576945655],[-71.10585469579124,42.26096874086815],[-71.10525034040036,42.260965841064746],[-71.10477651995399,42.26076443792463],[-71.10393234890986,42.25994459799386],[-71.10353992044165,42.25978463252592],[-71.1031007044785,42.259841015974146],[-71.10239236684653,42.26010309785945],[-71.10222571190613,42.260286927527005],[-71.10048352873017,42.261342309290264],[-71.10014616129502,42.26158948046797],[-71.09909343554926,42.2626187011246],[-71.09855006253002,42.26284209464287],[-71.09785343223548,42.26293954508097],[-71.09747131726216,42.263249117498134],[-71.09704189042421,42.26402639462362],[-71.096557327867,42.264757927102906],[-71.09557688916723,42.26555741226298],[-71.09538833496323,42.26575185581501],[-71.09461477296448,42.26689590294889],[-71.09427850488346,42.26713619856112],[-71.09391044093013,42.26708976204494],[-71.09378272284872,42.2699165767991],[-71.09369571608234,42.27282557695936],[-71.09368371270773,42.27435057685421],[-71.09363671110226,42.275241576018026],[-71.09362370810258,42.276412576540324],[-71.09357670592337,42.27724757550901],[-71.0937637059525,42.277356576316116],[-71.09497670690838,42.27823857806932],[-71.09680770758055,42.27996258045241],[-71.09806570720637,42.28142258168681],[-71.09832070709436,42.281629582244456],[-71.09930170764932,42.2821385832058],[-71.09990470915956,42.28248458457252],[-71.10176271027224,42.28382658693634],[-71.10269471078826,42.284537587420125],[-71.10419871075095,42.28576158993499],[-71.10567871150533,42.28694059179412],[-71.10794771276878,42.2886155943646]]]},"properties":{"Ward_Num":24,"Shape_Leng":74725.4721772,"Shape_Area":167859894.15}}
]}